date,landed_gold_24k,landed_silver_10g,ma_7,price_to_ma_7,ma_15,price_to_ma_15,ma_30,price_to_ma_30,ma_50,price_to_ma_50,ma_200,price_to_ma_200,golden_cross,ret_1d,ret_3d,ret_5d,ret_10d,ret_15d,ret_30d,rsi_14,macd_line,macd_signal,macd_hist,vol_15d,vol_30d,bb_width,bb_pct_b,gold_silver_ratio,gold_silver_ratio_ma30,gold_oil_ratio,crude_ret_15d,yield_10y,yield_10y_delta_15d,usdinr_ret_15d,target_5d_ret,target_5d_dir,target_15d_ret,target_15d_dir
2024-07-01,73974.40572317415,926.6963622851348,73914.05100243924,1.000816552738165,74072.59975830508,0.9986743541410544,74256.46047922256,0.9962016132437752,74298.756926961,0.995634500263501,67414.88339355179,1.097300803612304,1,-0.0012983339116880988,0.010539252288032541,-0.004674120517616842,0.0020354765740022707,0.0031872708417246542,-0.04007219854188282,48.91219796941821,-100.64038158395851,-66.2722444791081,-34.36813710485042,0.15368181528451097,0.18618702388373198,0.0330023158854732,0.41898143749528566,79.82593730942939,78.1556933343252,28.05109114128474,0.07254951819695044,4.479000091552734,0.010000228881835938,-0.0019167656942327138,0.011785676935327505,1,0.02831303677527841,1
2024-07-02,73865.78260414561,929.1945036682255,73903.74667373176,0.999486303857452,74081.74223519673,0.9970848467579843,74162.72942658201,0.9959960100614911,74294.22784895501,0.9942331287744123,67486.40333725578,1.0945283635136045,1,-0.0014683878561325692,-0.0030315707291683758,0.0008862796205690859,-0.006571404981473905,0.0018600254017464568,-0.036672084048991915,48.24732464126821,-107.6473034665687,-74.54725627660022,-33.10004718996848,0.1538395860665044,0.18585880343683084,0.03315151972900325,0.37787199733422144,79.49442480559847,78.26806146720698,28.17775596074051,0.06302947286956995,4.435999870300293,0.03200006484985263,-0.0010595138037294838,0.014983576481277572,1,0.034514355816659625,1
2024-07-03,75039.3752997773,967.4613641961955,74006.25818099764,1.0139598615599907,74105.55776131454,1.0126011808921334,74142.83238636289,1.0120921049892249,74317.33742629798,1.0097156047092697,67562.82136012256,1.1106607715477614,1,0.01588817791210695,0.01307943472449491,0.025087440261010396,0.010858613738249145,0.004783377662304078,-0.007891862942306926,55.31481331121127,-18.290377045384957,-63.29588043035717,45.005503384972215,0.1586556079909724,0.18837720399139554,0.0315313150890167,0.8805530952442887,77.56317520717376,78.30474429372332,28.247496183828897,0.06853499685882758,4.355000019073486,0.059999942779541016,-0.0014079326835323425,0.004514262762237875,1,0.022321753506466147,1
2024-07-04,75050.2521886714,967.6015968370679,74184.81208853096,1.0116660011096021,74211.56979485051,1.0113012350518837,74183.45364924874,1.0116845266266656,74337.05522766343,1.0095940975711741,67641.50809700921,1.109529552195034,1,0.00014494908640494408,0.014543495888608593,0.01295524670607362,0.001028475312308208,0.02164686838102381,0.01650563783678094,55.37563749895686,52.79472028523742,-40.077760287238256,92.87248057247567,0.14074200950590185,0.1745107059205859,0.027934291039359446,0.9490045827689595,77.56317520717376,78.31764800249945,28.247496183828897,0.0669040234428715,4.355000019073486,0.11700010299682617,-0.0005159371515666145,0.02221504623261339,1,-0.003714954651368063,0
2024-07-05,75948.64909925204,994.2345929675253,74577.06169240586,1.0183915452784036,74312.49325045616,1.0220172379801808,74256.29465950886,1.0227907202682711,74372.45986854742,1.0211931840561752,67726.76526279408,1.1213978521571983,1,0.011970604819849795,0.02819798859058631,0.025355211049946202,0.027194927678509062,0.020337958719650828,0.029624851228513993,60.19508924945134,179.55351339359186,3.8484944489277666,175.7050189446641,0.13887044588627542,0.17750543500679297,0.034789213502689376,1.1628998201703018,76.38906313865613,78.2982835439876,28.832369475177394,0.06003832883479454,4.271999835968018,0.05900001525878906,-0.00034364295697730807,0.00989604121937604,1,-0.00406055717806364,0
2024-07-08,74846.24417051033,969.5969140244599,74685.04044955243,1.0021584472604896,74380.63363390173,1.0062598355762915,74299.30287583536,1.007361324716451,74377.38202668758,1.006303826930269,67810.04731947713,1.1037633378706135,1,-0.014515135447650374,-0.002573730504757288,0.011785676935327505,0.007056468743333433,0.013845142978640368,0.017541009985287737,52.677049261493885,188.87863033506437,40.85452162615509,148.0241087089093,0.14876624317306789,0.18286865458288065,0.03490156235246376,0.7137675869662369,77.19315427418705,78.30572212332677,28.707639346605546,0.024897298075584384,4.269000053405762,-0.009999752044678623,-0.0009539504983060443,0.028264233433946906,1,0.009132192677850037,1
2024-07-09,74972.55620714425,974.3044667028023,74813.89504181073,1.0021207446189622,74421.8443511252,1.007399868423319,74320.62918066894,1.0087718179146534,74418.6562683547,1.0074430252649575,67893.72485457745,1.1042634112022731,1,0.0016876202411195695,-0.0010352527707944148,0.014983576481277572,0.015883135740325294,0.008313708350674354,0.008607094425436168,53.395276349512685,204.10834447554953,73.50528619603398,130.60305827951555,0.1463123745907836,0.18048029872728535,0.03502167097737534,0.7374785073061525,76.94982294233613,78.41380219469282,29.086104849504565,-0.0019614568262036336,4.300000190734863,0.08300018310546875,-0.0006286408822496758,0.04381270545153204,1,0.01923248834943503,1
2024-07-10,75378.12275739468,973.2922517258877,75014.42604669937,1.0048483569076285,74498.16556698574,1.0118117967564948,74369.76166851685,1.013558751114093,74462.08362136714,1.0123020884116742,67980.94070957025,1.1088125873313057,1,0.005409533444876491,-0.007512001182690908,0.004514262762237875,0.029714954320618325,0.015421895136135344,0.019944410062133322,55.71912699781732,246.06732287368504,108.01769353156419,138.04962934212085,0.14723089397560382,0.18009630931547327,0.036944174714317296,0.8599262352028928,77.44654559951286,78.57197699466029,28.985383622059377,0.006497471880344996,4.28000020980835,0.06300020217895508,0.0014260601884514834,0.034154913128689346,1,0.02267069126389787,1
2024-07-11,76717.49701081203,994.4544073685005,75421.81381908029,1.0171791571446398,74614.4557569855,1.028185439838575,74457.0372816671,1.0303592489262463,74534.79751732395,1.0292843016442188,68074.56262517616,1.1269627604252788,1,0.01776873984681382,0.025001292463503244,0.02221504623261339,0.03545809434321745,0.023266369171533796,0.03533462417085498,62.389001207887986,382.98165012062236,163.0104848493758,219.97116527124655,0.15874842321700414,0.1867133752479549,0.04437698924516661,1.154599051401575,77.14531349041552,78.6553817289695,29.313723333356215,0.005476507090963922,4.192999839782715,-0.06100034713745117,0.0009158620558460395,0.015170571115265652,1,0.02704197648676887,1
2024-07-12,76700.24006129417,978.6275200315074,75659.0802135827,1.0137612014945505,74798.6109007319,1.0254233218727282,74566.13551890018,1.0286202916048004,74607.80086406632,1.028045850071901,68166.76429376975,1.1251852842940993,1,-0.00022494150865515206,0.023044216998236555,0.00989604121937604,0.035502168482998586,0.037360091023149744,0.04457398585394201,62.25887956575456,484.5096239266859,227.31031266483785,257.19931126184804,0.1441371651422545,0.184219559010339,0.0511832768072729,1.032534709642693,78.37531490667811,78.712193824023,29.445322687026245,0.018332660299734238,4.189000129699707,-0.06799983978271484,-0.0009939925143931383,-0.007074170534303592,0,0.023036915451293494,1
2024-07-15,76961.71588739981,971.8678878171893,75932.14645625818,1.0135590718712888,74974.60564329749,1.0265037772063288,74631.16702931552,1.0312275547985046,74672.19667938337,1.0306609328482306,68257.61271649742,1.1275184235794211,1,0.003409061378382816,0.02100865704896826,0.028264233433946906,0.040383023493351544,0.035520147857061035,0.026008869093152143,63.5010303159121,579.3913260119298,297.72651533425625,281.66481067767353,0.14371947144103003,0.17430066066973424,0.05676017234994537,1.0038333233619516,79.18948331315514,78.7743599492165,29.653275469668642,0.0034301901030588944,4.229000091552734,-0.01900005340576172,-0.000504989452832838,-0.011601483728122641,0,0.008972097493815667,1
2024-07-16,78257.3067291963,989.2360042274512,76261.95468910737,1.0261644492096125,75271.73443618134,1.0396639231894709,74773.10589869198,1.0465969788017762,74765.29627425892,1.0467063013049231,68352.68634371545,1.1449046250453843,1,0.016834225002103853,0.020071167313595373,0.04381270545153204,0.05945275295579444,0.060391724339694974,0.05754345312676756,68.95349907968446,750.478067720469,388.27682581149884,362.20124190897013,0.14884494210559532,0.17468401439188055,0.06945683027349157,1.1218614844575887,79.10883388014477,78.75781249537125,30.557206333832745,-0.000866011298261804,4.166999816894531,-0.0710000991821289,0.0015240432633758516,-0.023538942222348647,0,-0.009776882806275089,0
2024-07-17,77952.65599197718,955.02224443868,76705.72780645978,1.0162559983612123,75588.384710838,1.031278235276275,74859.26048802932,1.0413228167601591,74853.55725458925,1.0414021571058725,68444.41287342912,1.1389192005508353,1,-0.003892936646456957,0.016328709397547714,0.034154913128689346,0.03882336014341159,0.06488477913275159,0.03429356029271946,66.440097467007,851.6653071986075,480.9545220889206,370.71078510968687,0.1436239240839213,0.16815659930175808,0.07674027743942315,0.9764356876684624,81.62391655621353,78.83458228464352,29.691007213264218,0.024103793714001398,4.145999908447266,-0.1700000762939453,0.0013787214457678942,-0.015884901389460082,0,-0.0063814320954823645,0
2024-07-18,77881.34525499973,951.0059880947817,77121.26909901055,1.0098555970988157,75841.11486980568,1.0269013764987034,74934.26810745228,1.0393288307469886,74929.0914437506,1.039400635378922,68536.57725399724,1.1363471649068597,1,-0.0009147954751508314,0.011949179627769757,0.015170571115265652,0.037722632286579794,0.051166585000328446,0.029752682251657836,65.83517329642926,915.5488655813097,567.8733907873984,347.67547479391123,0.14064996354780585,0.16811504633884797,0.08282355017935486,0.9058628636225272,81.89364339169781,79.01383229578582,29.65950146541236,0.013212648143870132,4.189000129699707,-0.0989999771118164,-9.931492781867224e-05,-0.039931274165854735,0,0.007252403341138081,1
2024-07-19,76157.64948307855,923.3769196870078,77232.63005982255,0.9860812641507697,75980.25323125516,1.0023347678413688,75018.59224909643,1.0151836658064701,74948.2649277811,1.0161362582104174,68610.7250948806,1.1099962779545245,1,-0.022132331770559954,-0.026830175147522728,-0.007074170534303592,0.0027518644018722505,0.02817684955450872,0.03435821722930421,53.22134540983494,817.663684610161,617.831449551951,199.83223505821002,0.17514622440462674,0.16229479262891783,0.08127546288386424,0.6138361415924469,82.47731544586918,79.12118071476428,29.940099586412696,-0.017292171281308777,4.238999843597412,-0.10400009155273438,0.0026770704463929818,-0.006793726166741454,0,0.03484732010809832,1
2024-07-22,76068.84579284374,925.1384941034052,77139.96560011279,0.9861145931433047,76119.88256923314,0.9993295210834964,75096.2411637691,1.01295144222936,74984.76370105644,1.0144573649136142,68685.49304221116,1.1074950826384122,1,-0.0011660508279545123,-0.024166081003414663,-0.011601483728122641,0.016334842661552385,0.02831303677527841,0.031590548933557505,52.66153941057648,724.5708560287167,639.1793308473041,85.39152518141259,0.17510342689132652,0.16243229551836114,0.08019802573776666,0.5861572166009213,82.22427914855463,79.2563711205318,30.016294657593924,-0.043175804661873096,4.260000228881836,-0.21899986267089844,0.004351822914402614,-0.007086886802817993,0,0.048383617246035016,1
2024-07-23,76415.21250762112,924.740548866641,77099.24737815947,0.9911278657859879,76289.84456279819,1.0016433110532783,75185.79339899746,1.0163517474917019,75017.82510853204,1.01862740484768,68762.07570294205,1.111298804267359,1,0.004553332066068672,-0.01882521087146327,-0.023538942222348647,0.019242458486954828,0.034514355816659625,0.036438578796949894,54.66453323937635,671.0080546889949,645.5450756156422,25.4629790733527,0.17474518493649832,0.1626929307240983,0.07759920630816637,0.6256064091324244,82.63421842878232,79.34880071538186,31.27988666105037,-0.07064362572866667,4.238999843597412,-0.19700002670288086,0.002756469020513963,-9.781909531825228e-06,0,0.0444708935249396,1
2024-07-24,76714.38573849812,924.6247632614998,77063.91449974498,0.9954644302263155,76401.51192537956,1.0040951259370907,75253.53484334705,1.0194123890418183,75034.35402804456,1.0223901669070896,68834.76733391947,1.1144714903495554,1,0.003915100423847795,0.007310313004647906,-0.015884901389460082,0.017727464312214503,0.022321753506466147,0.02721190454587652,56.381293027135285,645.2617523453373,645.4884109615813,-0.22665861624398076,0.16461017722372015,0.15912362254907472,0.07186499160604422,0.6579885825779687,82.96812802770154,79.51322081640278,31.13416761383513,-0.07498809157711361,4.285999774932861,-0.069000244140625,0.002727620103250228,0.004857122486150223,1,0.02864184484721144,1
2024-07-25,74771.44390521674,883.4372132332417,76565.93409631932,0.976562812009253,76382.92470648259,0.9789026041165837,75297.24725066657,0.9930169645684469,75020.13703787325,0.996684981626587,68895.80118670533,1.0852830305665306,1,-0.025326955493125247,-0.01705562736103794,-0.039931274165854735,-0.025366483285045427,-0.003714954651368063,0.017851496595276073,44.57562358179495,462.74422674486414,608.9395741182378,-146.1953473733737,0.19814244672571008,0.16938509002664867,0.06980884029574125,0.2893820844735456,84.63696432808852,79.66916605918783,30.065151209383735,-0.06676202500582351,4.25600004196167,-0.0989999771118164,0.00301580163823556,0.05377247844754973,1,0.061908069557271794,1
2024-07-26,75640.25526698784,885.0640730388195,76235.59113560655,0.9921908407903633,76362.36511766497,0.9905436421519362,75337.42918406056,1.0040195967158294,75001.91637169113,1.008510967801586,68959.53704555969,1.09687881484782,1,0.011619561110421062,-0.010141400058999994,-0.006793726166741454,-0.013819836723578227,-0.00406055717806364,0.016194818097320818,49.65236494741904,383.7796161536535,563.907582525321,-180.12796637166753,0.1977599771736009,0.16838151554387615,0.06612527514934176,0.43521293044002063,85.46302755750341,79.85473605760585,30.857956025971124,-0.07215006897280607,4.199999809265137,-0.07200002670288086,0.0029248019421679317,0.03737324430905309,1,0.06853661254301069,1
2024-07-29,75529.75449348884,879.973369888595,75899.64959824785,0.9951265242103627,76407.93247253021,0.9885067171611129,75394.28305321597,1.001796839691111,74971.26209653974,1.0074494197020445,69023.61965290671,1.0942595429405033,1,-0.0014608725619573715,-0.015442100377984103,-0.007086886802817993,-0.01860615212901473,0.009132192677850037,0.023103772169823955,49.037140100675856,308.72432260614005,512.8709305414848,-204.14660793534472,0.1877332145002605,0.16644425009782968,0.061613533953047826,0.39035722211608137,85.83186386688557,80.06845526029834,31.365256897138817,-0.0791935397480048,4.177999973297119,-0.09100008010864258,0.003063288929430197,0.028101103020625295,1,0.07082895389210875,1
2024-07-30,76414.46502092552,901.2458556460164,75936.337532226,1.0062964254563451,76504.0597267823,0.9988288895232913,75462.95203895374,1.012609008212144,74965.997113291,1.0193216653337587,69092.88524055206,1.105967202771788,1,0.011713403987205329,0.021973911829114012,-9.781909531825228e-06,-0.02354849387607716,0.01923248834943503,0.0277060899991044,53.95623618668425,316.97729056123353,473.69220254543455,-156.71491198420102,0.19312959767706114,0.16845626914742015,0.05539020077986433,0.5577291706597485,84.78759102138382,80.2432933149411,32.18252230607824,-0.08205380180181532,4.14300012588501,-0.15700006484985352,0.0035095674129750343,0.014103732733711682,1,0.062162692388370466,1
2024-07-31,77086.99690647978,914.2425664803798,76081.78769131684,1.0132122186618606,76617.98467005463,1.0061214379162398,75558.0751185202,1.020235054764978,74995.01132129358,1.0278949965914894,69164.28492852497,1.1145491778906154,1,0.008801107033466593,0.019126609691960672,0.004857122486150223,-0.011104933815038964,0.02267069126389787,0.03844221142336868,57.328098829336625,373.4802815040457,453.64981833715683,-80.16953683311112,0.1949080072824291,0.16976736397977665,0.05445775541137869,0.6959031090743392,84.31788206992815,80.40247440453533,31.14490933016032,-0.05103526053453533,4.109000205993652,-0.17100000381469727,0.0029463812345378315,0.004776544934923521,1,0.050372637733448355,1
2024-08-01,78792.08976110218,899.8140123316701,76421.34158467129,1.031022069585159,76756.2908534073,1.0265228932385873,75685.3733051964,1.0410477787217638,75094.2208304737,1.0492430561198107,69243.1224259348,1.13790492110435,1,0.022119072256647776,0.043192716426670996,0.05377247844754973,0.011694000702228147,0.02704197648676887,0.05093751426637194,64.43856634476344,549.5116242752265,472.82217952477083,76.68944475045566,0.20210037577713902,0.17857500899453113,0.05957114777722118,1.0119218688496905,87.56486193646691,80.75545087904564,32.50950240026887,-0.07637381963472911,3.9760000705718994,-0.21699976921081543,0.0026575353105247057,-0.004390257684643073,0,0.016540893356054465,1
2024-08-02,78467.17700668011,897.394064564574,76671.74033726871,1.023417189456161,76874.08664976637,1.02072337280795,75836.34877524913,1.0346908609646777,75188.29599477834,1.0436089283381218,69319.73911642833,1.1319600738093933,1,-0.00412367225450172,0.02686287190772685,0.03737324430905309,0.030325614554513214,0.023036915451293494,0.061257667732596,62.30796052463701,655.2467115719774,509.3070859342122,145.93962563776518,0.20345035915743967,0.17338849797765082,0.06349904294432433,0.8867609361240015,87.43893023403861,81.04245989527632,33.593582175815506,-0.10570493295440953,3.7920000553131104,-0.3970000743865967,0.0026987457770151213,0.004388618015228385,1,0.033395761142696045,1
2024-08-05,77652.22390563291,860.1340676872398,77083.28033732816,1.0073808946092455,76920.12051764858,1.0095177098405137,75947.36308047302,1.0224479265113318,75270.22051927669,1.031646026408893,69390.66141297229,1.1190587079649332,1,-0.010385910799082465,0.007332326096953334,0.028101103020625295,0.02081506688166579,0.008972097493815667,0.04481093558044513,57.19939233519424,665.6098891531583,540.5676465780015,125.04224257515682,0.20901901591323885,0.17677410368620014,0.06074947585812898,0.6985854866311972,90.27920974175473,81.40173933199868,33.51247354665033,-0.10951044829280776,3.785000085830689,-0.44400000572204545,0.0025741805669829976,0.02700641013125349,1,0.04630807629988265,1
2024-08-06,77492.19421257022,863.517215859179,77347.84304383994,1.0018662597824282,76869.11301654018,1.0081057419759216,76070.42372636076,1.0186901875467897,75333.40906228537,1.0286564112411265,69463.0137282894,1.1155892906646356,1,-0.002060851383434592,-0.01649779251284289,0.014103732733711682,0.014093812862742361,-0.009776882806275089,0.050024398722081864,56.22455021076392,653.3779885048862,563.1297149633784,90.24827354150773,0.19671379001225478,0.175271459432226,0.05725434818962575,0.6453623523889903,89.7401844300318,81.69885489074646,33.218581953525934,-0.09361076012895153,3.888000011444092,-0.27899980545043945,0.004964862156733529,0.02995490188076788,1,0.04839867487544658,1
2024-08-07,77455.20641110188,854.3509560652896,77622.90760349894,0.9978395399299691,76835.94971114848,1.0080594656834645,76212.16721099326,1.016310246061725,75404.43022806825,1.0271970251194904,69536.32831526014,1.1138811652513425,1,-0.00047731002901885144,-0.0128967376447362,0.004776544934923521,0.009656867684883164,-0.0063814320954823645,0.05808928922520318,55.98704505166216,633.398093708849,577.1833907124726,56.214702996376445,0.19617669626840792,0.17295169548681338,0.05459903960445863,0.618706172389252,90.65970589526192,82.05362505272502,32.332843197822804,-0.09197338874505434,3.9679999351501465,-0.17799997329711914,0.004852128056795912,0.018803395262254385,1,0.043166452936499455,1
2024-08-08,78446.17218353941,875.7640938113165,77913.15148387235,1.0068412160144413,76873.6048397178,1.0204565318239003,76357.35985476174,1.0273557432152025,75491.36909941294,1.0391409391480946,69606.40161822551,1.1269965169841407,1,0.012794049856091894,0.01022441133007801,-0.004390257684643073,0.049146145726179924,0.007252403341138081,0.0587900690534775,60.7685659799143,689.5775187359395,599.662216317166,89.91530241877354,0.20338722498958597,0.17330518528063882,0.05709584467975719,0.81901804265102,89.57454722685638,82.3460802708711,32.331014173285915,-0.080053094395656,3.996999979019165,-0.192000150680542,0.004430908195591776,0.012164104956281951,1,0.039366922127448634,1
2024-08-09,78811.53947329574,875.8360283622321,78159.51470770322,1.008342231499657,77050.53083906561,1.0228552433715001,76515.39203516039,1.0300089612960517,75599.05402999283,1.0424937254112783,69684.763039715,1.1309723393674906,1,0.004657554085640836,0.01702552462389173,0.004388618015228385,0.04192587921754365,0.03484732010809832,0.06400605735867071,62.390878125839414,754.8804130968492,630.7058556731026,124.17455742374659,0.17759383056347716,0.17334202405995944,0.06037774574530418,0.8570395869614296,89.9843542835318,82.67816225550038,32.18896434397539,-0.041058293127384404,3.941999912261963,-0.2969999313354492,0.003760978715201979,0.02553994852824948,1,0.02077079450607222,1
2024-08-12,79749.33171203236,889.1222359433981,78296.2635578361,1.0185585887265605,77295.89656701151,1.031740820069198,76707.88956812232,1.0396496652565186,75693.82525273468,1.0535777713143275,69769.82224093316,1.1430347555801044,1,0.01189917421996789,0.029618735876245195,0.02700641013125349,0.055866423065194404,0.048383617246035016,0.07806654115572154,66.24878150736461,872.2506609073753,679.0148167199573,193.23584418741802,0.18098624887357634,0.17528451960805794,0.06727779547630552,0.9733914894350219,89.69445199462156,83.00711274500681,31.27654354643358,0.0035096362945739035,3.908999919891357,-0.35100030899047896,0.00262148443629151,0.014170855801511228,1,0.008390899853193412,1
2024-08-13,79813.46528673318,881.4235001677492,78488.59045498654,1.0168798397839296,77522.44675228566,1.0295529698871375,76906.14565754193,1.0378034759684531,75810.1117455113,1.0528076459596951,69857.34331306149,1.1425207644821809,1,0.0008041894938053407,0.01742969816289741,0.02995490188076788,0.04448111054467074,0.0444708935249396,0.08052013358420385,66.50185254175,959.3832979326835,735.0885129625025,224.294784970181,0.18113982653771113,0.17495322653438525,0.07256302496864744,0.9360341270706819,90.5506436675009,83.37565337373688,32.00765919126904,0.018061322845427163,3.8519999980926514,-0.38699984550476074,0.0026137586834644733,0.01692857981364493,1,0.006508395938507494,1
2024-08-14,78911.62727236933,867.3055245199962,78668.50522166316,1.003090462314253,77668.9295212104,1.0159999340639754,77035.22072329499,1.0243577746835342,75880.98392472154,1.0399394313423025,69942.79691668277,1.1282309365805088,1,-0.011299321626043413,0.0012699637609223657,0.018803395262254385,0.023669755459577058,0.02864184484721144,0.051602934554327407,59.720670089630445,944.7749719726853,777.0258047645391,167.74916720814622,0.19021185869003185,0.1748127820533742,0.0744301299679253,0.7599936948872095,90.9848087421638,83.82304115823655,32.212260886012494,-0.007861747773522554,3.819999933242798,-0.4659998416900635,0.002093036779078572,0.026085446142621427,1,0.019501055585183336,1
2024-08-15,79400.39965539855,902.8912454220564,78941.10599921006,1.0058181811665152,77977.52657122252,1.0182472200227641,77180.22563885256,1.028766099064478,75956.3695843833,1.0453422154041885,70028.85582418903,1.1338240318353516,1,0.0061939209711414644,-0.0043753602587389695,0.012164104956281951,0.007720443716377812,0.061908069557271794,0.05796312923494473,61.98327729419929,961.5534255280363,813.9313289172386,147.6220966107977,0.1480477292045385,0.1752126196691897,0.07768995707577592,0.8174132598277591,87.94015896729766,84.16894061690734,31.888431237627156,-0.001532896257776084,3.9260001182556152,-0.3299999237060547,0.002728590766230221,0.008752873571908237,1,0.020475599192557148,1
2024-08-16,80824.3821348758,916.5277068558865,79422.41681689206,1.0176520102783573,78323.13502908172,1.0319349717662012,77342.75007337335,1.0450156227726517,76100.29872240573,1.0620770679193037,70126.72800090152,1.1525474585643973,1,0.017934197883857195,0.012665993695560873,0.02553994852824948,0.03004065162169689,0.06853661254301069,0.06419775853092546,67.67950790440767,1077.3351077245316,866.6120846786972,210.72302304583434,0.15591061804881687,0.1789913776184539,0.0845623613652636,0.97189919681901,88.18542148532774,84.5621525617964,33.10893670286742,-0.006609669673731666,3.891999959945679,-0.30799984931945756,0.0025162051831986165,0.003257259328276918,1,-0.004783102513592596,0
2024-08-19,80879.44799199046,930.5926082457293,79770.02764667079,1.0139077342461718,78679.78126231515,1.027957204435301,77543.85686742268,1.0430155431947454,76243.10011519227,1.0608100650392407,70222.97574283984,1.1517519321336533,1,0.0006813025433680675,0.024937018632616104,0.014170855801511228,0.04155996987645105,0.07082895389210875,0.08060797022407207,67.87993284973189,1160.162646677083,925.3221970783744,234.8404495987087,0.1546852733680298,0.17198735508861723,0.08915078209985516,0.9195468932561205,86.91176705313741,84.88610632109474,34.17103610246605,-0.018994787737577012,3.867000102996826,-0.31099987030029297,0.001934871887862455,0.004558649103992174,1,-0.0022817072033776142,0
2024-08-20,81164.59390404321,937.3100508574613,80106.1782796347,1.013212659087465,78996.45652118968,1.0274460080658423,77750.25812398599,1.043914140768671,76391.81908425772,1.0624775647052112,70318.45151360058,1.1542431916087463,1,0.003525566990528972,0.02221895930374851,0.01692857981364493,0.04739057564171123,0.062162692388370466,0.08259072399493439,68.9535637312455,1234.5814733515144,987.1740523330025,247.40742101851197,0.1515321270159249,0.1719810082726282,0.09394385266510658,0.903422090563198,86.59311166783864,85.2075492786115,34.44894740792609,-0.009233271917714059,3.818000078201294,-0.3250000476837158,0.0015295136000996745,0.0009624864469661709,1,-0.0017244206572885057,0
2024-08-21,80970.07227560933,936.8690232798048,80280.56978871713,1.0085886596060147,79255.32821246497,1.0216356944298752,77936.65644125981,1.0389215546683837,76517.5776816097,1.0581891733756457,70414.10670964434,1.1499126532910937,1,-0.0023966315739083477,0.001802551864737989,0.026085446142621427,0.04537933635928759,0.050372637733448355,0.07418531151554952,67.30089867700124,1263.3001224851614,1042.3992663634344,220.90085612172697,0.15218962064175995,0.17240213546496544,0.09695996196521153,0.8362404056145506,86.42624556995291,85.5068726109595,35.41637688247411,-0.07675526987353876,3.7780001163482666,-0.33100008964538574,0.00048251441028912545,-0.002116823382500521,0,0.0004113960492972968,1
2024-08-22,80095.38131514125,923.1321639667779,80320.84350706113,0.9971929802766568,79342.21431606758,1.0094926390139978,78049.25258473745,1.0262158657852916,76650.2838741999,1.0449456579521026,70500.99678363536,1.136088636603971,1,-0.010802645173525027,-0.009694263454009366,0.008752873571908237,0.021023449400987992,0.016540893356054465,0.044030168292028105,60.301977439518126,1201.6279889487196,1074.2450108804915,127.38297806822811,0.1381847566509282,0.17020805537339875,0.0878927307985748,0.7046946515779561,86.76480404301287,85.82752229604607,34.47061878510092,-0.04324460133587893,3.861999988555908,-0.11400008201599121,0.0020402697187720253,0.017965770264358083,1,0.026661622230437443,1
2024-08-23,81087.64810753685,948.5436057415536,80631.70362637077,1.0056546551872303,79516.91238945803,1.0197534797425944,78195.49951961219,1.0369861258728743,76783.34089104726,1.0560578266918241,70593.50658332306,1.1486559038093302,1,0.01238856443533809,-0.0009480217026321958,0.003257259328276918,0.028880398092113735,0.033395761142696045,0.05720201191986529,64.77699870889045,1218.7707852699677,1103.1501657583867,115.62061951158103,0.14336272507347858,0.17300471865125885,0.08370515148476917,0.8231252036804986,85.48647380467206,86.0645609259792,34.02779615778887,0.017818352119196135,3.806999921798706,0.014999866485595703,0.0023488404297187238,-0.00788196917841899,0,0.02522073697657068,1
2024-08-26,81248.14901511052,953.1839978475199,80895.66782061534,1.004357232024795,79756.64073008989,1.0187007410463558,78338.38062386922,1.0371435861715363,76931.82110297294,1.0561058850584102,70686.86953801289,1.1494093534785572,1,0.001979350879196984,0.003434315070816041,0.004558649103992174,0.018794104864605643,0.04630807629988265,0.055695654369011915,65.45532869049413,1231.116116493111,1128.7433559053316,102.37276058777934,0.13230815112509722,0.17294692978061707,0.07663420354754585,0.8310119736668958,85.23868339782744,86.26620092880162,33.00439177953651,0.061420284858612506,3.818000078201294,0.032999992370605025,0.0009374641526336269,-0.010211292901812441,0,0.021880950106194286,1
2024-08-27,81242.71372564937,953.1515645867241,80955.42947644014,1.0035486717946798,80006.67536429515,1.0154491904047525,78437.89419041766,1.0357584757237703,77069.58746851009,1.0541475099869244,70776.72346620678,1.147873336697194,1,-6.68973943042106e-05,0.014324576419629809,0.0009624864469661709,0.017907359789248067,0.04839867487544658,0.038148603896935196,65.40938936464623,1226.3249869075808,1148.2596821057814,78.06530480179936,0.13116795333652426,0.16707304975977402,0.07179555445950583,0.8089883124649919,85.23588140797187,86.47043584639583,33.79981389606102,0.03183062743434495,3.8329999446868896,-0.05500006675720215,-0.0014154813240476738,-0.011198429543824773,0,0.015476294753075548,1
2024-08-28,80798.67293333357,928.9077485336996,80943.89018234631,0.998205951694617,80229.57313244393,1.0070933918587621,78532.76142179621,1.0288530731698997,77200.89483678705,1.0466028030394299,70865.65919223127,1.1401668149894417,1,-0.0054656075843958485,-0.003563738509471226,-0.002116823382500521,0.02391340447778334,0.043166452936499455,0.03650955705280001,61.60536723411828,1173.1739818691567,1153.2425420584564,19.93143981070034,0.13520806504018543,0.16755947742976848,0.0671607596772183,0.7118635647236552,86.9824512262995,86.64905366873205,34.05528936011023,-0.009437813135518724,3.8410000801086426,-0.1269998550415039,-0.00015843272494742155,-0.004309298885339152,0,0.022115359976841553,1
2024-08-29,81534.35653508523,941.2611277793577,80996.71341535231,1.006637838710515,80435.45208921366,1.0136619415609516,78654.52846446572,1.036613633402183,77332.11908427242,1.0543401306025695,70957.42824607575,1.1490601977897137,1,0.009105144614920402,0.0035226343423711004,0.017965770264358083,0.02687589595201234,0.039366922127448634,0.046904830266153885,65.21488567855434,1176.8489634532016,1157.9638263374054,18.88513711579617,0.1311104099622118,0.16894542723478323,0.06932963352782438,0.8130716172867068,86.62246227535624,86.806680964854,33.72809808033741,-0.003675006829304217,3.867000102996826,-0.12999987602233887,-1.0724837214204364e-05,-0.006232785076254466,0,0.01816954771897028,1
2024-08-30,80448.51776440276,914.4509997675547,80922.20562803709,0.9941463797241061,80544.58397528745,0.9988072914882251,78797.55740717654,1.0209519230233888,77462.33118145852,1.0385501770654046,71043.00706896227,1.1323917875028917,1,-0.01331756104820947,-0.009775596171350931,-0.00788196917841899,-0.004650383467773689,0.02077079450607222,0.056341921139223095,56.736719569694756,1079.6972212956316,1142.3105053290508,-62.61328403341918,0.1459198248961306,0.15988128872568141,0.06774056829589059,0.6011005872350903,87.97466215472672,86.98992585514925,34.36573749484672,-0.042816156206796685,3.91100001335144,-0.030999898910522905,-0.0011179435434423013,-0.00013333912387614166,0,0.043422787770508675,1
2024-09-02,80418.50036778713,914.1097947446605,80968.36549270079,0.9932088894030691,80589.19521900444,0.9978819139370552,78942.54589300796,1.0186965654335438,77584.26529383594,1.0365310551465179,71127.06233202647,1.1306315448877606,1,-0.00037312553978352536,-0.004705183287603165,-0.010211292901812441,-0.005699193499057675,0.008390899853193412,0.05718049918607537,56.51797657598511,988.882391997191,1111.6248826626788,-122.74249066548782,0.1385245871547459,0.15976658571381996,0.06239303237663078,0.5758686903277013,87.97466215472672,87.18160528868833,34.36573749484672,-0.08131394835568717,3.91100001335144,0.002000093460083008,-0.001024404305987936,0.003437074850322741,1,0.04470063981033179,1
2024-09-03,80332.92292004357,889.9665262382487,80860.54760877315,0.9934748810843776,80623.82572789179,0.9963918506071638,79073.13624008872,1.0159319174609411,77714.91625551804,1.0336873124319894,71206.13434646185,1.1281741897288546,1,-0.0010641512506721629,-0.014735305043152902,-0.011198429543824773,-0.010246721433521788,0.006508395938507494,0.051268723646246794,55.85680073431214,899.6351664647664,1069.2269394230964,-169.59177295833,0.13868482211395894,0.15978675753848517,0.054658290408255435,0.5345156164049245,90.26510610092762,87.43596821109317,35.86863991070534,-0.10223359658234277,3.8440001010894775,-0.007999897003173828,0.00044463118529813883,0.008610530483492473,1,0.056389870356982064,1
2024-09-04,80450.48730212507,897.0898104148981,80746.59593548953,0.9963328654300049,80726.41639654219,0.9965819231580687,79197.6729588763,1.0158188277059517,77859.867964118,1.0332728452506619,71284.46331565485,1.1285837552831413,1,0.001463464515022217,2.4481964081335406e-05,-0.004309298885339152,-0.006417000243197024,0.019501055585183336,0.04870144664082243,56.60780620064205,828.8382291741727,1021.1491973733117,-192.31096819913898,0.1286985956963682,0.1596516200597161,0.04424083128474339,0.5335032625564329,89.67941265775949,87.65967769876175,36.50289178268038,-0.10106529058745051,3.767999887466431,-0.05200004577636674,0.0008142192217948097,0.006872497108108444,1,0.057981458137783104,1
2024-09-05,81026.17041447134,915.0530727484996,80715.66117674981,1.0038469515481214,80834.8011138137,1.0023674122781376,79406.1638425181,1.0204015216648183,77998.58351499774,1.038815921559543,71367.43425451528,1.1353381449235016,1,0.007155744255275209,0.0075563464116477075,-0.006232785076254466,0.01162100840331659,0.020475599192557148,0.08365127356886859,60.18028641454634,809.8485325191577,978.8890644024809,-169.04053188332318,0.12941278058305,0.13831411369301574,0.03883501306220368,0.6810589088996847,88.54805565351069,87.79004740960917,36.776573268299,-0.1152763781227708,3.7309999465942383,-0.19500017166137695,0.000131015729883055,0.014867834596337781,1,0.05516857915100393,1
2024-09-06,80437.79082952692,886.0073066135286,80664.10659049172,0.9971943436736522,80809.02836012378,0.9954059894280322,79566.08169460275,1.0109557881494031,78125.92785036155,1.0295914946903848,71439.218160013,1.125961242315929,1,-0.007261599331854218,0.0013054163308328093,-0.00013333912387614166,-0.008014257327430552,-0.004783102513592596,0.06342569238569062,55.17995957931006,738.8052587623242,930.8723032744496,-192.06704451212534,0.11135592832510695,0.13857999829725665,0.033690857399215915,0.4616952357452799,90.78682560088727,87.96750734438862,37.30752424901817,-0.11715594492064985,3.7100000381469727,-0.1819999217987065,0.00042042039858691815,0.033503499974163686,1,0.05222877351444444,1
2024-09-09,80694.90477290192,901.3857245210644,80544.18491017981,1.0018712693273908,80796.72547885121,0.9987397916766325,79738.25337058319,1.0119973960035555,78260.33783135611,1.0311085667275304,71520.31740785291,1.1282794553711202,1,0.00319643218347343,0.0030381105071366488,0.003437074850322741,-0.006809315029511764,-0.0022817072033776142,0.06838563575442769,56.866555327968705,695.2356550481345,883.7449736291866,-188.50931858105207,0.11222727768075678,0.1382002699638972,0.03239711632592531,0.5405593903434478,89.5231670247778,88.09055078298503,36.86071874373468,-0.07610600313403248,3.697000026702881,-0.1700000762939453,0.001106169338219054,0.02888696558461845,1,0.04669741014104112,1
2024-09-10,81024.63200167465,900.2842735559981,80626.4869440758,1.0049381421997836,80787.39468535995,1.0029365635225478,79891.92560327481,1.0141779834425897,78403.5148193067,1.0334311183421907,71603.22989065739,1.1315778928604803,1,0.00408609725360809,-1.8986616161509318e-05,0.008610530483492473,-0.00268432347928671,-0.0017244206572885057,0.06033107710021479,58.99745703111126,679.4800389912707,842.8919867016034,-163.4119477103327,0.11257879347775272,0.13539844546657787,0.031387881624669274,0.6481633120628116,89.99894186618539,88.26426247781176,38.678328480875614,-0.11196651557291915,3.6459999084472656,-0.17200016975402832,0.0012196501844254914,0.018209498416507763,1,0.05594720537544573,1
2024-09-11,81003.38304345483,910.0455068020722,80710.04161202833,1.0036345097284993,80789.61540321633,1.0026459791790268,80022.47180784066,1.0122579472172473,78522.79497418023,1.0315906746581074,71684.59373721082,1.1299971000799118,1,-0.0002622530666893663,0.007031424012210685,0.006872497108108444,0.002533582578641669,0.0004113960492972968,0.05080475688690167,58.79586952838431,657.6974594991043,805.8530812611036,-148.15562176199933,0.112131183094773,0.13397704013472994,0.024094101249228443,0.628091095322903,89.01025545993545,88.42067492414532,37.77150489558114,-0.0642291495479056,3.6530001163482666,-0.125,0.0024182384078001995,0.019532290726693713,1,0.04869666543813422,1
2024-09-12,82230.85411416838,947.7610648191912,80981.17463976043,1.0154317281759258,80931.9802564848,1.0160489568347058,80137.0972862762,1.026127185770313,78666.40701269018,1.045310917796248,71772.43411660574,1.1457163899523217,1,0.01515333094242588,0.0190340312760644,0.014867834596337781,0.0085423815024952,0.026661622230437443,0.04364352263650506,66.01899058987055,731.0541283926432,790.8932906874115,-59.83916229476836,0.11726131907195923,0.12603170980142295,0.023910841828014274,1.1902684341183798,86.7632752217894,88.39395536698943,37.4162686957326,-0.05533489655279078,3.680000066757202,-0.18199992179870605,0.0012396949391870749,0.009545623855819585,1,0.03730580279229567,1
2024-09-13,83132.73835250575,977.5508227463347,81364.3533612434,1.0217341491477359,81068.3196061494,1.0254651725407142,80292.61599780372,1.03537214872635,78810.08879775525,1.0548489364837974,71869.57432078333,1.1567167210626614,1,0.010967710940776643,0.026018092260974734,0.033503499974163686,0.03336569352295404,0.02522073697657068,0.05945876382717907,70.15833368575704,852.141382254762,803.1429090008817,48.99847325388032,0.11507195652873671,0.12780389788495508,0.034313345176172336,1.263245800855259,85.04185809617995,88.31405296239413,38.02913172769112,-0.08258719970538686,3.650000095367432,-0.15699982643127397,-6.907670440858826e-05,0.009732367070623305,1,0.022779793434964724,1
2024-09-16,83025.9357099308,979.2599010157073,81650.0341177376,1.0168512065801367,81186.83871913742,1.0226526493679062,80471.73972461365,1.0317402853978053,78973.68262854367,1.0513114362470228,71969.184914625,1.1536317356994121,1,-0.0012847242216668109,0.02496874316213371,0.02888696558461845,0.032423327097854227,0.021880950106194286,0.0692022911131085,69.08509725188728,928.7794315167557,828.2702135040565,100.5092180126992,0.11569841159687183,0.12278881666818262,0.040769096519991305,1.07678938232675,84.7843719743007,88.13089170347898,37.22214351003122,-0.09467840357034385,3.621000051498413,-0.19700002670288086,0.000847196731879718,0.011891742844468034,1,0.023628658993293694,1
2024-09-17,82500.04990980726,974.4133160565534,81944.64255777767,1.0067778360450836,81270.66113141461,1.0151270921298983,80638.66824785488,1.0230829911058446,79124.23250259693,1.0426647728570326,72066.57263824745,1.1447755441892975,1,-0.006333994258864273,0.003273659243100191,0.018209498416507763,0.026976822341204576,0.015476294753075548,0.06462400178655292,63.90160959557618,936.2881022219517,849.8737912476356,86.4143109743161,0.11996851625826564,0.12470562051883045,0.04349266077071946,0.8723791263782015,84.66638186041033,87.96176495115827,36.41522423659192,-0.057460564120652924,3.641999959945679,-0.1909999847412105,3.6380821339943026e-06,0.028640420480692486,1,0.01755768812901004,1
2024-09-18,82585.56467090533,964.2609446431856,82214.736828921,1.0045104789760013,81389.78724725272,1.0146919836517077,80809.68018984832,1.021976135493729,79268.38134086713,1.0418474967436735,72163.54080990831,1.1444222905920107,1,0.001036541931690449,-0.006581927799373832,0.019532290726693713,0.026539023446336074,0.022115359976841553,0.0662364545589551,64.36976570943116,938.3227043466904,867.5635738674466,70.75913047924382,0.11652178083034745,0.12450873695137236,0.045993127173690355,0.8530525302415873,85.64648929003685,87.7946577309841,36.64645273468178,-0.04844327889932776,3.684999942779541,-0.15600013732910156,-0.0017993100220622393,0.03062955618178753,1,0.012281172587564448,1
2024-09-19,83015.798916885,987.2612038969288,82499.18924537963,1.0062619969508888,81488.55007270604,1.0187418826671515,80962.00108095985,1.025367429269336,79394.34737898859,1.0456134681806681,72255.55956210851,1.1489191893327924,1,0.00520955747767915,-0.00012209188561518314,0.009545623855819585,0.024555381208764437,0.01816954771897028,0.058251749016562604,66.70902291997703,963.5443101995334,886.759721133864,76.78458906566937,0.11297585350544061,0.12076925912848484,0.04762913081457266,0.9136106527139054,84.08696562422816,87.61173834422983,36.3391272900365,-0.052167125844097884,3.740000009536743,-0.127000093460083,-0.0029758106882329383,0.029879495538954748,1,0.01246828747670925,1
2024-09-20,83941.81667773842,988.9540378607486,82918.9654788487,1.0123355518605768,81721.43666692842,1.0271701049488347,81133.01032110794,1.0346197724639306,79539.17891131747,1.0553518131150144,72353.61823020774,1.1601605936369412,1,0.011154717209678866,0.017475950251028438,0.009732367070623305,0.043561935404686114,0.043422787770508675,0.06509550807824294,71.10610358992321,1046.1946283551806,918.6467025781274,127.54792577705325,0.10006556606117643,0.12348789305858941,0.054827189358297564,1.0338620432534829,84.87939121682972,87.44157290867311,36.793659879119645,-0.022161860165599845,3.7279999256134033,-0.18300008773803667,-0.003342306352346336,0.008305053888725267,1,0.015382116116191114,1
2024-09-23,84013.25878681462,974.4904617376637,83173.59471779817,1.0100953201778204,81961.08722819694,1.0250383642777212,81275.14122360069,1.0336894839183477,79680.20976930579,1.0543804920952655,72452.26228958649,1.1595670877883655,1,0.00085109081389656,0.017287453583425982,0.011891742844468034,0.04112222479537553,0.04470063981033179,0.05346661825554744,71.41973801894801,1104.7257908438187,955.8625202312658,148.86327061255292,0.0994784972387056,0.11999785949775751,0.06081503209208243,0.967035178366703,86.21249984763901,87.325507837107,37.69361796836283,-0.0432358963049666,3.739000082015991,-0.17199993133544877,-0.004491823107957704,0.005354976786477783,1,0.013138392891699935,1
2024-09-24,84862.88602890226,1017.9425246371687,83420.7586715691,1.0172873920148684,82263.0847687875,1.031603498305733,81443.45524833964,1.041985335348752,79812.3213552999,1.0632805134324912,72553.05670071219,1.1696665845378398,1,0.01011301375945406,0.022249826371803616,0.028640420480692486,0.04737144658859149,0.056389870356982064,0.06326527389869407,74.90801868143576,1205.7706036627642,1005.8441369175655,199.9264667451987,0.10190415158891866,0.1223596969541488,0.06954626330469317,1.0249225785400617,83.36707031323567,87.08605539196483,37.4091684082388,0.017344345809212625,3.736000061035156,-0.10800004005432173,-0.004381156925414187,0.008187886747138773,1,0.006564770042121859,1
2024-09-25,85115.12386379747,1004.9462664014725,83719.21412212147,1.01667370813634,82574.06053956566,1.0307731424084958,81650.23846805393,1.042435704546034,79955.5707127363,1.064530252302224,72655.88212926853,1.1714829050229079,1,0.002972298571242371,0.013977624412913503,0.03062955618178753,0.050760112304653715,0.057981458137783104,0.07861321336102112,75.85038950124324,1291.317328698744,1062.9387752738012,228.37855342494277,0.10149946502380758,0.11560887714524475,0.07657121267739225,0.9813039603546349,84.69619392277944,86.87643489798535,38.52345899098777,0.0070810045487510465,3.7809998989105225,0.013000011444091353,-0.004558717226665565,-0.001963765889431923,0,0.008319569444974473,1
2024-09-26,85496.26911028483,1015.9999435721434,84147.24543647541,1.0160317033173454,82872.06711928657,1.0316656997009737,81853.43411655012,1.0445043635988165,80107.86918984201,1.0672643021832628,72759.36258147546,1.1750552241925796,1,0.00447799673178273,0.017652098548318174,0.029879495538954748,0.039710337820190844,0.05516857915100393,0.07677378805827995,77.24130030599227,1374.029998133934,1125.1570198458278,248.8729782881062,0.10048647527169194,0.11524546215552627,0.08451106481710546,0.9613574597260401,84.14987584253177,86.75009212715983,39.82414622763581,-0.021402795723434842,3.7909998893737793,0.059999942779541016,-0.004267537228757057,-0.002312697046887413,0,0.009663816174413142,1
2024-09-27,84638.95798876454,999.8632521296734,84440.58733902674,1.0023492334194852,83152.1449299024,1.017880633868381,81980.58664501309,1.032426839725636,80277.49535995572,1.0543298294154855,72856.27717791431,1.1617249915484569,1,-0.010027468221033287,-0.0026387040391421257,0.008305053888725267,0.018118248792335034,0.05222877351444444,0.04719585542297322,67.78434785125927,1354.7854189304344,1171.0826996627493,183.7027192676851,0.10633936952725799,0.11111215468776789,0.08522073611503879,0.8046097636772448,84.65053376629376,86.63226253652536,39.133178141311504,0.007536606325260875,3.749000072479248,0.03900003433227539,-0.004363866743678058,0.004578588634629899,1,0.028543759609609864,1
2024-09-30,84463.14783737437,989.7757383193075,84647.35147052522,0.9978238700922026,83403.36113420056,1.012706762518462,82100.04330652587,1.0287832312344307,80445.38140084632,1.0499440286883366,72952.18162730485,1.1577878269477435,1,-0.0020771776445250856,-0.007659931594136027,0.005354976786477783,0.017310399637828766,0.04669741014104112,0.04430915312056549,65.99977509522833,1310.2438656665909,1198.9149328635176,111.32893280307326,0.10870998556357381,0.11158876016470302,0.08408347235494128,0.7536088935363778,85.33564176677744,86.57972502698003,39.011294905919804,-0.007859131461542601,3.802000045776367,0.10500001907348633,-0.0031696710150205254,0.006210748811487976,1,0.03422805044166388,1
2024-10-01,85557.73372874226,1000.0233662271442,84878.19676352576,1.0080060249996794,83705.5679160051,1.0221271518591897,82246.48130068253,1.0402601105323184,80628.23182526877,1.0611386581583027,73053.41991879727,1.1711667136712312,1,0.012959331014697595,0.0007189157971108084,0.008187886747138773,0.037062811747117674,0.05594720537544573,0.054126308201490225,71.10103755576489,1347.732476344885,1228.678441559791,119.05403478509402,0.11604075881041717,0.11634696693779856,0.08469180534194291,0.8696013719624012,85.55573461129296,86.54514579176184,38.52642099735951,0.06205325978790399,3.743000030517578,0.0970001220703125,-0.0018290181870708189,-0.018808044601703267,0,0.02884642011659211,1
2024-10-02,84947.97768687898,1006.3807579337561,85011.72803496353,0.9992500993738378,83968.54089223336,1.0116643302865373,82379.07814772484,1.0311838830552038,80792.90366423638,1.0514287002223672,73147.89172229604,1.1613181964202282,1,-0.007126837227789173,0.0036510338200934633,-0.001963765889431923,0.02860564101471752,0.04869666543813422,0.049128095103206704,65.2297600301635,1313.1036126952386,1245.5634757868806,67.54013690835791,0.1233959770961958,0.11860982644490421,0.08200301311812772,0.7583350556557334,84.40938185126222,86.47791700113882,38.084165609780534,0.041450022533408015,3.785000085830689,0.13199996948242232,-0.001308630721670978,-0.01587048308528516,0,0.02494499350202628,1
2024-10-03,85298.54214119358,1024.8114186095354,85073.96462243373,1.002639791383375,84173.05342736837,1.0133711285025009,82552.51684192658,1.0332639803644648,81003.4456289559,1.0530236273147167,73245.2975879698,1.164559977911858,1,0.004126813419935704,0.009890636629215743,-0.002312697046887413,0.027497696270971872,0.03730580279229567,0.06496205824378443,66.92100095801942,1298.9738484968984,1256.2455503288843,42.728298168014135,0.11191716092295972,0.11276323091505995,0.08096537830392374,0.7812565253697208,83.23340332631808,86.36020364391567,36.34784946971886,0.06872550065066108,3.849999904632568,0.16999983787536577,-0.0008691009365180413,-0.014627194638788699,0,0.027824622463672455,1
2024-10-04,85026.4849598588,1023.9638348724717,85061.30192187104,0.9995906838806181,84299.3032011919,1.0086261894351771,82683.81140367065,1.0283329168844308,81191.17022281332,1.0472380768317566,73346.98436478151,1.1592362753046648,1,-0.003189470470485234,-0.006209243112583529,0.004578588634629899,0.012921667948700089,0.022779793434964724,0.04857505359013925,64.30684210566163,1251.3978324686614,1255.2760067568397,-3.878174288178343,0.10752030287863554,0.1094311577874595,0.07520237676197015,0.7222393241201106,83.03660936208928,86.27854149582957,35.867170574137994,0.08346679679794367,3.9809999465942383,0.3309998512268062,0.0008887877309844416,0.0024290606523147407,1,0.03342607442895695,1
2024-10-07,84987.72723241989,1011.9787968183456,84988.65308217607,0.999989106195679,84430.08930269117,1.0066047298342837,82808.4640109143,1.026316913947569,81380.32967759194,1.0443276350577533,73444.75725162777,1.1571653364071304,1,-0.00045583123255321656,0.00046792809697504545,0.006210748811487976,0.011598984013678093,0.023628658993293694,0.04602662660799672,63.923740020133785,1196.770447551491,1243.57489491577,-46.804447364278985,0.10718368389938691,0.10958630843963733,0.06860157328677542,0.6989437481345893,83.98172718335952,86.2366429553473,34.560539552236435,0.10058501098746064,4.026000022888184,0.4049999713897705,0.001704691854414131,0.0015217580309483392,1,0.034633660700777114,1
2024-10-08,83948.56005675142,966.9342781062699,84890.02480617419,0.9889095950723024,84526.65664582077,0.9931607777710686,82898.65888861769,1.012664875188685,81531.01157830846,1.0296518886696377,73537.26257325594,1.1415785292949137,1,-0.012227261623629526,-0.015826555185521896,-0.018808044601703267,-0.010774155993698353,0.01755768812901004,0.03330571083875267,54.5416903926282,1057.4362778615905,1206.3471715049343,-148.9108936433438,0.11726336681566517,0.1165656078291303,0.06075833153368836,0.4919498496623288,86.81930298137551,86.28942367446076,35.82166526083775,0.033431622022725094,4.0329999923706055,0.3910000324249263,0.0009549021341275221,0.01752777299630459,1,0.057028958277247854,1
2024-10-09,83599.81224387018,968.59262137782,84766.69114995931,0.9862342284421033,84594.2731506851,0.9882443471670533,82992.03019896892,1.007323378443016,81661.26788505628,1.0237388471795776,73632.64280517641,1.135363461896455,1,-0.004154303690801497,-0.01677915671407748,-0.01587048308528516,-0.01780308306138534,0.012281172587564448,0.03466813511711786,51.79425255316348,908.400435876305,1146.7578243792084,-238.3573885029034,0.11929539627210986,0.1159824577030061,0.05095964396182095,0.378776210231206,86.31060199715539,86.26702870015593,35.854725239733774,0.03285846962810379,4.066999912261963,0.3819999694824219,0.0017189466647480334,0.026596145900947166,1,0.06878566571622224,1
2024-10-10,84050.86376288942,987.3818482999623,84551.42401198033,0.9940798129074682,84663.27747375208,0.9927664776378102,83075.91377322907,1.0117356517115377,81766.44336509203,1.0279383608211663,73728.90362780244,1.139998828508209,1,0.00539536521569528,-0.0110235148066542,-0.014627194638788699,-0.016906063415830785,0.01246828747670925,0.030864378339961585,54.95469682131815,817.2636388480314,1080.858987272973,-263.5953484249417,0.11942025377686938,0.11426041596619686,0.04635303789399558,0.45911300903272817,85.12498371819801,86.21711274825067,34.796309846912116,0.05420433205416808,4.0960001945495605,0.3560001850128174,0.0029930793529304722,0.027026796322803914,1,0.04350071662207955,1
2024-10-11,85233.01944887942,1003.8279576393613,84592.14426369467,1.0075760602921588,84749.3576584948,1.005706967034884,83235.39716271161,1.0239996726664593,81901.76021393601,1.0406738417616643,73831.40816753687,1.1544276557135444,1,0.014064765465408025,0.015300552996497796,0.0024290606523147407,0.00701877095643999,0.015382116116191114,0.059472838250274496,61.98860005048121,830.8496373368107,1030.8571172857407,-200.00747994893004,0.1244295407926876,0.11190043478813132,0.04586288457446303,0.7372781341847261,84.90799523716439,86.11489051766527,35.41953593523269,0.05061178368077557,4.072999954223633,0.3450000286102295,0.003962207923576377,0.021374962685875243,1,0.02901953341915675,1
2024-10-14,85117.05798886786,992.5320498673547,84566.21795621957,1.0065137125197376,84822.94427196501,1.003467383965827,83392.01575008099,1.0206859400539816,82051.0568956007,1.0373669908623877,73936.09759100911,1.151224648881366,1,-0.0013605227265368613,0.018148913308222436,0.0015217580309483392,0.007741958099318325,0.013138392891699935,0.05842632727037045,60.98264901252235,822.7750793731102,989.2407097032147,-166.46563033010455,0.12482174120000124,0.11211506926867877,0.044179097543356784,0.686890062364094,85.75749064980302,86.04098480083447,36.10456496696075,0.049168664905881565,4.0980000495910645,0.35899996757507324,0.008159321988361112,0.02628261345027294,1,0.02981232226026842,1
2024-10-15,85419.9913607928,1005.2768682289902,84622.43315635298,1.0094249027674045,84860.0846274244,1.00659799876263,83561.58469810594,1.0222399643257243,82209.61283856515,1.039051132968256,74042.92203468327,1.153655055925268,1,0.00355902070727776,0.01628927457266527,0.01752777299630459,-0.0016099347416816956,0.006564770042121859,0.06332482693070274,62.686190566193424,831.2381296761887,957.6401936978095,-126.40206402162084,0.11886214289741617,0.111846633645072,0.0397306565655049,0.7541655452779876,84.97160738271928,85.86453484356088,37.95550910749761,-0.013694742327745812,4.038000106811523,0.30200004577636763,0.0058509043377459324,0.030505466668875325,1,0.02769881505297045,1
2024-10-16,85823.24504759994,1012.7991056002954,84741.79284423587,1.0127617338159447,84907.29270634455,1.0107876757350307,83740.6766229551,1.0248692571953015,82376.9736112951,1.041835373226582,74152.27265447876,1.157391971619042,1,0.004720835022142378,0.006924846761700243,0.026596145900947166,0.010303569132007251,0.008319569444974473,0.06678340835025565,64.88412320790493,860.5643107167853,938.2250171016046,-77.66070638481938,0.11973955632208627,0.11209061692125977,0.03516149848715484,0.867664426568742,84.73866591146866,85.69984328535116,38.234125190029104,0.010044438566790603,4.015999794006348,0.2349998950958252,0.005846783985789861,0.014492103974846016,1,-0.004862450068558566,0
2024-10-17,86322.48933856477,1006.6334079168886,85080.92559878062,1.0145927389840472,84962.37405489656,1.0160084425464548,83917.22058709156,1.0286623977134342,82534.49995439564,1.0458958300621217,74265.87976622891,1.1623438597952,1,0.005817122047621748,0.014162041994620678,0.027026796322803914,0.012004275473738613,0.009663816174413142,0.06536553433293579,67.44113914724724,913.5594180965854,933.2918973006008,-19.732479204015362,0.1206468071224946,0.11164063549733945,0.03349960461523417,1.0025654816771938,85.75365039241557,85.60669644331466,38.31187307362138,0.04433279268768686,4.0960001945495605,0.30500030517578125,0.004965067260736422,0.01563268789801109,1,0.0018919745793113396,1
2024-10-18,87054.8720592037,1053.3321113692693,85574.5055723997,1.0172991532571758,85123.43499292583,1.0226898393660733,84137.78996141412,1.0346702961787726,82699.36660611379,1.0526667329126547,74377.84951299992,1.170440831903698,1,0.008484263211715914,0.01913932174853028,0.021374962685875243,0.023855944418994968,0.028543759609609864,0.08226333867995539,70.80021102416453,1003.0925606462988,947.2520299697404,55.84053067655839,0.11482531590464592,0.10942760143583506,0.03873382222433973,1.1089275094586386,82.64712631175941,85.33537313367707,39.43946766565558,0.015253753459552266,4.072999954223633,0.32399988174438477,0.0052226027319142165,0.009347145037472027,1,-0.009927356086409933,0
2024-10-21,87354.15672201374,1080.213952385371,86046.40456656032,1.0151982196355667,85316.16891856845,1.0238874744292665,84359.7650263845,1.0354954959238294,82851.46310631341,1.0543465793708742,74492.1095926233,1.172663214932822,1,0.0034378852754675115,0.017837960724564894,0.02628261345027294,0.027844367259313385,0.03422805044166388,0.08252382189250751,72.06838042251721,1085.682915396348,974.938207055062,110.74470834128613,0.11360336604412909,0.1094400941066327,0.04383600803693393,1.0723987148815282,80.86745827207255,85.0468495085869,38.81660993582834,0.03505940228610993,4.182000160217285,0.38000011444091797,0.0042082859589409605,0.006605371063682419,1,-0.04067936322839849,0
2024-10-22,88025.76806010508,1110.9593397642782,86445.36865387826,1.0182820598817113,85480.7045406593,1.0297735440193432,84593.1362283322,1.0405781365347135,83015.70916178085,1.0603507329987465,74613.14074326435,1.1797622668504482,1,0.0076883729783874255,0.019731575567287996,0.030505466668875325,0.04856793256009828,0.02884642011659211,0.08640750208264736,74.72155679738457,1191.5938366534247,1018.2693329747347,173.32450367869,0.10650889851212948,0.11033954851409424,0.0524828894322917,1.0918027314721503,79.23401415955965,84.68801858503271,38.28270479935212,0.03236423381892095,4.203999996185303,0.4609999656677246,0.0029369973566113483,0.00806912499840795,1,-0.05199180209065046,0
2024-10-23,87067.00443828845,1073.1054740814823,86723.93243236693,1.0039559092432655,85621.97299075329,1.01687687630944,84795.25694149332,1.0267909736786642,83178.81670509923,1.046744927220765,74732.22924657799,1.1650529539405554,1,-0.010891851817322107,0.00013936473396336524,0.014492103974846016,0.04147368398751983,0.02494499350202628,0.0748563969430851,65.20023247355297,1184.5104935999261,1051.517565099773,132.99292850015308,0.11317387239028065,0.11699451318014407,0.05521631649959983,0.838032315487155,81.13555147989969,84.42552845236486,38.56718993602767,0.009557748695139479,4.242000102996826,0.45700001716613725,0.0025264516044523067,0.026224360873077668,1,-0.048847354691339384,0
2024-10-24,87671.94187297394,1071.9712424345337,87045.6396483928,1.0071951016399097,85780.19963953862,1.0220533671101806,84976.62653345351,1.031718314193837,83344.24754945074,1.0519255311646487,74851.62275402682,1.1712764352628204,1,0.006947952770262722,0.0036378938665906357,0.01563268789801109,0.043081985692612346,0.027824622463672455,0.06616844513436781,67.97322237341591,1213.7192880645453,1083.9579096927275,129.76137837181773,0.11485549950867453,0.11153313899708787,0.05975316038719552,0.9089940314279096,81.7857218550522,84.25961000680694,39.16369577845982,-0.04775466947208129,4.199999809265137,0.3499999046325688,0.0017635331028382772,0.00040143625832933516,1,-0.06006873268154589,0
2024-10-25,87868.58657455964,1071.897214223383,87337.83129510134,1.0060770375401806,85969.67308051868,1.0220881786099436,85134.48814085529,1.032115051061102,83485.13163824442,1.0525058157099099,74970.8500071079,1.1720366858082696,1,0.0022429604886660126,-0.0017856303785741545,0.009347145037472027,0.0309219025997427,0.03342607442895695,0.05696730693475516,68.84236860684433,1238.4588691754034,1114.8581015892628,123.60076758614059,0.11269823997944574,0.10836892695585046,0.06320942373963875,0.8923903098804774,81.97482501678837,84.15737557082721,38.37559409951354,-0.034955614010884095,4.23199987411499,0.25099992752075195,0.0008618434914016149,-0.001845308723957162,0,-0.06262902574528995,0
2024-10-28,87931.1633411177,1079.3974825816217,87567.6418668946,1.0041513219549256,86165.90215443188,1.0204867719428274,85297.99572856151,1.030870216703984,83626.16594522697,1.0514790717382692,75091.64785661254,1.1709846014968563,1,0.0007121631176456589,0.00992521688789405,0.006605371063682419,0.03306159092831762,0.034633660700777114,0.05908066665245881,69.12947258506009,1248.7201192962239,1141.6305051306551,107.08961416556872,0.11230043083696209,0.10801759756071569,0.06535223850119781,0.8590203821110224,81.46319104637095,84.04666953989623,40.90086100683317,-0.12652323325711856,4.277999877929688,0.2519998550415048,0.0008829918250845559,-0.003145280684696994,0,-0.04703581012404756,0
2024-10-29,88736.05898566294,1093.4148315289665,87807.81142781735,1.0105713551306157,86485.06874969265,1.0260275012613467,85505.8626977567,1.0377774831571984,83777.59524685936,1.0591860356482297,75216.01627806076,1.1797495184751727,1,0.009153701758985555,0.012137487660884405,0.00806912499840795,0.03882074409096914,0.057028958277247854,0.07558794307001215,72.62376779639159,1306.7373311289848,1174.6518703303211,132.0854607986637,0.09546114913330835,0.1070339989988642,0.07132715117746151,0.9335568395993266,81.15498018166656,83.92962281727144,41.379261054883436,-0.08644828920393488,4.27400016784668,0.24100017547607422,0.0016518340228015571,-0.010706302411905622,0,-0.05064530746124285,0
2024-10-30,89350.28098281598,1081.9142771021054,88092.97203650339,1.0142725227364517,86868.43333228903,1.0285701900601039,85731.35324148707,1.0422124182635395,83945.1994210035,1.0643882151581392,75344.51754148798,1.1858896161039962,1,0.006921898540167115,0.016862617984631845,0.026224360873077668,0.04109651101237022,0.06878566571622224,0.0819116069359982,74.9536328045329,1386.2985842622584,1216.9812131167087,169.3173711455497,0.08963032912223981,0.10771381387806352,0.07760322338866384,0.956327675347686,82.58536084716903,83.82758520250917,40.822037951778285,-0.06321678575182399,4.265999794006348,0.19899988174438477,0.002081944173456529,-0.0441447652497059,0,-0.04976370338914127,0
2024-10-31,87707.13656927989,1041.683726340085,88047.45325209979,0.9961348492176656,87112.18485271506,1.0068297186848285,85887.73116323356,1.021183530888579,84097.43452608626,1.0429228556558872,75464.99275343808,1.1622228184111774,1,-0.01838991881684293,-0.0025477517108324355,0.00040143625832933516,0.016040399684077666,0.04350071662207955,0.05651138353907581,60.1948246141153,1301.7575776970043,1233.9364860327678,67.82109166423652,0.12937059828789474,0.12341290017193063,0.07801292566559412,0.6916978180233005,84.19747217780723,83.83126875429515,39.69535033193781,-0.08688195742204308,4.283999919891357,0.18799972534179688,0.0017500612589607112,-0.01392506155184925,0,-0.023659825009388458,0
2024-11-01,87706.44190519182,1038.1722199589792,88138.80146165741,0.9950945605193682,87277.07968313589,1.0049195301173546,86013.21867081533,1.0196856164731691,84229.81040203937,1.0412755470605723,75585.35771519225,1.1603628606968053,1,-7.920268694561194e-06,-0.011603141859584554,-0.001845308723957162,0.00748458794523299,0.02901953341915675,0.044848031368039054,60.18942872992113,1220.6314873531373,1231.2754862968418,-10.643998943704446,0.11997648789563199,0.12031171543004092,0.0774447061597549,0.6727102325164592,84.48159199054868,83.81800878008578,39.56252749527974,-0.08033350835033015,4.361000061035156,0.28800010681152344,0.00173325929271817,-0.017282590959683763,0,-0.008803330411468191,0
2024-11-04,87654.59515147794,1036.7130074341515,88136.32335858655,0.99453428292954,87446.24882730989,1.0023825644548745,86134.59654963744,1.017646783786403,84357.93932476672,1.039079378338292,75704.28121329649,1.1578551932157113,1,-0.000591139631110793,-0.018977957457841144,-0.003145280684696994,0.0034393146329634305,0.02981232226026842,0.043342401154837784,59.75886522780458,1139.0249064472446,1212.8253703269224,-73.80046387967786,0.11963696531749556,0.12045093332649595,0.07617944020136755,0.6472640116328355,84.55049229653537,83.76260852838233,38.42451244198304,-0.03196533322255568,4.309000015258789,0.2109999656677246,-0.0004122512589843641,-0.043967459933039965,0,-0.04307346992007366,0
2024-11-05,87786.02390332174,1042.5328415126091,88124.52869126687,0.996158790373438,87603.98433014516,1.0020779828060165,86232.03447878477,1.018021022395329,84488.80552832015,1.0390255058570614,75822.77751804129,1.1577790576510325,1,0.0014993937467473462,0.0008994403092790204,-0.010706302411905622,-0.002723567905930091,0.02769881505297045,0.03444542144635432,60.52966451977362,1072.592130597448,1184.7787223810276,-112.18659178357962,0.11944752779092876,0.11761717773045949,0.07069457304795367,0.6484971306030547,84.20456450394873,83.7905250014061,38.19558317444434,0.019977273960546382,4.289000034332275,0.25099992752075195,0.0012373364995204028,-0.04940278602720771,0,-0.04414703372420936,0
2024-11-06,85405.93380383431,996.3227844342364,87763.78161451209,0.973134158905843,87576.16358056078,0.9752189444250994,86241.72814345267,0.9903087013953603,84580.95074573018,1.0097537690322755,75926.87632581466,1.1248445601442032,1,-0.027112403474482516,-0.0262296366308451,-0.0441447652497059,-0.019078072631193765,-0.004862450068558566,0.003416665885397796,44.06776875298877,818.4556500654435,1111.5141079179107,-293.0584578524672,0.16733733259317646,0.14313259188217353,0.06336772053316161,0.21720673133376212,85.72114894431193,83.82469016879051,37.33156587598375,0.018468575977129476,4.426000118255615,0.4100003242492676,0.0007150498292975982,-0.03034826853141892,0,-0.010988218462194776,0
2024-11-07,86485.80929401622,1015.3084595543161,87442.31737284828,0.9890612679584694,87587.05157759087,0.9874268825843613,86274.71281624371,1.002446794325727,84679.97980090878,1.021325341566603,76033.01624189815,1.1374770273332657,1,0.012644033524207288,-0.01333399413278813,-0.01392506155184925,-0.013529215318126342,0.0018919745793113396,0.011574074448265526,50.6285083303879,696.1626557022682,1028.4438174747822,-332.281161772514,0.17401556049013645,0.14717626541723638,0.05526517979291652,0.37527716079349643,85.18180704340601,83.85908787548631,37.39358797633356,0.023914001488525516,4.341000080108643,0.24499988555908203,0.0025214251689869016,-0.047177795922692334,0,-0.022396868643168477,0
2024-11-08,86190.64734521513,1002.9881240468651,86990.94113890528,0.9908002628410209,87529.4365966583,0.9847046970310982,86326.43579479208,0.998427035144834,84794.82239252503,1.0164612049805195,76140.91248461531,1.1319886317704744,1,-0.0034128367556538475,-0.01817346870458092,-0.017282590959683763,-0.019096007967770334,-0.009927356086409933,0.018333039457510525,48.938786484059925,568.8698960466863,936.5290331891631,-367.65913714247677,0.17059820996775152,0.14431471309129046,0.05247729022043109,0.29370109846859926,85.93386629016491,83.90186562628202,38.289288916659686,0.016758104771138038,4.306000232696533,0.2330002784729004,0.0030051465449165704,-0.044380508317973244,0,-0.012094919123952996,0
2024-11-11,83800.6452512085,977.6795776567025,86432.87095060937,0.9695460110204482,87292.53583193796,0.9599978331772568,86304.3523752532,0.9709897930389589,84862.46529019346,0.9874877540340833,76238.2797444942,1.0991938109314492,1,-0.027729250999056432,-0.018795983851812248,-0.043967459933039965,-0.046974450615254515,-0.04067936322839849,-0.007843688083250977,37.906680258947645,272.00081592801143,803.6233897369328,-531.6225738089214,0.2021898498108371,0.16603671143809332,0.05942032207214117,-0.13156867120837287,85.71381377252197,83.91447135980684,38.472955848182814,-0.035714239374424195,4.308000087738037,0.12599992752075195,0.0037373447609336807,-6.438390747520728e-05,0,0.01768162609858548,1
2024-11-12,83449.1497482466,982.5118481987738,85824.68635676007,0.9723210569201648,86987.42794448072,0.9593242577709917,86234.06624257001,0.9677051469834479,84924.78982675754,0.9826241538952151,76332.145045679,1.0932373208994532,1,-0.004194424779286887,-0.03511165092352009,-0.04940278602720771,-0.059580167271915396,-0.05199180209065046,-0.02464515933978395,36.599932691196486,8.271829092453117,644.5530776080369,-636.2812485155838,0.19701258774158792,0.16159862499351002,0.06835855425985668,-0.09215796638747256,84.93449712439944,83.89376344357706,38.26042195690659,-0.05506996522375962,4.432000160217285,0.22800016403198242,0.0038418531496644537,0.009500926607165505,1,0.027766066516497157,1
2024-11-13,82814.01159057896,979.4241744412238,85133.17441948877,0.9727584123965322,86703.89508796674,0.9551360005978827,86162.93403936,0.9611326786150153,84972.06031252659,0.9746028434051105,76422.91616283814,1.0836279973159226,1,-0.007611080035970996,-0.039176359136878225,-0.03034826853141892,-0.07315331659107027,-0.048847354691339384,-0.02512085813467968,34.299066493597095,-249.11400313218473,465.8196614599926,-714.9336645921774,0.19524202595076506,0.16176987167680462,0.08013116598109622,-0.07570376991450015,84.55377531917503,83.89857655917415,37.79774935594395,-0.03306480781244858,4.451000213623047,0.2090001106262207,0.003702276133561666,0.02523568743419613,1,0.03820840827278005,1
2024-11-14,82405.59943293424,977.1192332155122,84364.54235229056,0.976780020791482,86352.8055919641,0.9542897751616631,86066.50261575138,0.9574642506485775,84999.64889289586,0.9694816449979663,76512.46930141364,1.0770218264464209,1,-0.0049316794320247714,-0.016647196618741367,-0.047177795922692334,-0.060445903762437414,-0.06006873268154589,-0.033915500026608814,32.868190451683134,-480.51055089086003,276.5536189898221,-757.0641698806821,0.1900631253280014,0.16150417261123376,0.09231685568276111,-0.02742312584743934,84.3352547253134,83.93530493914065,37.451237505071404,-0.021228172693225078,4.418000221252441,0.2180004119873047,0.00422755140527542,0.03915269903069829,1,0.03280709907356116,1
2024-11-15,82365.4626037793,973.316755600196,83930.18932371128,0.9813568069780355,85985.93066057874,0.9578946459149127,85977.8018705487,0.9579852102731322,85038.20232838091,0.9685701290546966,76603.37605179283,1.0752197468175637,1,-0.00048706434309231383,-0.012986197555476697,-0.044380508317973244,-0.06089608910581468,-0.06262902574528995,-0.031296393792308086,32.72370925873658,-659.5300370629848,89.33688777926073,-748.8669248422455,0.18876004506705513,0.16139009347939498,0.10231947315068585,0.044830800904584654,84.62349191787686,83.98820102433358,38.3482576298188,-0.06631376730537608,4.427999973297119,0.1960000991821289,0.004662106186772874,0.05547070786314312,1,0.03739608363080671,1
2024-11-18,83795.24983821828,998.7421716994107,83545.8236871687,1.0029855011302964,85710.20309371878,0.9776578145147246,85938.05262407534,0.9750657279234559,85100.20922968723,0.984665614770149,76702.21636528698,1.0924749480399811,1,0.017359062758100396,0.011848698412177283,-6.438390747520728e-05,-0.04402901304364293,-0.04703581012404756,-0.014031171711892942,42.43175000429023,-678.2143561079574,-64.1733609981829,-614.0409951097745,0.2079692195551645,0.1699526927484053,0.10534394321723264,0.23401446796443545,83.90078261434326,83.98550287203304,37.80508905685474,0.026417430710137246,4.414000034332275,0.136000156402587,0.004464858763847834,0.0009995524305728143,1,0.029523799677326767,1
2024-11-19,84241.99399543506,999.2490171169544,83267.44463720013,1.0117038461127406,85410.59876103693,0.9863178015076159,85947.8337553648,0.9801526148432651,85164.55646956245,0.9891672954997762,76807.44567450463,1.0967946304637786,1,0.005331378068318848,0.02228482742844884,0.009500926607165505,-0.04037123166427614,-0.05064530746124285,0.003495401689859401,45.09758432362582,-649.4864185320766,-181.23597250496164,-468.250446027115,0.2044674021353683,0.16694047125655773,0.10550382033772455,0.3039039201565155,84.30530583436722,83.90170296713275,37.916126575936744,0.03243565443939156,4.379000186920166,0.10500001907348633,0.003515936195346736,-0.003934648673029728,0,0.03871353846252701,1
2024-11-20,84903.8801022507,991.1696299451223,83425.04961592045,1.0177264561799917,85114.17203566592,0.9975292959047161,85991.30268397747,0.9873542724928461,85242.56641073836,0.9960267936226167,76916.1200280297,1.1038502731457345,1,0.007856961539294938,0.030818955156999506,0.02523568743419613,-0.005878440516050798,-0.04976370338914127,0.015598932860954262,48.874981671585914,-566.7771891921002,-258.34421584238936,-308.43297334971084,0.20534950593158452,0.16786382953026288,0.10559496773027352,0.3887074017887672,85.66029217845265,83.88002597317602,38.502974377548924,0.003789566155334434,4.406000137329102,0.1400003433227539,0.0036662951891590634,-0.005139993089775086,0,0.04546549369952935,1
2024-11-21,85632.00106597619,989.5908519110005,83736.88551845324,1.0226317892740986,84975.829668779,1.0077218592599193,86044.00726074702,0.9952116805354928,85310.58934977453,1.003767547717715,77026.88500424406,1.1117157478360704,1,0.00857582672133006,0.021919514904533255,0.03915269903069829,-0.009872234936686874,-0.023659825009388458,0.018811672269629653,52.728074428460175,-437.43378802519874,-294.1621302789513,-143.27165774624746,0.19938327535773706,0.16890802531313012,0.10396386956105494,0.4798759679949021,86.5327330965539,83.92695095245453,38.15834465806854,0.012128159283599116,4.432000160217285,0.14800024032592773,0.0034962760373216106,-0.012649512667368468,0,0.01858735486514984,1
2024-11-22,86934.33311788618,1003.5495486748227,84325.50287949713,1.0309376185057222,84924.35574962528,1.0236678553580876,86100.71771638058,1.0096818635618297,85386.62124508213,1.018125929451661,77142.84105392032,1.1269267754492207,1,0.015208473884740892,0.031959584463266966,0.05547070786314312,0.00862838133344579,-0.008803330411468191,0.019960734466613284,58.720628253753574,-227.2216286905168,-280.7740299612644,53.552401270747566,0.2108844451840501,0.16972632047170216,0.1023482132497567,0.6332340753755769,86.62684690547215,83.98424600806479,38.07130870947351,0.025183480411537174,4.409999847412109,0.048999786376953125,0.004718636049348746,-0.020546021548592308,0,-0.009323230832029683,0
2024-11-25,83879.00758386453,967.7237893125921,84535.98975820145,0.9922283730726275,84672.64991178439,0.9906269340956411,86059.44936954715,0.9746635401265513,85403.6826825608,0.9821474314595615,77243.49589902842,1.0859038241033259,1,-0.03514521161482331,-0.012070973872476798,0.0009995524305728143,0.000935104168006351,-0.04307346992007366,-0.014545267825930464,44.475908183356324,-303.6657444193261,-285.3523728528767,-18.313371566449348,0.2542374753783907,0.19903092296012895,0.1014870927082034,0.306159586115603,86.67659977716387,84.01488297897683,37.98230210664038,-0.035399450623823325,4.264999866485596,-0.04400014877319336,0.003594267779478688,0.016730876817932172,1,0.024087705250119162,1
2024-11-26,83910.53134554754,972.7513905324882,84756.71386416836,0.9900163364051972,84414.2837412661,0.9940323796709265,86009.13403570562,0.975600234629884,85431.8923112756,0.9821921190720568,77341.81666699682,1.084930959235584,1,0.0003758242090727837,-0.020103112142647706,-0.003934648673029728,0.005528895125868516,-0.04414703372420936,-0.017671039193503102,44.625167305207725,-357.5825635663932,-299.79841099558007,-57.78415257081315,0.2539362065578384,0.19869265192159974,0.09681729656267339,0.3292599551200525,86.26102430637827,84.05786354309879,38.1169140140462,-0.044728452788629136,4.302000045776367,0.013000011444091797,0.0026737900039492946,0.022114900425457495,1,0.02202333761014219,1
2024-11-27,84467.47474523004,963.4456726753282,84852.74599374145,0.9954595311677971,84351.71980402582,1.0013722890472554,85963.94169229332,0.9825919226410085,85469.53051276211,0.9882758713950996,77444.5288251964,1.0906835644372692,1,0.0066373480271382235,-0.028376111993762,-0.005139993089775086,0.019965983085393546,-0.010988218462194776,-0.015797238867138574,47.31959322383316,-351.32153741273214,-310.1030362790105,-41.218501133721645,0.23277301254856347,0.1992086893855528,0.0865135771533091,0.4172150808038903,87.67227580967044,84.1556505397055,38.415306394232395,-0.04142838777457947,4.242000102996826,-0.18400001525878906,0.00264872803368843,0.017885327050028987,1,0.011943747663442306,1
2024-11-28,84548.79798376001,964.3732548303052,84896.57513493074,0.9959035196576778,84222.58571667541,1.0038732160062382,85904.81864713314,0.9842148474936757,85500.19049409959,0.9888726270100506,77547.79221874784,1.0902798850193394,1,0.0009627757758268185,0.007985197002072342,-0.012649512667368468,0.026007923800979382,-0.022396868643168477,-0.020547268369986216,47.719612486903344,-335.92518692628073,-315.26746640846454,-20.657720517816188,0.22559158279022362,0.1983759271885719,0.08172410499278815,0.4466735153445334,87.67227580967044,84.21960472028066,38.415306394232395,-0.0503040265194209,4.242000102996826,-0.0989999771118164,0.0020071587605983154,0.0066268253050068004,1,-0.0033249849264633813,0
2024-11-29,85148.17843633359,983.3540872581344,84931.47489694259,1.0025515103753226,84153.08778941663,1.011824766898715,85841.26219303746,0.991925983623758,85524.3177292715,0.9956019609051009,77651.3675056144,1.096544480432713,1,0.007089165864767377,0.014749603785600751,-0.020546021548592308,0.03378498395547891,-0.012094919123952996,-0.02190220464138315,50.69146000567537,-272.2204866312968,-306.658070453031,34.437583821734165,0.22801011072686986,0.19786037114437596,0.07587270739444266,0.5555253134534034,86.58954036686374,84.35101852211749,39.073529411190094,-0.0338163874154227,4.177999973297119,-0.12800025939941406,0.001959601122440313,0.003493085826717035,1,0.005041452094092236,1
2024-12-02,85282.37692736057,976.7775227798668,84881.52859142606,1.0047224448308887,84251.86990116011,1.012231265934031,85772.20286654905,0.9942892228155713,85549.70009208242,0.996875229668437,77757.22762888746,1.0967774897323816,1,0.0015760582726656036,0.009647526276693297,0.016730876817932172,0.017747152637094032,0.01768162609858548,-0.023717014420346016,51.35815546993864,-208.50187615719915,-287.0268315938646,78.52495543666544,0.19471787171694177,0.19759854140144195,0.06931754453632645,0.603934647153337,87.30992977996645,84.56576757238061,39.03818002244489,0.0008817983213762481,4.196000099182129,-0.1119999885559082,0.0020632472998991513,0.011571289597537282,1,-0.0068610949238251395,0
2024-12-03,85766.20439090155,999.0465919367465,84714.65305899968,1.0124128624025588,84406.34021067045,1.016110924568427,85696.88407757558,1.0008089012111947,85567.7664593224,1.0023190734056788,77864.80491296606,1.1014758784378555,1,0.005673240837940963,0.014398861204098612,0.022114900425457495,0.01809323738881452,0.027766066516497157,-0.025669343409314815,53.78433073691902,-117.60787511973467,-253.1430402990386,135.53516517930393,0.19395952008734743,0.1969382579361013,0.06157753608344671,0.7294373374714085,85.84805261371828,84.78623552085257,38.14555060304288,0.02671755169468981,4.2230000495910645,-0.2090001106262207,0.004035701261740909,0.020253843475671385,1,-0.007926509607428023,0
2024-12-04,85978.20315613854,1012.1602524849609,85014.53814075312,1.0113352967205436,84617.2863150411,1.016083201203482,85660.59070150391,1.00370780135922,85585.02804516925,1.0045939706973255,77973.28947013598,1.102662254477137,1,0.002471821701130139,0.009748003246194736,0.017885327050028987,0.012653403502808303,0.03820840827278005,-0.01250532608965127,54.847067239185726,-28.142783346454962,-208.1429889085219,180.00020556206692,0.18941117027159504,0.19477917813454895,0.06275525485436496,0.7595971125982454,84.94524749645512,84.91322538807108,39.04581142960784,0.0016074910106824714,4.179999828338623,-0.27100038528442383,0.0034100952814359875,0.03240209343416267,1,-0.009412084446211888,0
2024-12-05,85109.0880977467,1000.52352846034,85185.76053392443,0.999099938350058,84797.51889269525,1.0036742726570305,85575.16224232968,0.9945536282681748,85577.28442491846,0.9945289648962566,78075.68177856316,1.0900844687995368,1,-0.010108551080248773,-0.0020319418367228392,0.0066268253050068004,-0.00610651347300184,0.03280709907356116,-0.029232314472291576,49.792025233361215,-27.059450765082147,-171.92628127983394,144.8668305147518,0.1942291153219619,0.19550093197860827,0.0595390295581074,0.6148335974566755,85.06455437982909,85.02251980556365,38.775985124012564,-0.005822327718380094,4.179999828338623,-0.23800039291381836,0.0033640622002222287,0.02484558825759131,1,0.01043335495715536,1
2024-12-06,85445.60833160032,1001.9201060274246,85325.49390340589,1.0014077202802998,85002.86194121666,1.005208605690122,85494.3963008977,0.999429343075005,85593.41743177519,0.998273125380317,78173.31438409403,1.0930278318733533,1,0.003953987069713838,-0.003738023170992033,0.003493085826717035,-0.017124704738542107,0.03739608363080671,-0.02757502239897003,51.650192061153085,0.9426028270390816,-137.35250445845932,138.2951072854984,0.19396564921811757,0.19580370908219455,0.05760681935287493,0.6955281469708772,85.28185811905607,85.13275424230591,39.577384202340234,0.0026857701311806537,4.151000022888184,-0.27699995040893555,0.0024859670434378422,0.007937399529853062,1,-0.0036713562028151125,0
2024-12-09,86269.2040083534,1034.7935779211516,85571.26619263353,1.0081562169963538,85167.79221922565,1.012932257141205,85438.99765647223,1.0097169486376607,85629.53855519477,1.007470149482895,78270.51176954774,1.1021929211649497,1,0.009638829810384664,0.0033845886693677496,0.011571289597537282,0.028495764236350585,0.029523799677326767,-0.01890068628248387,55.947262383726326,88.57073181739543,-92.16785720328838,180.7385890206838,0.18574209639920103,0.19812100296133958,0.05989318380881852,0.8259443562523773,83.36851508006656,85.19626504342908,39.28331052938433,-0.011422800371541308,4.198999881744385,-0.21500015258789062,0.002231356854082156,-0.004285928187078403,0,-0.016916962943720026,0
2024-12-10,87503.2996701373,1041.7412073881599,85907.71208317691,1.0185732753005403,85385.21259753914,1.0248062516700838,85397.90567928803,1.024653930024421,85668.44987402268,1.0214180342799806,78371.16645875973,1.116524145601215,1,0.014305170378811072,0.028131091824657783,0.020253843475671385,0.042816655632825995,0.03871353846252701,-0.013892428057063144,61.472689465641004,254.66227334168798,-22.801831094293107,277.4641044359811,0.19216432295270203,0.2008593559105322,0.0654907707961852,0.983043874648285,83.99715692040313,85.29100426805365,39.63260019599117,-0.011529082847594796,4.2210001945495605,-0.15799999237060547,0.005317619875830237,-0.019939572225249558,0,-0.01771731878448679,0
2024-12-11,88764.07692810516,1048.4767832944817,86405.09779756899,1.0273013883516782,85642.5590525961,1.036448208811603,85378.36554413101,1.0396553782963216,85744.77185884719,1.035212701647027,78475.666681361,1.1311031900948194,1,0.014408339602285158,0.03883720487571951,0.03240209343416267,0.05086694252236734,0.04546549369952935,-0.0065607410325162485,66.14460572299987,482.46366379444953,78.25126788345543,404.21239591099413,0.19719765963249092,0.20436819688620833,0.07344176118274064,1.0833374876295123,84.66003095125126,85.36015993818972,39.218948857968925,0.02061852929163388,4.270999908447266,-0.13500022888183594,0.005644737439209457,-0.03703912768014073,0,-0.02141334046935217,0
2024-12-12,87223.67345760239,1005.3225912781437,86613.30766424055,1.0070470209465725,85748.67054537119,1.0172014668314973,85362.25010707509,1.0218061654676676,85783.27448517537,1.0167911400103518,78571.63417869878,1.1101165753944473,1,-0.017353906262670082,0.01106384903188129,0.02484558825759131,0.031637060935581385,0.01858735486514984,-0.005512243707735398,57.043153600601045,532.561186715393,169.11325164984294,363.44793506555004,0.21217050182609984,0.20358476104142337,0.06994142349145172,0.812430982891026,86.76187545324643,85.44564004737101,38.694659128826856,-0.0011412529642810254,4.323999881744385,-0.10800027847290039,0.0056172267890217675,-0.033889869980376575,0,-0.009255485234718308,0
2024-12-13,86123.82426299957,986.667854003157,86634.11067950641,0.9941098672046789,85694.63662171208,1.0050083372566485,85309.49618566869,1.0095455736317862,85805.2212712382,1.003713095625664,78659.19025410671,1.0948984344331352,1,-0.01260952618714728,-0.015764838724230623,0.007937399529853062,0.011458211374368643,-0.009323230832029683,-0.018044485761981144,51.58525827615117,478.0050516940828,230.89161165869092,247.11344003539187,0.2100027360998042,0.2067840732870666,0.06185217037823078,0.6091379830942343,87.28755468293036,85.53917213711708,37.53401619339561,0.0007018957503821532,4.39900016784668,-0.010999679565429688,0.004153313376768164,-0.006344067612598092,0,0.0001129105058548241,1
2024-12-16,85899.46039521717,987.586434084569,86747.02100771647,0.9902295133290641,85829.33347580225,1.000817050728172,85250.99169379333,1.0076065824988059,85823.45593449414,1.0008855907734717,78745.13870411455,1.0908541379041192,1,-0.0026051312711944385,-0.03227225057731631,-0.004285928187078403,0.007235767694211859,0.024087705250119162,-0.020023305717489004,50.52327511453584,411.9163176896691,267.0965528648866,144.8197648247825,0.14612952643996133,0.2068721234381641,0.058764090609930285,0.5492525069115477,86.97918220397824,85.62012846736518,37.75986472256299,0.02567444996206336,4.396999835968018,0.13199996948242188,0.00433470269566949,-0.013995593752898605,0,0.008621051540774305,1
2024-12-17,85758.52130641695,984.9343606218528,86791.7228612617,0.9880956210940028,85952.53280652688,0.9977428064796341,85183.4082738965,1.0067514677350224,85859.65515948745,0.9988221027340183,78833.80667834368,1.0878394044363147,1,-0.0016407447515009999,-0.016797643267084106,-0.019939572225249558,-8.958172440021173e-05,0.02202333761014219,-0.023095961142261867,49.82930609099186,344.20018775126664,282.51727984216257,61.682907909104074,0.14667323568106708,0.20679656013269176,0.05663550590141849,0.5064124961499804,87.07029090696663,85.71565268079911,37.98515882433093,0.019049080295692633,4.385000228881836,0.08300018310546875,0.0063973797073437755,-0.007837629991437667,0,0.01441914476422057,1
2024-12-18,85476.33294935524,979.6612611134123,86678.4555671191,0.9861312409191116,86019.79002013523,0.9936821855685445,85185.75491208053,1.0034111106672075,85897.18557359715,0.9951005074097414,78918.52052936475,1.0830959878112567,1,-0.003290499331879082,-0.007518144011662287,-0.03703912768014073,-0.005837179521789748,0.011943747663442306,0.0008242886926641546,48.39596337290777,264.71297840145417,278.9564195540209,-14.243441152566731,0.14604921007300325,0.19129813530068335,0.05597432694954888,0.4417356048584537,87.2509063483823,85.76664459426813,37.592802209635245,0.027066364629097395,4.49399995803833,0.2519998550415039,0.006833057502853013,-0.0035958948079576336,0,0.02598190469004713,1
2024-12-19,84267.67450491342,940.0266932533515,86216.22340065856,0.9773992780141857,86001.0484548788,0.9798447346734988,85111.8170857771,0.9900819579493533,85901.52178843763,0.9809799960523617,78999.29735395746,1.0666889115146294,1,-0.014140270209742845,-0.018996462641278855,-0.033889869980376575,-0.009886295478420903,-0.0033249849264633813,-0.02564738431899327,42.726848596449486,103.00280481405207,243.76569660602715,-140.76289179197508,0.15840156613875284,0.19178417660462851,0.058135482128945024,0.21492146238070034,89.64391661089313,85.91538157985103,37.3065364182281,0.01731668248352336,4.570000171661377,0.3280000686645508,0.00882718317656761,0.020522542353248907,1,0.050210009816384904,1
2024-12-20,85577.44889881958,959.595866912545,85760.99082504633,0.9978598436834624,86029.6664857112,0.9947434692546817,85091.37713756392,1.0057123503885692,85908.4103774364,0.9961475078265009,79087.01431884697,1.0820670072814458,1,0.015543022892245517,-0.0021114217554007997,-0.006344067612598092,0.0015429765179693078,0.005041452094092236,-0.0071144429852061375,49.61475271807071,79.61640616328805,210.93583851747934,-131.3194323541913,0.16882720082977598,0.19732441037586698,0.05654573706371101,0.49122152859525064,89.18071851567657,86.02360998736806,38.0809117835054,0.021470574771656814,4.52400016784668,0.34600019454956055,0.009562980463448723,-0.005206299522875102,0,0.023454252161068778,1
2024-12-23,84697.24644393251,963.1806521964223,85400.07268023634,0.9917701915906393,85990.65778681598,0.9849586992799841,85121.26384398805,0.9950186665363346,85900.01414653772,0.9859980500055169,79170.20448920115,1.0698121470115094,1,-0.01028544863411096,-0.009114645873780525,-0.013995593752898605,-0.018221537830216517,-0.0068610949238251395,0.010699215859690359,45.64216906465728,-9.829160761073581,166.78283866176878,-176.61199942284236,0.1742384577701668,0.18203243554160173,0.054225452270220895,0.2925478823160567,87.93495410020579,86.09764799829087,37.95782831052262,0.01674007951823464,4.598999977111816,0.4029998779296875,0.0045886265113725955,0.001328787437049117,1,0.04107661857848233,1
2024-12-24,85086.37774780444,967.7022067197535,85251.86603520847,0.9980588309077517,85945.3360106095,0.9900057606069625,85175.83811063998,0.998949697885927,85893.34187427795,0.9906050444788298,79256.16723942208,1.0735616004590542,1,0.004594379631096102,0.009715507728212947,-0.007837629991437667,-0.027620923227398064,-0.007926509607428023,0.019619468916065808,47.63823451900728,-48.75376974324172,123.6755169807667,-172.42928672400842,0.17361628108317273,0.18187911180539826,0.05113860053111306,0.3555346468154102,87.92619997569848,86.1973714266675,37.596291830667504,0.002287618346151543,4.591000080108643,0.3680000305175781,0.004269690053563258,0.010184921374267075,1,0.04863498673130051,1
2024-12-25,85168.9690474994,968.6415319688265,85147.51012839164,1.0002520205121135,85891.38707003355,0.9915891680507486,85254.33669253734,0.9989986709374584,85880.25635427595,0.9917176853333749,79341.60568619729,1.073446501503257,1,0.0009706759399226161,-0.004773218372086996,-0.0035958948079576336,-0.04050183368118199,-0.009412084446211888,0.02843670306134949,48.07406718864654,-72.10617999870738,84.5191775848719,-156.62535758357927,0.173266396704186,0.1801591892004914,0.049652565072260124,0.36243136515794044,87.92619997569848,86.30978558188495,37.596291830667504,0.022760395940414124,4.591000080108643,0.41100025177001953,0.005885536420602522,0.01989424668216322,1,0.05909764807274964,1
2024-12-26,85997.0614239503,973.6440241893436,85181.58728803927,1.0095733615899118,85950.58529178047,1.000540730839843,85374.05209223786,1.0072974084800304,85873.74779598364,1.0014359874948002,79427.40072857038,1.0827127746233396,1,0.00972293530979651,0.015346602570819545,0.020522542353248907,-0.014062833919145978,0.01043335495715536,0.043582742140465536,52.35602747628982,-23.521853957761778,62.91097127634516,-86.43282523410693,0.172690199467093,0.1809727434592679,0.047850739914284075,0.5413743276721669,88.32495171188404,86.44277548143731,38.11979025576701,0.0193264954003578,4.578999996185303,0.3990001678466797,0.008339310849705628,0.004875917908173655,1,0.05018372796250081,1
2024-12-27,85131.90706744879,959.2259797921835,85132.38359062406,0.999994402562748,85929.67187417038,0.990716072931248,85466.26690769353,0.9960878150837469,85835.28849614855,0.9918054515686596,79512.05665023928,1.0706792234280937,1,-0.01006027813248711,0.0005350952861020719,-0.005206299522875102,-0.01151733801928867,-0.0036713562028151125,0.033587433084392604,47.91082569608133,-54.20431807443674,39.48791340618878,-93.69223148062552,0.17749275907041753,0.1839817479554983,0.047877880365886555,0.33100754079151357,88.75062692007351,86.5803466481772,37.27903624914683,0.05059526309945528,4.61899995803833,0.4679999351501465,0.006814794126855039,0.011765758745670762,1,0.06040176972981093,1
2024-12-30,84809.79108095985,942.8493042583852,85209.82881577357,0.9953052630151551,85832.37767901081,0.9880862370855537,85500.08494911823,0.9919263955285054,85784.40118332747,0.9886388423894829,79590.99779642923,1.065570145230228,1,-0.0037837280707658794,-0.004217239806427964,0.001328787437049117,-0.012685403485002467,-0.016916962943720026,0.012107383708507724,46.33349337733415,-103.32143483078107,10.926043758794812,-114.24747858957588,0.17257628730958555,0.1779173249579782,0.04875070082273022,0.2626293525882112,89.95052623468251,86.78200476885517,36.879844716202534,0.03832082802305403,4.545000076293945,0.34600019454956055,0.008504018349619225,0.021580208680175295,1,0.06407790314046391,1
2024-12-31,85952.975815187,941.8701878058893,85263.47551811175,1.0080867017545958,85729.02275534745,1.0026123365534991,85557.11767644329,1.004626828830779,85742.94533842913,1.0024495365295523,79676.25569905527,1.078777799748014,1,0.013479395711939235,-0.0005126408743895139,0.010184921374267075,0.002267465737606056,-0.01771731878448679,0.020310319575824298,52.33153572211513,-49.43183030176442,-1.1455310533170344,-48.286299248447385,0.1712793412496166,0.18138833702824717,0.04876827251811147,0.5336778473207139,91.2577730190682,87.01375367501187,36.82375843575431,0.045633547892222515,4.572999954223633,0.35199975967407227,0.011070482654376601,0.012124187846077161,1,0.057322600027589043,1
2025-01-02,86863.34152739588,964.056155935639,85572.91767289223,1.0150798160165155,85602.30706196683,1.0147313140113876,85622.43305728147,1.0144927961727535,85738.87208021127,1.0131150482844309,79764.24383820395,1.089001002800101,1,0.010591439139539638,0.02033825529804356,0.01989424668216322,0.01622681425585304,-0.02141334046935217,0.023078585133981866,56.50090692786247,65.97446174535435,12.278467506417241,53.695994238937104,0.1656663680727273,0.18249121650082265,0.0499452437033059,0.7348462490496411,90.10195203842724,87.16180900367769,36.496651171947896,0.0404039877777731,4.574999809265137,0.3039999008178711,0.010741774651774172,0.009599323986877462,1,0.044264952606659635,1
2025-01-03,86416.37603579766,970.2514522924611,85762.91742831984,1.0076193607572175,85548.4872338465,1.010144992974321,85648.57888960885,1.008964505379341,85713.76076346774,1.0081972283805027,79845.67814225092,1.0822924677506096,1,-0.00514561705477623,0.0189433900774989,0.004875917908173655,0.025498526493204166,-0.009255485234718308,0.009159834641924824,54.003418745911006,119.9852842559485,33.81983085632349,86.16545339962501,0.15143864526369666,0.18175887551743175,0.049528604189486534,0.6162514890687314,89.06595896220318,87.246249865866,35.89372612219671,0.05626967481147971,4.5960001945495605,0.2720003128051758,0.011158752750083378,0.024097044203158724,1,0.054546392259688714,1
2025-01-06,86133.54854756326,987.1814402615381,85900.71449975754,1.0027105018760512,85549.1355194841,1.006831314244503,85621.88607059809,1.0059758374925691,85679.0600029278,1.005304546345629,79925.58053653523,1.0776718538589816,1,-0.0032728459721249603,0.0021008316543282834,0.011765758745670762,0.006498203158651794,0.0001129105058548241,-0.009211373016884239,52.424306425429066,138.37236511871743,54.73033770880228,83.64202740991514,0.14266709371543057,0.17646152876472818,0.04927179974697167,0.5419089042056536,87.25199343486926,87.26708808351258,35.9896681643986,0.031841725542354204,4.618000030517578,0.21899986267089844,0.01084168371995653,0.0168465765256256,1,0.03972861176564679,1
2025-01-07,86640.00407060904,989.6932333662018,85992.5634492802,1.0075290303644768,85598.50509784355,1.012167256561023,85713.9192868229,1.0108043686660413,85653.23681751761,1.0115204899400791,80001.85585680476,1.0829749278027487,1,0.0058798868917622205,-0.0025711359114178878,0.021580208680175295,0.022937671627407452,0.008621051540774305,0.032916418139353754,54.963859598770966,191.6023150391411,82.10473317487005,109.49758186427105,0.14406202560230175,0.1428119345049435,0.049678985073594646,0.6557921230066734,87.54228193829158,87.29594415555016,35.89764178192394,0.050063653816461384,4.683000087738037,0.28600025177001953,0.010361786704438547,0.017732211310799828,1,0.047851291608155044,1
2025-01-08,86995.08583989966,991.30909354905,86258.73184534462,1.0085365733856981,85680.94273340907,1.0153376359382444,85816.73776996798,1.0137309818638207,85618.41735460237,1.016079116244296,80075.80634133788,1.086409114246906,1,0.004098358178760586,0.006696760853085015,0.012124187846077161,0.02243259312028334,0.01441914476422057,0.03676004006755451,56.70865693191852,259.4488008171902,117.57354670333409,141.8752541138561,0.14436766683840985,0.14305087587527576,0.04816954802017504,0.752624945711594,87.75778049769133,87.34583602859394,36.44844399114135,0.0462328450216134,4.692999839782715,0.3079996109008789,0.010471434680888514,0.025627502279687686,1,0.04584526321514448,1
2025-01-09,87697.17088530013,1003.5244432305345,86671.2146745361,1.0118373350900487,85828.9985958054,1.0217662132852385,85924.39430797032,1.0206318193058868,85585.35515265206,1.0246749660485883,80148.27519717527,1.09418662684323,1,0.008070398903824882,0.01815346475448454,0.009599323986877462,0.029684541988417523,0.02598190469004713,0.038235973666922884,60.007828081273125,365.6549821758963,167.18983379784652,198.46514837804978,0.1458022849613095,0.14357974673551727,0.0419649904052461,0.9997287585761123,87.38917270429232,87.33639925841466,36.40151671326963,0.04732213447493927,4.692999839782715,0.19899988174438477,0.011683435562758193,0.02856516232392159,1,0.05808321767650204,1
2025-01-10,88498.75526900905,1013.4492688614295,87034.89745365352,1.0168192053783374,86111.07064674511,1.0277279634817105,86056.05955081194,1.028384935714548,85601.18752664662,1.0338496208532206,80225.67897382616,1.103122546309418,1,0.009140367649457248,0.021453729352149953,0.024097044203158724,0.029090457320696483,0.050210009816384904,0.04671807736412448,63.43411756623753,508.6419983832893,235.4802667149351,273.1617316683542,0.13055778921048683,0.1453623528416045,0.048170410012916255,1.1132190627590173,87.32430718075065,87.32480030411735,35.457751218302064,0.09526527941414642,4.776000022888184,0.20599985122680664,0.008859237260288921,0.02049700343808647,1,0.04467688311628226,1
2025-01-13,87584.60396459347,983.9125614373407,87137.93494468175,1.0051259996027595,86244.88098446335,1.0155339420129927,86137.27373508729,1.0168026008572943,85598.75076783467,1.0231995581587976,80292.21134573074,1.0908231632513192,1,-0.010329538552681927,0.0067764531640179815,0.0168465765256256,0.028810548026387384,0.023454252161068778,0.028613947743833634,57.39496027234767,541.94862214358,296.7739378006641,245.1746843429159,0.12996324203610654,0.14834476889786097,0.05100665445667361,0.8536662688404278,89.01665391255453,87.40570408897369,33.98376183701202,0.13475382570864336,4.802999973297119,0.27899980545043945,0.010654387979253777,0.030706549193169064,1,0.0711687699556196,1
2025-01-14,88176.32293075764,990.5412934766388,87389.35592967602,1.0090052958133129,86476.81941691837,1.0196527060696543,86233.73860186717,1.0225269640443075,85609.18532342026,1.029986707590302,80361.62273131618,1.0972441811630584,1,0.006755970106382847,0.005463711549876571,0.017732211310799828,0.039695084811423254,0.04107661857848233,0.03393369307544036,60.04645545757704,609.0701551866077,359.23318127785285,249.83697390875489,0.12037938384057145,0.14928140318843236,0.05554129328630743,0.9242382626622161,89.01832110234069,87.46265046638617,34.610323210238896,0.11929523961687738,4.788000106811523,0.18900012969970703,0.02007883842434155,0.023451893430334936,1,0.07576244566492707,1
2025-01-15,89224.55260058332,1028.1932940158426,87830.92793725034,1.0158671289950238,86752.69774043697,1.0284931180761907,86349.01687552323,1.0333013140057556,85637.9558973655,1.0418809237753905,80434.59590521354,1.1092807963594187,1,0.011887881406086986,0.008201215139897355,0.025627502279687686,0.03806240277742967,0.04863498673130051,0.040322971434289645,64.28665276827493,738.336741286912,435.0538932796647,303.2828480072473,0.12601018710672465,0.1519778874941238,0.06370522538279322,1.028234996138944,86.77799506865841,87.49364854821751,33.95552246010695,0.1417974701536664,4.652999877929688,0.06199979782104581,0.016880365692096833,0.018553987889963874,1,0.07177918606146494,1
2025-01-16,90202.25480698742,1033.6420240328605,88339.82089959011,1.0210826090480103,87088.25012440284,1.0357568865850022,86489.81859721821,1.0429233899432484,85733.88231742855,1.0521190965435903,80514.87075192101,1.1203179482820602,1,0.01095777090394412,0.02988711170575309,0.02856516232392159,0.03843869255868393,0.05909764807274964,0.04912933157230448,67.72701891628313,909.1932255938882,529.8817597425094,379.3114658513788,0.1294317809904951,0.15448533364033287,0.07433061695174728,1.066725800973003,87.26643529081043,87.57102147469601,34.963140463127644,0.12239660510438077,4.605999946594238,0.014999866485595703,0.014668635931682328,0.005610596070549034,1,0.05665712234656817,1
2025-01-17,90312.7145600243,1016.9421534891285,88813.7678596079,1.0168774136774137,87375.96033347443,1.0336105516361893,86663.27281262745,1.0421105922838527,85810.42042274872,1.0524679184077508,80591.01376076616,1.120630084492012,1,0.001224578623596928,0.02422863143141396,0.02049700343808647,0.04508796483912492,0.05018372796250081,0.06114066756656222,68.10090102331196,1041.5055713690235,632.2065220678123,409.2990493012112,0.12717739504402542,0.1504309177248201,0.0792048395928851,1.002120656136963,88.80811386099342,87.69580679073484,35.29404273336626,0.11864398421388245,4.609000205993652,0.03000020980834961,0.013963889326820578,0.009050364886767914,1,0.06244713849374062,1
2025-01-20,90274.0249147965,1016.5064990928748,89181.88986382166,1.0122461528079578,87718.76818996428,1.029130102685648,86824.22003206731,1.0397332090222642,85892.08797414035,1.0510167705083082,80667.02730094588,1.1190944793094906,1,-0.0004283964380462635,0.011762147117858612,0.030706549193169064,0.04807042594961519,0.06040176972981093,0.056508657115037275,67.80460205968757,1130.2137273129192,731.8079631168338,398.40576419608544,0.11445597478867782,0.15047842458049923,0.08503116518138575,0.9295204678150677,88.80811386099342,87.8133486487994,35.29404273336626,0.10311613224701999,4.609000205993652,-0.009999752044677734,0.015342294093313003,-0.007959211497080787,0,0.07920172138959547,1
2025-01-21,90244.22465920857,1024.0783715088637,89431.24263385017,1.0090905817856843,88081.06376184753,1.0245587508253735,86956.72072042916,1.0378062087845852,86020.95956230036,1.049095768268541,80740.30129646967,1.117709783220173,1,-0.0003301088615030867,0.00046528606530915617,0.023451893430334936,0.04159995867108002,0.06407790314046391,0.04607693668380519,67.56077504441564,1184.4572624093853,822.3378229753441,362.11943943404117,0.11108574933936198,0.14877453206723956,0.08646878612916865,0.8803824586060542,88.12238122299345,87.97181085356364,36.357886063072996,0.06902382974122712,4.573999881744385,0.028999805450439453,0.009663131134337366,0.006001663964206427,1,0.07861236420664541,1
2025-01-22,90880.023869022,1024.577283489789,89902.0169059114,1.0108785875642161,88409.5336321032,1.0279437085054561,87069.27819372533,1.0437668228605035,86169.57704471586,1.054664847917981,80813.30100486286,1.1245676483819587,1,0.007045317439585919,0.006281610643213087,0.018553987889963874,0.044656982536599,0.057322600027589043,0.038589678464857835,70.03648671097761,1264.1766953913466,910.7055974585446,353.47109793280197,0.10430565595446381,0.1447986183253137,0.08956345254356132,0.9101104794929609,88.70001836910585,88.12857290185372,36.7298490540103,0.051868393159330894,4.598999977111816,0.026000022888183594,0.007755272686298165,0.0011374840721976032,1,0.06134185531873726,1
2025-01-23,90708.34322336216,1006.2557114431739,90263.73409056918,1.0049256674042186,88665.86707850095,1.0230356529762787,87134.08707023389,1.0410201824946792,86327.46367737152,1.0507472287424444,80887.78361997346,1.121409676021383,1,-0.0018890911154169077,0.004811110493584181,0.005610596070549034,0.03433602598195962,0.044264952606659635,0.021903751636281443,68.51591436052405,1298.533046416982,988.2710872502321,310.2619591667499,0.10207602716203817,0.13959170803848256,0.09022222114215651,0.8492852417119077,90.14442570498387,88.31138606031148,37.054407641248666,0.020374751116162937,4.638000011444092,0.06300020217895508,0.008008375590298211,0.022958875160514314,1,0.07018762322446293,1
2025-01-24,91130.07758070703,1017.3552706079755,90535.95194487255,1.006562317212904,88980.11384816158,1.0241622946922075,87264.30054100404,1.0442996393225719,86501.95324032698,1.0535031194905138,80963.17744112505,1.125574371719479,1,0.004649344727930771,0.009816172999920214,0.009050364886767914,0.029732873685054395,0.054546392259688714,0.04478605369680366,70.22601634557407,1344.2949448558356,1059.4758587713527,284.81908608448293,0.09586666333005985,0.1289414591444635,0.09298573849130509,0.8580485759361635,89.57547103806701,88.40517257980551,37.2207308599001,0.009464637456758407,4.625999927520752,0.029999732971191406,0.007414572104286199,0.014512510781314214,1,0.04762084366532382,1
2025-01-27,89555.51485780689,989.4144818751578,90443.56052356107,0.9901812173181436,89208.24493551115,1.0038928007444468,87378.69022749763,1.0249125344479497,86645.75428540751,1.0335822637404106,81028.42561539172,1.1052357759348517,1,-0.017278189207132755,-0.014574259059658923,-0.007959211497080787,0.022502937776714527,0.03972861176564679,0.03984600804915317,57.63828079845337,1239.2225404400524,1095.4251951050928,143.79734533495957,0.1262252470398325,0.13398981661409567,0.08767867593524527,0.6471250634011727,90.51364872395985,88.5127090478398,37.42517385313468,-0.005301786332140401,4.527999877929688,-0.09000015258788974,0.005177301860291417,0.04759480915010572,1,0.06211409607581797,1
2025-01-28,90785.84017032348,1007.9770355213286,90511.14989646095,1.003034877738011,89484.63400882545,1.0145411128503883,87541.5695533345,1.0370597721007553,86785.56609204963,1.0460937717918546,81111.2175200135,1.1192760131842783,1,0.01373813008020841,0.0008543530198814597,0.006001663964206427,0.029594307778234574,0.047851291608155044,0.056884871600175746,63.19036190445388,1240.9242708513484,1124.5250102543441,116.39926059700429,0.1337517961969509,0.1381195891442663,0.08158126457670861,0.7862985647451044,90.06736956106762,88.61564862640945,37.51525180830546,-0.006464691675873269,4.551000118255615,-0.13199996948242188,0.009193398490749294,0.044841096670706015,1,0.07034438783150287,1
2025-01-29,90983.39844865396,1026.1172033246346,90612.48897272629,1.004093359316499,89750.52151607574,1.0137367105143493,87715.7321247424,1.0372529105641453,86920.39418111401,1.046743969649677,81195.67332973453,1.1205449098152263,1,0.0021760913151194217,-0.0016095578534229826,0.0011374840721976032,0.019712576827862316,0.04584526321514448,0.060925457466417976,64.00613736377457,1243.8755830249866,1148.3951248084727,95.48045821651385,0.1337396075130525,0.13771595058025232,0.07886955041285303,0.7876142295222255,88.6676474684898,88.6688938451269,38.141007216091694,-0.00954714881554486,4.554999828338623,-0.1380000114440918,0.009068066290679244,0.05106008341641943,1,0.06374509649396476,1
2025-01-30,92790.90475144441,1063.7919568276852,90976.30041447429,1.019945901610673,90090.10377381867,1.0299788862981711,87959.55118481204,1.0549269920270647,87078.13467409789,1.0656051039532182,81290.20837132861,1.1414770193180135,1,0.01986633093080714,0.03612719885285176,0.022958875160514314,0.028698284205822988,0.05808321767650204,0.0855742349923112,70.45718482813218,1376.2011812978744,1193.956336106353,182.24484519152134,0.14955269647841024,0.14607194289246128,0.08410304022764051,0.970112345725071,87.22655229062589,88.66808204320168,38.81479265313493,-0.016098415063430682,4.51200008392334,-0.180999755859375,0.008533607434697554,0.027178851729426023,1,0.049954862158768654,1
2025-01-31,92452.60381409904,1056.1127477269965,91200.95469234242,1.0137240791610016,90353.69367682468,1.023229931747801,88232.38216178489,1.0478307572448384,87214.54672906034,1.060059442850872,81382.14957979711,1.136030496754661,1,-0.0036458415644460285,0.018359290839282227,0.014512510781314214,0.02369421918607606,0.04467688311628226,0.09713011967250118,68.00065008363202,1437.2049093724781,1242.6060507595782,194.5988586128999,0.15053280319423015,0.13847676432329095,0.08398500957369136,0.8840878324753142,87.54046763491985,88.59796707733591,38.777058421294626,-0.0527621905658755,4.568999767303467,-0.2070002555847168,0.008461417834917828,0.037855952081546684,1,0.04765384896928904,1
2025-02-03,93817.89249580367,1063.648073052703,91645.17601697693,1.0237079197537278,90769.24624557204,1.0335867749962764,88507.0636150177,1.0600045766277668,87352.2179166187,1.0740184363190035,81480.34695700087,1.1514174399050314,1,0.014767444348564807,0.031153969795372438,0.04759480915010572,0.03925678050083614,0.0711687699556196,0.09629223239322049,72.21149106351746,1577.533367123906,1309.5915140324437,267.94185309146224,0.14572148042973102,0.13788970615232224,0.08570562726014018,1.0020319187738962,88.20388516630983,88.56540596569036,39.052760451089625,-0.07180913543046497,4.543000221252441,-0.25999975204467773,0.004246499505967671,0.038436064732249475,1,0.0368407683064218,1
2025-02-04,94856.77680573222,1084.7936813878798,92177.56162055196,1.0290658066678877,91214.609837237,1.0399296447684674,88845.71462707767,1.0676573113727035,87571.77330105605,1.083188945821979,81581.63015971202,1.1627222527918541,1,0.011073413421379463,0.022263734358680898,0.044841096670706015,0.05111188182891646,0.07576244566492707,0.11995112932656049,74.91635662035534,1752.3736893209134,1398.1479490901377,354.2257402307757,0.14791163901800333,0.1336969565706334,0.091037045773303,1.0468314723523313,87.4422283521127,88.54898177408724,39.55708623806348,-0.061935523248487945,4.513000011444092,-0.27500009536743164,0.0033790985261061834,0.02616323043544977,1,0.011995456940964155,1
2025-02-05,95629.01836295155,1086.098343420267,93045.20497842976,1.027769441586171,91641.57422139488,1.043511301234563,89197.13598091592,1.072108619983177,87806.14304140414,1.0890925742844508,81695.23103090783,1.1705581483302512,1,0.008141132170249588,0.034357221082053524,0.05106008341641943,0.052255647520228266,0.07177918606146494,0.12390515255444812,76.72959555577478,1930.9900923096284,1504.716377734036,426.2737145755923,0.14551280683096443,0.13426997997518084,0.09752135275183561,1.0465071068148664,88.04821307331409,88.55304887734111,40.729270022210585,-0.11256874104411185,4.421999931335449,-0.23099994659423917,0.006872286280960038,0.008634981261371077,1,0.012428436140384136,1
2025-02-06,95312.85499352321,1077.4093995313588,93691.921381744,1.0173006763856915,91982.28090049727,1.0362088661035578,89535.26551245006,1.064528646316124,88023.05064637,1.0828169927493174,81805.7615303416,1.1651117624297387,1,-0.0033061446707354225,0.015934726926278175,0.027178851729426023,0.05076172275380242,0.05665712234656817,0.11910307309656987,74.35961587933679,2023.7051239582215,1608.5141269788733,415.19099697934826,0.1461640526149669,0.13565568162430566,0.10119430981217305,0.9489295836824174,88.46484449834054,88.57100369476251,40.74068724352063,-0.10256735718763532,4.440000057220459,-0.1659998893737793,0.010448786460987014,0.01848744586903095,1,0.004692881399923854,1
2025-02-07,95952.4851538998,1074.4644045837588,94401.79091106485,1.0164265341564955,92358.26560675564,1.0389160571989051,89867.11297011502,1.0677152295501966,88251.12438977278,1.0872664322112537,81920.11494504623,1.1712933413028874,1,0.006710848819081683,0.011551186800407454,0.037855952081546684,0.052917847775581395,0.06244713849374062,0.11576469666644806,75.9762947746975,2124.307567542506,1711.6728150916,412.63475245090626,0.14620767198408124,0.13478970789352146,0.10704068587143385,0.9499242024402389,89.30261881323449,88.60359259814086,40.67042391007858,-0.08834100534224176,4.486999988555908,-0.12200021743774414,0.011341009466918184,-0.005030785755458678,0,-0.016483559672349823,0
2025-02-10,97423.8830848156,1075.4342827870546,95063.6449586893,1.024827978425948,92834.92281809024,1.0494314006779262,90276.84550402725,1.0791680030564375,88496.63848274242,1.1008766519850817,82041.98399684943,1.1874881412979588,1,0.015334651609656635,0.018769038442408847,0.038436064732249475,0.08786023104776786,0.07920172138959547,0.1443874152569855,79.22186943121089,2296.2949857224157,1828.5972492177632,467.69773650465254,0.15162205400921322,0.13234640237466314,0.11284253054110746,1.0188172839433547,90.59027096414293,88.6649140662765,40.575220059260914,-0.07139185612066434,4.493000030517578,-0.11600017547607422,0.010905744823285435,-0.023666767326490645,0,-0.011902803309030263,0
2025-02-11,97338.53651566461,1069.807736457503,95761.63534462724,1.0164669407050373,93307.87694185397,1.0431974202598393,90694.47035185076,1.0732576764386856,88737.76167450851,1.0969235044794559,82159.96705382002,1.1847441035596042,1,-0.0008760333344205451,0.021252972878412324,0.02616323043544977,0.07217751505132974,0.07861236420664541,0.14772758280638554,78.55890891184578,2398.066085780418,1942.491016530294,455.57506925012376,0.15199242962507667,0.13101906554812026,0.11617354401665347,0.9508692873223392,90.98694391102981,88.69946132215473,39.99727372916601,-0.03386480057311436,4.537000179290772,-0.03699970245361239,0.014835669217523995,-0.0017097236176781827,0,-0.005918913788448998,0
2025-02-12,96454.77314455895,1076.7879370038686,96138.33258016371,1.0032915129262447,93679.52689355642,1.029624896100894,91044.53026282981,1.0594241396612263,88951.53304958165,1.0843520042627595,82274.22928461572,1.1723570549763243,1,-0.009079275308021995,0.00523475749328961,0.008634981261371077,0.060135967541295354,0.06134185531873726,0.12218072998371254,71.85350207168116,2379.9732475521305,2029.9874627346614,349.98578481746904,0.1622984868342251,0.1340660394168813,0.11672445248514858,0.8321004610005137,89.5763871668097,88.64341512707946,41.0354468043102,-0.053950153275582946,4.63700008392334,0.03800010681152344,0.00415614173083112,0.003404401947648239,1,0.0037483068441452883,1
2025-02-13,97074.94624083876,1076.0838079630296,96455.21392803607,1.0064250784127136,94103.96709472155,1.0315712422955212,91384.91708661124,1.0622644232289966,89173.46791127564,1.0886079516098308,82391.90598094261,1.1782097414191677,1,0.0064296776205190476,-0.0035816355592505067,0.01848744586903095,0.04616876514858714,0.07018762322446293,0.11755942764672755,73.55906632398003,2388.148242403535,2101.6196186684365,286.52862373509834,0.16041230805218745,0.13279334974270113,0.11974626442844036,0.847305212051482,90.21132510266403,88.64706089588735,41.31575065895265,-0.044626128497525674,4.525000095367432,-0.11299991607666016,0.004640753828033084,0.0036190117085399542,1,-0.006207810175351325,0
2025-02-14,95469.76875838671,1079.5683153984814,96432.46398452681,0.9900168969415262,94393.27983990019,1.0114042961565943,91686.69684403088,1.041260859476607,89380.68152448846,1.0681253166796447,82498.73164574988,1.157227109482538,1,-0.01653544549455299,-0.019198642430556467,-0.005030785755458678,0.032634721141596934,0.04762084366532382,0.10476478114331855,62.92997585318641,2239.289442135356,2129.1535833618204,110.13585877353535,0.18226097960708704,0.1431215347475339,0.11758382180567871,0.683180714245548,88.43328151978702,88.62597164780681,41.00508960598235,-0.05250476300645135,4.4720001220703125,-0.15399980545043945,0.003631368000925006,0.01454447300695838,1,0.008958710596062014,1
2025-02-17,95118.17471180405,1075.5925040237416,96404.65251570978,0.98665543860867,94764.12383016666,1.0037361278438233,91986.1843828389,1.0340484861936448,89574.13285209253,1.061893335533217,82598.32764290115,1.1515750672704923,1,-0.0036827788645059645,-0.013857255469894691,-0.023666767326490645,0.013859640004794782,0.06211409607581797,0.10431041464963497,60.855710238169756,2069.095820635048,2117.142030816466,-48.046210181418246,0.16222615235130203,0.1432915976867361,0.11373273842466408,0.6331725651240427,88.43328151978702,88.66534791730406,41.00508960598235,-0.03321033710517596,4.4720001220703125,-0.05599975585937589,0.0026866569901229376,0.022666972226567994,1,0.006943668024195659,1
2025-02-18,97172.11452087355,1097.8241675049433,96578.88528242032,1.0061424320307537,95189.87545353668,1.0208240535865019,92337.25473118106,1.0523608786482561,89792.19106234293,1.0821889227918131,82712.96867986012,1.1748111096940244,1,0.021593557858870627,0.0010009614611963258,-0.0017097236176781827,0.024408774924781218,0.07034438783150287,0.12156174925478025,67.5787725832053,2076.020850432251,2108.917794739623,-32.896944307371996,0.1734558868056715,0.1526331928169598,0.11235492993648762,0.7959095836136914,88.51336798205384,88.69771745209614,41.043842207194004,-0.02602681654216632,4.544000148773193,-0.006999969482421875,0.004468665080937351,-0.012117543589694968,0,-0.0038233264616451823,0
2025-02-19,96783.14396211224,1087.5536138037355,96487.35112203413,1.0030656126076463,95576.5251544339,1.012624635659527,92663.52333525481,1.0444578457474871,89977.78794818243,1.0756337332703596,82823.07368900147,1.1685529122660974,1,-0.004002903103212385,0.013756974807903832,0.003404401947648239,0.01206878015604329,0.06374509649396476,0.11251277043654984,65.29174858175793,2026.7590958658257,2092.4860549648633,-65.72695909903769,0.17682497448971057,0.15432719271155157,0.1101865023553668,0.7349762709556992,88.99160715459189,88.73884500732615,40.63806363481816,-0.005095052775930142,4.534999847412109,-0.019999980926513672,0.0034948136003956076,0.00035536713649575447,1,0.0072586683831754595,1
2025-02-20,97426.26160789025,1102.2373429043757,96499.88327806637,1.0095997870500475,95885.54894486362,1.0160682467794242,92987.82635934114,1.0477313582037855,90151.03164177814,1.0807004626970969,82930.76529822657,1.1747903357401388,1,0.0066449344322785375,0.024265466647982015,0.0036190117085399542,0.022173363860631845,0.049954862158768654,0.11093961896803806,67.26435183784945,2016.3695664998813,2077.262757271867,-60.8931907719857,0.1635248798492741,0.15402386472062604,0.10722949506104142,0.7708613001337892,88.38954897704764,88.77219088308468,40.734464793257374,-0.0021999677536673756,4.5,-0.012000083923339844,0.002680043962055123,-0.01710128934947608,0,0.01735652647730923,1
2025-02-21,96858.32623307363,1081.5388010146944,96557.53371928273,1.0031151635942295,96179.26377279525,1.0070603832223393,93266.47872480997,1.0385116663282816,90343.72469728754,1.072109065213045,83037.64546232302,1.1664387362358621,1,-0.005829386917280854,-0.0032292009837093794,0.01454447300695838,0.009440517123875836,0.04765384896928904,0.09445975752601332,63.81510950526683,1939.945665256295,2049.799338868753,-109.8536736124579,0.16542924491884672,0.15541404172421563,0.10269286920355031,0.6943666549175654,89.55603454935172,88.84658179537136,41.94886203296935,-0.029367121043244238,4.420000076293945,-0.14899969100952148,-0.002259752490887501,-0.02568162893846304,0,0.02175502406255303,1
2025-02-24,97274.21573623836,1069.3533018482783,96586.00079005411,1.0071254109348642,96409.68532215757,1.008967256880799,93589.46578386478,1.0393714177286055,90566.73252675234,1.0740612255996396,83141.26009812373,1.1699872677108194,1,0.004293791967496574,0.005073939056147614,0.022666972226567994,-0.0015362490576047438,0.0368407683064218,0.11063145042662947,65.22152300913118,1891.138117067123,2018.067094508427,-126.92897744130414,0.15758406405582975,0.15015681348027612,0.08928156768508241,0.726176981585244,90.96546068088323,88.91154202098234,41.91230663417499,-0.03362502174314763,4.39300012588501,-0.15000009536743164,-0.00028418291154563846,-0.010382504363970257,0,0.019279816430168406,1
2025-02-25,95994.62718746404,1045.883632056227,96660.98056563658,0.9931062836909661,96485.54201427303,0.9949120374248779,93850.07592575502,1.0228508207431348,90768.63586259728,1.057574858046536,83235.92089280578,1.1532836563566033,1,-0.013154447343414866,-0.014694543306896901,-0.012117543589694968,-0.01380654955690963,0.011995456940964155,0.08866670776060692,57.78032570993943,1729.2717136883002,1960.308018344402,-231.03630465610172,0.16486993454699975,0.15737409919128392,0.07696256590396926,0.5523748938009527,91.78327707043101,89.00370721991867,42.344407890081136,-0.05185690235654905,4.297999858856201,-0.21500015258789062,-0.002913342538442776,0.007998061399532297,1,0.0445175035262253,1
2025-02-26,96817.53751084312,1065.5346255820384,96903.74667978504,0.9991103628920893,96564.77662413246,1.002617526758173,94103.17542276367,1.0288445323538236,90989.8161866858,1.0640480612929304,83336.62000944317,1.1617646300014612,1,0.00857246230845865,-0.0004211173558003045,0.00035536713649575447,0.00376097889671545,0.012428436140384136,0.0850997252320227,60.87208344851073,1648.3917742885533,1897.9247695332324,-249.5329952446791,0.16522259819436044,0.15601312301588452,0.06249647959583062,0.6529322804855135,90.86287313746902,89.13986982221238,42.7076651167799,-0.03392927036649884,4.249000072479248,-0.17299985885620117,-0.0005611928776751984,-1.262457182205079e-05,0,0.03172046711540388,1
2025-02-27,95760.14691789597,1051.5793334768036,96702.03702221681,0.9902598731802883,96594.5960857573,0.9913613265992592,94288.43849312728,1.015608577767209,91195.4924660566,1.0500535095365415,83437.2393115009,1.1476907398672345,1,-0.010921477865812546,-0.015564955285250814,-0.01710128934947608,-0.013544167407322893,0.004692881399923854,0.06161588890212544,55.27119354175721,1481.8889622241404,1814.7176080714141,-332.8286458472737,0.1715192512036066,0.1588988683236908,0.054519930837119555,0.44476242413727524,91.06316933623637,89.26642762372656,41.1641786085876,-0.0036822282110610116,4.284999847412109,-0.1550002098083496,-0.001968279177482768,0.007437086374855406,1,0.041122489904980464,1
2025-02-28,94370.84663915524,1034.2859218072401,96357.42311893722,0.9793832543930747,96489.15351810768,0.9780461657946361,94423.70956243166,0.9994401520177358,91397.55590874144,1.0325314030648978,83539.9354731862,1.1296495036131005,1,-0.014508126015427947,-0.016915327408249525,-0.02568162893846304,-0.011510681690374724,-0.016483559672349823,0.044934227687661865,48.90425210718702,1223.7230449268245,1696.5186954424964,-472.7956505156719,0.17926701139915,0.1659876148309275,0.0450319154826753,0.09015458556374302,91.24251297091546,89.34757426072396,40.83285425359489,-0.017464758644641254,4.230999946594238,-0.2560000419616699,-0.00298326517934,0.02070775263554747,1,0.04866275629203387,1
2025-03-03,96264.26576685508,1062.8854576527365,96191.42371307507,1.0007572614165405,96411.84569691031,0.9984692759588985,94623.38425750028,1.0173411839180202,91611.29224610215,1.0507903928290119,83652.43970806323,1.1507645933914847,1,0.020063602215413923,-0.005714581864118107,-0.010382504363970257,0.012049127924537384,-0.011902803309030263,0.0663561955691283,56.29369103715844,1158.5527205368853,1588.9255004613742,-430.3727799244889,0.18788663445669568,0.17431494412536583,0.03878918802112832,0.4990976710019745,90.5688050116319,89.40626396574524,42.432353094484114,-0.05461832086435803,4.179999828338623,-0.3130002021789551,-0.0005610906640041158,-0.005044675954428923,0,0.021914379091792613,1
2025-03-04,96762.3981097346,1063.7701636612271,96177.71969545519,1.006079146148721,96373.4364698483,1.0040359839197806,94840.65670585114,1.0202628437068266,91852.59527941821,1.053453065919157,83768.47171020832,1.1551171477077669,1,0.00517463400267304,0.0104662662297077,0.007998061399532297,-0.004216399047804464,-0.005918913788448998,0.07222815061175125,58.01402822451521,1134.0275225632213,1497.945904881744,-363.9183823185226,0.18943400750757985,0.17435019372753774,0.036425889824774765,0.613809089792936,90.9617522770984,89.50090966754875,42.786405013358355,-0.06901251472524139,4.210000038146973,-0.3270001411437997,-0.0018344884526726446,0.00039473695467906467,1,0.014729117745605258,1
2025-03-05,96816.31523088718,1087.214850073158,96112.30533754789,1.0073248674128332,96397.53927560351,1.0043442598061179,95038.53308457998,1.0187059089466908,92087.19402907984,1.0513548192196405,83880.88945105208,1.154211833762009,1,0.0005572115016354573,0.025913390404164183,-1.262457182205079e-05,0.0003427380783158629,0.0037483068441452883,0.06532009025900654,58.205785676134404,1106.190314185049,1419.5947867424052,-313.40447255735626,0.1854989941705874,0.17385672710085018,0.03589795422266498,0.6138378642566534,89.04984623915499,89.51257059655038,44.12607612253886,-0.07089820643492417,4.264999866485596,-0.37200021743774414,0.004674510336056148,0.006913560764328919,1,0.013715037362248106,1
2025-03-06,96472.3234017932,1089.8873422067459,96180.54765388063,1.0030336253538767,96357.36441966714,1.001193048220221,95230.66575719435,1.0130384223897442,92313.26111616574,1.0450537900550794,83993.73032745125,1.1485657682507242,1,-0.0035530357489192976,0.002161317424287157,0.007437086374855406,-0.009791386740634178,-0.006207810175351325,0.06354410160747492,56.43485497084009,1044.3334344831383,1344.542516290552,-300.20908180741367,0.18408118716691707,0.17426066479401695,0.034203968203643985,0.49759663582361735,88.51586734051186,89.45828531773465,44.10186966085749,-0.06915416246126038,4.285999774932861,-0.2390003204345703,0.00017608186498185852,0.02741635737603154,1,0.036367054855844794,1
2025-03-07,96325.05478736605,1075.8682991282415,96110.19297909818,1.0022355777426708,96414.38348826577,0.9990734919659515,95403.83166408299,1.0096560390417724,92519.82098343404,1.041128849618217,84104.85945830656,1.145297137499141,1,-0.0015265374486088668,-0.004519765228147454,0.02070775263554747,-0.005505685122251136,0.008958710596062014,0.05700617561812371,55.654162800763224,972.220907816707,1270.0781945957829,-297.8572867790758,0.1700776024032051,0.17439903139216403,0.03384998429191096,0.4467843323366126,89.5323850163233,89.45684911700985,43.46807962136883,-0.052304171048571546,4.316999912261963,-0.1550002098083496,0.004319132659275526,0.027411628982670688,1,0.04172974489254777,1
2025-03-10,95778.64374007027,1066.1709239758688,96112.83538226594,0.9965229239064012,96458.41475681686,0.992952703831383,95611.26929349176,1.0017505723730613,92732.75571688646,1.0328458698292426,84216.6162122854,1.1372891484815821,1,-0.005672574477138537,-0.010717940342413135,-0.005044675954428923,-0.015374803948287497,0.006943668024195659,0.06948906376278718,52.739028995715096,861.0547032901668,1188.2734963346597,-327.21879304449294,0.17118159700718305,0.16636292905587802,0.03324155095582241,0.30094548273908767,89.83422974989186,89.43420181787427,43.91034311527083,-0.06658183809311291,4.2129998207092285,-0.259000301361084,0.0073951669480056825,0.035195748105389724,1,0.058063500477454344,1
2025-03-11,96800.59380409188,1089.9305291976502,96459.94212011404,1.0035315352310046,96433.64670903141,1.0038051770059848,95811.76108128404,1.0103205776790696,92972.5717713491,1.0411736704687182,84325.56532843117,1.147938865598742,1,0.010669915798714458,0.003402741747303928,0.00039473695467906467,0.008395955484611806,-0.0038233264616451823,0.06625211181043333,57.24926542465797,845.669166921638,1119.7526304520554,-274.0834635304175,0.15171955919463856,0.1647589246916095,0.03225886355273298,0.6321370266906597,88.81354472418353,89.39240765664479,44.08905512905148,-0.077940133514938,4.288000106811523,-0.2560000419616699,0.005760248034298643,0.03582079821438233,1,0.05379910009565125,1
2025-03-12,97485.66070921434,1107.713425461776,96634.42711187965,1.0088088026470026,96480.4811588382,1.0104184757196772,96028.50315663606,1.0151742191607573,93203.22546922967,1.0459472858200436,84442.99792873772,1.1544552313441483,1,0.0070770940363125145,0.01204884777289017,0.006913560764328919,0.006900848911762347,0.0072586683831754595,0.07146646939364332,60.00472088861461,878.6269281022396,1071.5274899820924,-192.90056187985283,0.153523618633499,0.1653658677777132,0.03380937291851277,0.820304976807293,88.0062103297735,89.37035975202092,43.54018964978093,-0.06325259093182312,4.317999839782715,-0.21700000762939453,0.0036012710740389586,0.024649515620595697,1,0.05486205670114508,1
2025-03-13,99117.24309707285,1128.2857150868078,96970.83353864226,1.0221345891347347,96593.21325811704,1.0261305091094866,96239.38110149033,1.029903163992167,93448.3035006232,1.0606639113187522,84561.74405266382,1.1721286523530554,1,0.01673663978875095,0.03485745074928248,0.02741635737603154,0.03505734156877627,0.01735652647730923,0.06817843152380676,65.67854882324342,1024.5904137783073,1062.1400747413354,-37.549660963028145,0.16584185280569133,0.16271362034540174,0.04162339973019907,1.14050843462894,87.84764512110847,89.39106284637032,44.94815795059781,-0.08295434295689763,4.27400016784668,-0.2259998321533203,0.005384842102009069,0.005859722058501271,1,0.023407185173546896,1
2025-03-14,98965.48145093276,1127.3642435942004,97277.85728436304,1.0173484923874963,96733.69027264099,1.0230714983787088,96456.47702271813,1.0260117775981357,93699.2856089259,1.056203158943884,84678.41587655692,1.16872145547932,1,-0.0015311326404776615,0.022364404615350164,0.027411628982670688,0.04868701485052873,0.02175502406255303,0.07044558366284215,64.75830981693629,1115.1666839033423,1072.7453965737368,42.42128732960555,0.16348211332612606,0.16216209287277736,0.045777777637693334,1.0075755977029852,87.78483263982335,89.39920834653377,44.672522833858366,-0.04573865271181077,4.308000087738037,-0.1119999885559082,0.005446932452424891,-2.31323151247409e-05,0,-0.00764470149426999,0
2025-03-17,99149.64475902164,1123.856497081599,97660.33176396713,1.0152499276641205,96858.7188741599,1.0236522422709116,96634.20209815871,1.0260305627432802,93959.60753315507,1.055236897664086,84806.02447418324,1.1691344497489669,1,0.00186088427387876,0.017069013408758993,0.035195748105389724,0.02997352100679529,0.019279816430168406,0.056830867986684463,65.39200340240251,1188.1136359696102,1095.8190444529114,92.2945915166988,0.16303328416005664,0.15781071427219961,0.048109822654083825,0.9782333601990393,88.22269125424911,89.39983521613176,44.48209553362856,-0.04413006013948739,4.306000232696533,-0.08699989318847656,0.0047336429785544976,-0.007824610779435304,0,-0.026850932158350216,0
2025-03-18,100268.06834178064,1140.2161719608987,98223.61941459776,1.0208142291983087,97143.61495111432,1.0321632398818867,96814.57848269367,1.0356711759035784,94232.1688185785,1.064053492547994,84938.66792412882,1.1804761104959258,1,0.011280157235835642,0.011610747118750098,0.03582079821438233,0.03622967496186269,0.0445175035262253,0.05704696826385747,69.033670216513,1320.9450251194357,1140.8442405862163,180.10078453321944,0.15451620707130007,0.15791634043166497,0.05710105459828434,1.076131089211431,87.93777075310545,89.41635329616484,45.452914490688016,-0.02945014899621934,4.281000137329102,-0.01699972152709961,0.002610395730923587,-0.020748833714927972,0,-0.02670289556950023,0
2025-03-19,99888.6350256502,1115.9135463193709,98810.76102682347,1.0109084677379838,97348.3547854348,1.0260947423899913,96956.56570478363,1.030241059999941,94490.03980229351,1.0571340136447445,85069.46787200322,1.1742007740773002,1,-0.003784188948739664,0.009328036009961238,0.024649515620595697,0.031733492308978706,0.03172046711540388,0.044543139055674974,66.47793929999611,1379.6935124814772,1188.6140949652686,191.07941751620865,0.15472616219484422,0.1576020311086382,0.062490183742455636,0.9376004535916884,89.51287969589926,89.46517551691768,45.28290329505133,-0.021276581551075147,4.25600004196167,0.006999969482421875,-0.005800292572911259,-0.01746425320206091,0,0.010914067165331387,1
2025-03-20,99698.04259282659,1106.6423362334858,99224.682282357,1.0047705903368134,97610.8811637635,1.0213824668333997,97102.7386247604,1.0267274023866142,94730.05723644403,1.052443601337457,85194.5473729273,1.1702397121310153,1,-0.001908049226768127,0.005531011584941181,0.005859722058501271,0.03343673166861283,0.041122489904980464,0.046008354272897956,65.17274534305574,1394.7945718990668,1229.8501903520282,164.94438154703857,0.14515730587428036,0.15728321726257755,0.0664150555511078,0.8642095029784913,90.0905733727874,89.51936647939924,44.59126799774844,-0.02970854844665627,4.232999801635742,-0.05200004577636719,-0.009466302491027201,0.002835512903146542,1,0.04238007528087029,1
2025-03-21,98963.19215022936,1090.3835519187833,99435.75820250201,0.995247524021386,97917.03753116843,1.010684091813214,97203.09552463805,1.0181074133091284,94939.34597406843,1.0423833357484893,85322.06297525032,1.1598780983405894,1,-0.007370760984730773,-0.01301387583436231,-2.31323151247409e-05,0.027387862573106103,0.04866275629203387,0.03137706117252326,60.26020531008272,1332.1102432937041,1250.3022009403635,81.80804235334062,0.13227791702201985,0.15855636354443078,0.06777604548641278,0.729313820359385,90.75998255211007,89.5679452706951,44.25014581598991,-0.02121564380177876,4.251999855041504,0.020999908447265625,-0.011347071607203274,0.013959559813683464,1,0.07293154201480156,1
2025-03-24,98373.83737986302,1085.159017915492,99329.55738575773,0.9903782919097982,98057.67563870229,1.0032242426623046,97234.7606678063,1.0117147068006704,95155.13064237384,1.0338258874299295,85441.75817582378,1.1513554903379604,1,-0.005955292645286492,-0.015164864805672917,-0.007824610779435304,0.02709574429593875,0.021914379091792613,0.009750733238793163,56.576867816006,1220.80379055893,1244.4025188640767,-23.59872830514678,0.11436594556870962,0.15385920209013526,0.068236233056962,0.6307940464235621,90.65384496907598,89.57006440419288,43.63478615222189,0.010823428902180687,4.330999851226807,0.1510000228881836,-0.01688691836702827,0.03015079787205588,1,0.0724331060765373,1
2025-03-25,98187.62286484,1103.3330752918191,99218.43473060163,0.9896106820414926,98152.690622376,1.0003558969422284,97263.06354611214,1.0095057597922517,95355.35664105548,1.0297022246421454,85563.57559805384,1.1475399687138985,1,-0.001892927225192742,-0.015149943656920573,-0.020748833714927972,0.014328724713768004,0.014729117745605258,0.008723023579039868,55.42412828007975,1104.8308672400017,1216.4881885392617,-111.65732129926005,0.11391331179607526,0.15395888930265758,0.06681750423321352,0.5880590128863186,88.99182401106101,89.50356040752725,43.85362177246226,0.010840870797113045,4.307000160217285,0.0970001220703125,-0.020582948534765944,0.03891280451810264,1,0.07730720013398673,1
2025-03-26,98144.154611554,1105.0918467307845,99074.7932809634,0.9906067059179198,98241.21324775378,0.9990120374841563,97319.37626167866,1.0084749654339915,95533.7486812749,1.0273244373460952,85682.52439386764,1.1454395783252418,1,-0.00044270603582940993,-0.008276183507015755,-0.01746425320206091,0.006754777036428461,0.013715037362248106,0.017514752374806042,55.141695082792275,997.9106721582939,1172.772685263068,-174.86201310477418,0.11405677829733163,0.15138314622004884,0.06648112003420527,0.5715363086757858,88.8108575762386,89.4780427545082,43.39554822311921,0.050369538384220425,4.3379998207092285,0.07299995422363281,-0.018650058123428126,0.04778450598101891,1,0.10892602290338949,1
2025-03-27,99980.73767901701,1139.8326490395582,99033.74604342575,1.0095623125795525,98475.10753290205,1.0152894491190263,97416.2359762846,1.0263251980230146,95729.31833871549,1.044410838958018,85811.26155966532,1.1651237362301163,1,0.018713117197168172,0.01633463064929619,0.002835512903146542,0.008711850279153444,0.036367054855844794,0.029933484907311847,63.58512282513082,1049.2771381208877,1148.073575834632,-98.79643771374435,0.1332011909172879,0.15944880288330446,0.06681312495794269,0.8195685498602767,87.71527799313121,89.39484118419044,43.77860526483469,0.05364673788201291,4.36899995803833,0.08300018310546875,-0.009136908216649475,0.014568417026454616,1,0.08135921642850885,1
2025-03-28,100344.67475040353,1126.3052043117132,99098.89457553336,1.0125710804364285,98743.08219710454,1.0162197950242429,97578.73284268516,1.0283457452985947,95929.95754252307,1.0460202143415267,85938.11921261325,1.1676387110840543,1,0.003640071876193973,0.02196867408158787,0.013959559813683464,0.013936104581621978,0.04172974489254777,0.05106230019634972,64.99133821266886,1106.5959631523729,1139.7780532981803,-33.18209014580748,0.13212698826942232,0.15060973258101534,0.061032206846377314,0.8596611064823263,89.09190365397261,89.41679525532997,44.499711257137136,0.0346062002258547,4.255000114440918,-0.06199979782104492,-0.016457232683364964,-0.0212841874141535,0,0.10880484097097853,1
2025-03-31,101339.88706660176,1118.1851249771244,99333.44378607268,1.0201990709679836,99113.83175220664,1.0224595828356275,97786.12325451175,1.0363422098536466,96151.27478555917,1.0539630108140996,86075.12908342079,1.1773422607172268,1,0.009917938532101545,0.03256161783344291,0.03015079787205588,0.022090268834582316,0.058063500477454344,0.06541034217328812,68.56608733365961,1218.283250572873,1155.479092753119,62.80415781975398,0.1296433815512196,0.15153768283194813,0.06429868381524588,0.9576437924860459,90.62889927616763,89.48998251387599,43.68774345449893,0.08253831104636511,4.245999813079834,0.03299999237060547,-0.017628678752892424,-0.04788344286726909,0,0.09011565896181839,1
2025-04-01,102008.3786394767,1107.5658913133357,99768.47042739371,1.0224510629709722,99461.01740789895,1.0256116546760303,97947.33205846517,1.0414615334145851,96386.55786516453,1.0583257759051479,86213.56200287357,1.1832057076597378,1,0.006596529680712893,0.020280316064173576,0.03891280451810264,0.01735657549284686,0.05379910009565125,0.04977008211099765,70.72822802178922,1345.2309288601828,1193.4294599745317,151.80146888565105,0.1268023960539121,0.14066732689793035,0.06962728072215425,0.9806003834650778,92.10140853609195,89.60958386567725,44.1853951516705,0.07471693506780652,4.156000137329102,-0.13199996948242188,-0.021601497597164898,-0.04330779603110446,0,0.04418807468836139,1
2025-04-02,102833.92455459184,1120.4812312577296,100405.62573806927,1.024184888034634,99817.56833092413,1.0302186906984911,98149.02474488116,1.0477325151410128,96625.63587887594,1.0642509476832653,86358.72975146685,1.1907762521581688,1,0.008092922621903753,0.024806994595179432,0.04778450598101891,0.02948573206737004,0.05486205670114508,0.06251895056073287,73.1815221090209,1495.2166081672913,1253.7868896130835,241.42971855420774,0.12738104685191384,0.1408056663061494,0.07629353113749017,1.006733895718748,91.77657035466892,89.7024159723465,44.152837701169325,0.0595448989527958,4.196000099182129,-0.12199974060058594,-0.018233968753816887,-0.01803974967651445,0,0.056247162681933194,1
2025-04-03,101437.29876013749,1034.7468937797598,100869.8651516832,1.0056254026670999,99972.23870846178,1.0146546688420983,98282.7259832894,1.0320969198329364,96840.21498961146,1.0474708133497967,86499.9017359069,1.1726868669728205,1,-0.013581372105592626,0.0009612374392298229,0.014568417026454616,0.01744523886405802,0.023407185173546896,0.04116997908007991,63.4873387301826,1484.2755059794436,1299.8846128863556,184.39089309308793,0.13163136473958328,0.14714447191247867,0.0751170282897536,0.7927636794386921,98.0310251393153,90.02379851108874,46.6273352265957,0.006010426418362247,4.054999828338623,-0.21900033950805664,-0.019342662374877806,0.024507300702149903,1,0.0517445843929929,1
2025-04-04,98208.91988700366,942.0343042101626,100879.11733389029,0.973530721546177,99921.80127086649,0.9828577811640967,98327.74577175375,0.9987915325036952,96981.79183573737,1.0126531798189988,86620.49437098949,1.1337838764390071,1,-0.03182634901159753,-0.03724653605074224,-0.0212841874141535,-0.00762174548776362,-0.00764470149426999,0.01394401190332406,47.743430905095146,1201.254099787635,1280.1585102666115,-78.90441047897662,0.19009006823718275,0.17489732392538648,0.0705536935083253,0.337388513300304,104.25195711526952,90.51366259661934,48.96595935000883,-0.07725511466407553,3.984999895095825,-0.3230001926422119,-0.018858246336605267,0.08117195951876033,1,0.10420510296378005,1
2025-04-07,96487.38437407263,957.5405708411596,100380.06686175536,0.9612205629127167,99744.31724520323,0.9673471836683786,98301.51805968156,0.9815452119009238,97120.42922606271,0.993481856937467,86732.57842255317,1.1124699176357349,1,-0.017529319280894073,-0.061716405437293176,-0.04788344286726909,-0.01917636900252251,-0.026850932158350216,-0.008088796771173579,41.79183988276856,828.4937081523967,1189.8255498437686,-361.3318416913719,0.20209348945148198,0.182094749344458,0.06770163422956113,0.06947352607874144,100.76584461172526,90.84034206098073,48.98846886708445,-0.1018052808775407,4.15500020980835,-0.1510000228881836,-0.01621488707287211,0.09340055865690622,1,0.11622880328513352,1
2025-04-08,97590.62058389456,965.7887763865803,99986.63055225408,0.9760366965550725,99565.82072801082,0.9801618654908494,98354.71783956257,0.9922312089094251,97256.52483433411,1.003435201392704,86850.65949685678,1.1236600982566687,1,0.011433994371168543,-0.037921733161871085,-0.04330779603110446,-0.006080219314070212,-0.02670289556950023,0.01662586170904934,46.402872308794926,615.01089146499,1074.862618168013,-459.8517267030229,0.20227274928151742,0.1808429200846863,0.06544174330167435,0.21827224740552786,101.04758200413553,91.14915222543756,50.1879801816843,-0.10941703330145103,4.26200008392334,-0.01900005340576172,-0.010232783424181213,0.08389753485991491,1,0.09894526597947695,1
2025-04-09,100978.82629737342,994.3433923156,99935.05044236431,1.010444542234069,99638.5001461257,1.0134518900754432,98493.42746578025,1.0252341592281036,97456.4333913085,1.0361432568737845,86986.22471532291,1.1608599709648701,1,0.03471855894764153,0.02820422435718406,-0.01803974967651445,0.028882735778190893,0.010914067165331387,0.04298073358934862,57.52998862333467,711.0278197342559,1002.0956584812615,-291.06783874700557,0.25093297313706114,0.20509374878414813,0.06404912744255735,0.7164065357356982,101.55327332028283,91.50549889819801,49.38893308189082,-0.07162008525473051,4.400000095367432,0.14400005340576172,-0.0016263203222713907,0.0777963166664064,1,0.023321866704780314,1
2025-04-10,103923.25314326599,1003.1251134536832,100208.60394290567,1.0370691642653436,99920.18084948834,1.0400627006451033,98765.53100662591,1.0522218843362878,97679.08035914494,1.0639253846490218,87130.64410454035,1.1927290818437848,1,0.029158853928659134,0.07706570985866068,0.024507300702149903,0.039432750305426145,0.04238007528087029,0.08524533940376067,64.43919782218487,1013.0349299339723,1004.2835127718037,8.75141716216865,0.2758767893833451,0.21660101284558386,0.07446943782064255,1.0493832180731457,103.5994929706005,91.92337635267683,52.89662087714119,-0.11998245216958803,4.394000053405762,0.16100025177001953,-0.0014802442053887255,0.04033591024600991,1,0.0027991557822339974,1
2025-04-11,106180.7303564527,1041.4520735906003,100686.7190574572,1.0545654019758088,100401.35006323656,1.0575627746995042,99159.19379720249,1.0708107467433676,97953.642889992,1.0839896018538098,87286.29649537927,1.2164650651900857,1,0.021722541826848074,0.08802187875394818,0.08117195951876033,0.058160092905435334,0.07293154201480156,0.12514334816190398,68.65022191389606,1418.1892819408386,1087.0646666056107,331.1246153352279,0.2820613280958256,0.21686689788525118,0.09272125504487373,1.1438044980161963,101.9545047205469,92.28044274433121,52.75772516428443,-0.09929699619960497,4.493000030517578,0.24100017547607422,-0.0008767926109765067,0.04786113973216066,1,0.0033629607436267417,1
2025-04-14,105499.35997795466,1049.4018874143947,101267.01351714537,1.0417939298673276,100876.38490310934,1.0458281200231911,99467.03027090583,1.0606465246888275,98187.27223963503,1.074470830806602,87434.05004977276,1.2066164145192637,1,-0.006417081293476179,0.044767144225549726,0.09340055865690622,0.04104477547541818,0.0724331060765373,0.09593481171368712,66.10573696893587,1665.1018719014828,1202.6721076647852,462.42976423669757,0.28238595070575606,0.21340506162245051,0.10307434534294416,0.9809015870581156,100.53284755815102,92.61257749588185,52.43458658837565,-0.10968024546536204,4.363999843597412,0.03299999237060547,0.002395725899357659,0.04713618918455342,1,0.03663089534108299,1
2025-04-15,105778.23307633259,1052.0044889462745,102348.34397276379,1.0335119159766917,101382.4255838755,1.0433586735288785,99767.55810312576,1.060246788510087,98405.70136504702,1.0749197618533943,87588.70999430188,1.2076697223102615,1,0.002643362940175198,0.017849517571484785,0.08389753485991491,0.03695632150158468,0.07730720013398673,0.09317498473294838,66.65055886896278,1861.8226739132951,1334.5022209144872,527.3204529988079,0.2810537637032886,0.21332198448165676,0.11282706060421853,0.9384276970425065,100.54922216064077,92.93215982533324,52.835477018527094,-0.11115939375283057,4.322999954223633,0.015999794006347656,0.005994275373804925,0.00697401909494566,1,0.03152747911467202,1
2025-04-16,108834.60704460593,1070.8487429198296,104112.23292569713,1.0453584942537835,102095.12241274562,1.066011817926171,100168.1678302497,1.0865188951947573,98669.81313868013,1.1030182746129176,87758.02024848919,1.240167072324989,1,0.028894167347905952,0.024993957747738937,0.0777963166664064,0.05835314091147503,0.10892602290338949,0.12413498473947882,71.96866187256963,2238.5446139966225,1515.3106995309142,723.2339144657083,0.2959262683156906,0.22587229657145033,0.13242271374288092,1.06651328062733,101.63396815926279,93.35163055600353,53.568110083230714,-0.10308686500901232,4.27899980545044,-0.059000015258788174,0.0015924581751312061,-0.0019898634474011523,0,-0.022553862177535522,0
2025-04-17,108115.09215452612,1053.0859249265452,105615.72886435877,1.0236646881770541,102637.4127111129,1.0533692276405184,100556.26012200747,1.0751701785980041,98925.85788190019,1.0928901145704113,87921.70509547486,1.2296746524322193,1,-0.0066110854774797945,0.024793820333299132,0.04033591024600991,0.06583173522965358,0.08135921642850885,0.12068506637123777,69.1721452429318,2450.7894520156988,1702.4064500278712,748.3830019878276,0.29620859606551253,0.22693294400085776,0.1440845216475618,0.9406528713619393,102.66502437465637,93.82326912380833,51.45949113463358,-0.07494276317210857,4.333000183105469,-0.03599977493286133,-0.005515966048177057,-0.013217049531392688,0,0.010104645567307058,1
2025-04-21,111262.66112890575,1055.5546096821943,107084.84812600624,1.0390140442463298,103365.27846967972,1.0764026641842075,101054.18033339214,1.1010198762865067,99232.06140140031,1.1212370231717839,88094.43091606534,1.2629931310290732,1,0.02911313223394285,0.05184836136008664,0.04786113973216066,0.13291808174778152,0.10880484097097853,0.1550749841203194,73.94227904060857,2840.2370415593323,1929.9725683341635,910.2644732251688,0.31150553360344285,0.23768229750511968,0.16352190221586188,1.0373712768801335,105.40682604662278,94.35241715815165,54.30088695855946,-0.0905420807963433,4.40500020980835,0.15000009536743164,-0.000868218003914123,-0.025344267380484564,0,-0.059936389215359265,0
2025-04-22,110472.19776872483,1062.2700135608632,108020.41164392894,1.0226974336376147,103974.09918315458,1.0624972818867473,101543.96546768061,1.0879247945451362,99493.02769507848,1.1103511505077,88263.29070460249,1.2516211086945601,1,-0.007104480084878739,0.015046599317878107,0.04713618918455342,0.14493929424425445,0.09011565896181839,0.15341159004642813,70.9722086056722,3049.9355169815244,2153.965158063636,895.9703589178885,0.31649610217938323,0.23827257782556607,0.17314106148568562,0.9261967920168069,103.9963440133721,94.82448763360098,53.170580502279066,-0.10030785480712134,4.388999938964844,0.14300012588500977,-0.004441325888519421,-0.02507599407536454,0,-0.05233903925705963,0
2025-04-23,106515.93249363654,1083.8168499017165,108068.29766352664,0.9856353324383491,104274.60277343192,1.0214944930077996,101867.81009066544,1.045628961679201,99676.57561463791,1.068615488010347,88411.06178763365,1.2047806048239915,1,-0.03581231617543068,-0.014791271311168419,0.00697401909494566,0.09145665696499261,0.04418807468836139,0.1003644534372059,58.34120988490974,2863.872585274148,2295.9466435057384,567.9259417684098,0.35972659048101446,0.26503451813009804,0.16961125100182187,0.6837347254753122,98.27853525262859,95.13998731788249,52.900274183194576,-0.1254213043993534,4.38700008392334,0.23099994659423828,-0.00275778343624955,0.006861114426025772,1,-0.0340723334566746,0
2025-04-24,108618.0410382356,1086.0505808188025,108513.82352928106,1.0009604076749394,104660.21053900817,1.0378159997848686,102238.88943496616,1.062394570583899,99919.84097251145,1.0870517805179163,88562.86545917885,1.2264512950780795,1,0.019735156003301668,-0.023769160865262373,-0.0019898634474011523,0.07565164917212841,0.056247162681933194,0.11419505441141298,62.191498236452745,2853.1496299697174,2407.3872407985345,445.7623891711828,0.3657347437886965,0.2690985095621658,0.16789234205694406,0.7752333728622695,100.01195428034441,95.54017878290152,53.33014888959564,-0.12438987983304484,4.304999828338623,0.10899972915649414,-0.0012872193219783945,-0.048649376875518624,0,-0.036571737767195134,0
2025-04-25,106686.12962642866,1067.023000589983,108643.52303643765,0.9819833400528396,105010.13259676092,1.0159603362858667,102491.18565261134,1.0409298023737952,100112.06464022325,1.0656670603071756,88706.53282735111,1.202686276038667,1,-0.01778628479523836,-0.03427168300048089,-0.013217049531392688,0.026585738991001806,0.0517445843929929,0.0763629646351549,56.97930504642142,2658.121337208504,2457.5340600805284,200.58727712797554,0.3697372104196055,0.27319120514144707,0.165302975308593,0.6469642248811632,99.98484527906643,95.94475212150013,52.33893808842505,-0.05870047303387815,4.265999794006348,0.2109999656677246,-0.004598861583788416,-0.023170576314596847,0,-0.03158709563990414,0
2025-04-28,108442.79049579051,1068.6524756262654,108587.54924374972,0.9986668936819427,105692.3906373467,1.0260226856622159,102807.0959541066,1.0548181474185372,100371.52507497132,1.0804138964192331,88859.34005355505,1.2203870795172755,1,0.016465691233836566,0.01808985714197342,-0.025344267380484564,0.021303866829169404,0.10420510296378005,0.09576378456317247,60.24215931454608,2615.161902689855,2489.059628602394,126.10227408746141,0.33801993746219455,0.2757939505270066,0.16479716423962917,0.7252920575090822,101.47619826450348,96.40113097565613,53.95165176921462,0.000967858637993757,4.216000080108643,0.23100018501281738,0.0011960780805495563,-0.017566668127130147,0,-0.03280759777563813,0
2025-04-29,107701.99759198379,1075.0492048320712,108528.5357348151,0.9923841399201135,106440.03151854078,1.011856122695935,103092.174381872,1.0447155493397218,100623.20153257492,1.0703495411753245,89017.06179409959,1.2099028593091883,1,-0.006831186291129998,-0.008433621500588018,-0.02507599407536454,0.020878208308461765,0.11622880328513352,0.08625701941492814,58.236268165373886,2492.6072206101526,2489.7691470039454,2.8380736062072174,0.3267937820364133,0.277306785991398,0.1637068336485574,0.664431024672407,100.18331914916465,96.79981857215331,55.17378680283511,-0.004612892759057408,4.172999858856201,0.017999649047851562,-0.004314260493023636,0.015430525310871968,1,-0.012248310768020687,0
2025-04-30,107246.75049467022,1051.1414985576625,107954.8342156386,0.9934409262344474,107083.7735125925,1.0015219577787717,103324.79712030166,1.0379575231084384,100824.69425205087,1.0636952711858951,89172.9513176087,1.2026825277172646,1,-0.004226914147295702,0.005254861810102485,0.006861114426025772,0.013882983063991272,0.09894526597947695,0.0696002453054303,56.98061691351223,2331.866806994396,2458.1886790020358,-126.32187200763974,0.3297386679373472,0.2768807959095651,0.1623623409351537,0.6233686221455058,102.02884258544974,97.2695209665648,57.01941504556029,-0.022994338779424917,4.177000045776367,-0.08500003814697266,-0.009952702844720274,0.017402891995838,1,0.0025945939698590603,1
2025-05-01,103333.84102428594,1032.2801111012914,106935.06896643304,0.9663232279461331,107240.77449438666,0.963568582113278,103439.63732025618,0.9989772170638738,100955.70819329433,1.0235561997786033,89307.54446019205,1.1570561216174293,1,-0.036485109826975504,-0.04711193292008553,-0.048649376875518624,-0.050542434706136286,0.023321866704780314,0.03449047028974861,47.500549446859864,1867.2156783816463,2339.994078877958,-472.77840049631186,0.3487077928575589,0.29858947372729033,0.16183777064387012,0.39236691084089104,100.10252053663389,97.62250899458927,54.392300132036006,-0.049879661134957676,4.230999946594238,-0.16900014877319336,-0.022029264431319695,0.02947848703479239,1,0.035526508041421545,1
2025-05-02,104214.15051821053,1027.8748324643582,106606.2429699436,0.9775614224355745,107260.16765271629,0.9716016000984815,103590.17425110232,1.0060235082296096,101091.46597150073,1.0308896949579318,89445.04328409061,1.1651193480583497,1,0.008519082279325074,-0.03238423754206077,-0.023170576314596847,-0.036081379191168605,0.0027991557822339974,0.04529785949587817,49.53476445754362,1552.1180793727108,2182.4188789769087,-630.3007996041979,0.329239432253175,0.2991441491702822,0.15844957388187045,0.4346481849117462,101.38797762476239,97.99908913632179,55.6407616715019,-0.02963207571732751,4.322000026702881,-0.07200002670288086,-0.017545626514154256,0.04791485895325942,1,0.0534316555626857,1
2025-05-05,106537.81198437106,1032.733461640066,106309.06739082011,1.0021516941044175,107283.97309457752,0.9930449899581116,103842.66157890703,1.0259541730198822,101285.05568652668,1.051861118723195,89603.87512448637,1.1889866575118366,1,0.022296986106070893,-0.006610349563312856,-0.017566668127130147,-0.042465721173616466,0.0033629607436267417,0.07653976867119638,54.54175649698158,1472.922093639194,2040.5195219093657,-567.5974282701718,0.3299171828547343,0.303693403101952,0.14480580715360822,0.5533536142478007,103.16099549236267,98.4124562343302,58.15333426668142,-0.07105689320137831,4.3429999351501465,-0.15000009536743164,-0.020103087449385604,-0.018245475308890202,0,0.021159656977999264,1
2025-05-06,109363.89599185836,1058.0128908618378,106691.60544302434,1.025046867911844,107541.60882883777,1.0169449498000438,104208.99686597356,1.0494669297365435,101526.84929163908,1.0771918635799198,89772.49332811072,1.2182339148378418,1,0.02652658201673863,0.058355083947331465,0.015430525310871968,-0.010032404525767813,0.03663089534108299,0.1117172909455395,59.769741298759264,1619.5311185918254,1956.3218412458577,-336.7907226540324,0.3449089533110947,0.3102271703709405,0.12140889069695769,0.7322389598631228,103.36726228304252,98.83623681146241,57.925199524987576,-0.039655431092418314,4.308000087738037,-0.055999755859375,-0.022881190678742835,-0.04273537328363286,0,-0.025027983447451718,0
2025-05-07,109113.15411043356,1046.4813011673518,106787.37167368762,1.0217795643838194,107763.93689777782,1.0125201180607903,104573.18124082667,1.04341431345721,101789.21983009847,1.0719519639953998,89940.41032619546,1.2131716290230663,1,-0.002292729964955331,0.04700900566633681,0.017402891995838,0.024383409655191146,0.03152747911467202,0.11127198038629649,59.12008565375534,1695.937342830337,1904.2449415627539,-208.30759873241686,0.34549645797729034,0.31029220070020475,0.09476404485109556,0.7143425284319123,104.2667021239305,99.34539941522472,58.4105376289103,-0.05315509601990187,4.275000095367432,-0.04799985885620117,-0.014545936252888803,-0.057064320410598945,0,-0.022098488436097297,0
2025-05-08,106379.96631717565,1041.8543176372445,106598.51006300075,0.99794984239746,107600.2941826158,0.9886586939681684,104847.70829768073,1.014614129811446,101980.46840622513,1.0431405932891553,90090.2378326767,1.180815689650566,1,-0.025049113606336104,-0.0014815929129327055,0.02947848703479239,-0.02060499986620179,-0.022553862177535522,0.08391545821774393,52.43031016575764,1518.4407732663676,1827.0841079034767,-308.6433346371091,0.3414617539503621,0.32115772629283057,0.07903748847234987,0.4019242564435089,102.10637371560976,99.7885832865371,55.182774300868644,-0.04097969142415525,4.373000144958496,0.09400033950805575,-0.010609298198617556,-0.016302654086259416,0,0.010085113657941847,1
2025-05-09,109207.55684122434,1067.1249952259543,106878.62525536562,1.0217904335903853,107673.12516172903,1.0142508325748931,105155.26893642097,1.0385362326185812,102249.41660469171,1.0680506595302506,90250.84063235045,1.210044760536877,1,0.026580103584711967,-0.001429531649509319,0.04791485895325942,0.02363406774268295,0.010104645567307058,0.09228596804145983,57.7559714793017,1587.6351178538607,1779.1943098935535,-191.5591920396928,0.35883311152730635,0.3253088259666921,0.07494672967124333,0.7150626251840714,102.3381115862238,100.27601107297352,54.801703947213525,-0.056586268245877425,4.375,0.04199981689453125,0.005392405401672518,-0.05394619534728928,0,-0.02471388260820362,0
2025-05-12,104593.97896634703,1049.4392322903736,107058.64496137436,0.9769783561531481,107228.54635089177,0.9754303543766838,105296.91241028575,0.9933242729739333,102453.87925123554,1.020888420533727,90379.85007837665,1.1572709943161446,1,-0.04224595813992016,-0.04141732663609621,-0.018245475308890202,-0.03549163122644727,-0.059936389215359265,0.04234708245866736,48.26187873637643,1255.71980102644,1674.499408120131,-418.77960709369086,0.37663879138299927,0.35088674948570664,0.07810180164082774,0.16595247427585239,99.66654165848556,100.62849900645729,52.10653688771204,-0.01791377671709149,4.456999778747559,0.051999568939208984,-0.002478335835757739,0.0027827995460756316,1,0.05384568135877443,1
2025-05-13,104690.18907289389,1059.4732082981334,107126.65046918628,0.9772562533634597,106843.07910450306,0.9798499813965167,105408.58914382881,0.9931846154400694,102622.3977173563,1.020149513181642,90510.96513870772,1.1566575266594115,1,0.0009198436420303491,-0.01588435588749515,-0.04273537328363286,-0.02796427723188366,-0.05233903925705963,0.03306005269268031,48.45217682661856,989.0368712591007,1537.406900747925,-548.3700294888242,0.3768257241812249,0.35000581513337203,0.07983858046015141,0.1890413426292647,98.81343695125244,100.90131692896011,51.00989700296884,-0.009951786875210589,4.499000072479248,0.1100001335144043,-0.0022686902204427373,0.01616809557071397,1,0.044682341695793326,1
2025-05-14,102886.68612326472,1039.9355378106884,106605.06106045679,0.9651200899825634,106601.12934647826,0.9651556860045943,105437.86605995511,0.9758039494536079,102744.8834776269,1.0013801431354845,90637.13744979589,1.1351493330231648,1,-0.017227048356684316,-0.057879426120204025,-0.057064320410598945,-0.04065451261968245,-0.0340723334566746,0.008610150416096474,45.10320119684043,624.956997297093,1354.9169200577585,-729.9599227606654,0.3550434498208337,0.35367664559758394,0.08741616944004173,0.03860412301443279,98.93563819991478,101.12912458442088,50.487727185106564,0.014132022830353419,4.527999877929688,0.14099979400634854,-0.0020191412477785775,0.04508188880696329,1,0.07427637006394838,1
2025-05-15,104645.69052459882,1053.4297606362436,105931.03170799115,0.9878662450212371,106336.30597890247,0.9841012395649791,105498.25825895532,0.9919186558297124,102901.47098350115,1.016950384911187,90772.90493135602,1.1528295872400869,1,0.017096521110872454,0.0004944028209159512,-0.016302654086259416,0.012695255371418579,-0.036571737767195134,0.01761836843098563,48.818920415021715,472.90665515637374,1178.5148670774815,-705.6082119211078,0.35228001179095697,0.35630335646686556,0.08886539876505448,0.25225539215466325,99.33808065017439,101.38117492760439,52.362871689929705,-0.018633571692674544,4.454999923706055,0.15000009536743164,-0.00014384325439831258,0.02254503765955662,1,0.05112112603041741,1
2025-05-16,103316.22464646745,1042.4332645654345,105102.89892742457,0.9830007135941051,106111.64564690506,0.9736558510293998,105560.88912183298,0.9787358320487918,103038.34900839462,1.0026968176484485,90902.21002253286,1.1365644973962394,1,-0.012704449380252725,-0.013124099197774575,-0.05394619534728928,-0.008616160735160139,-0.03158709563990414,0.018523027617020293,46.26981061323336,242.3353865039535,991.278970962776,-748.9435844588226,0.34884471848005033,0.3560041562473447,0.09359091069272693,0.155195089169005,99.11063677186547,101.41716198202272,51.00335838555654,-0.00841000913118184,4.440999984741211,0.17500019073486328,0.002200388461763847,0.06258707660986018,1,0.05532874185658265,1
2025-05-19,104885.04304353682,1048.1368075021708,104889.33845976186,0.9999590481140589,105874.46248342146,0.9906547866532066,105783.42656038409,0.9915073320456825,103209.54877351804,1.0162339075204705,91034.40437683284,1.1521472981727863,1,0.01518462760749939,0.019422891294972322,0.0027827995460756316,-0.015513449263222179,-0.03280759777563813,0.06797878608393737,49.61327473330257,184.07463064216427,829.8381028986537,-645.7634722564894,0.3476675557975919,0.34438536629065175,0.08611906307152149,0.33008584493072174,100.06808490033276,101.27769957485818,51.57920036340204,0.010314252981749927,4.474999904632568,0.2589998245239258,0.0013514636462981233,0.03725099770410867,1,0.04100294009470207,1
2025-05-20,106382.83005514056,1068.1682951370124,104485.80606174991,1.0181558057012023,105786.51798096526,1.005636938293806,106113.27474975302,1.002540259981828,103421.63249981945,1.0286322840178168,91172.26082974205,1.1668333009072047,1,0.014280272650334158,0.01660020132537987,0.01616809557071397,-0.02725822731241878,-0.012248310768020687,0.10255688601428137,52.64313965804393,255.81260768018547,715.03300385496,-459.2203961747746,0.3531083668044314,0.3406914687770512,0.07855847750711815,0.5173374834756775,99.59369748778148,101.23862800406005,52.50319733858021,0.03541878962594236,4.480999946594238,0.3080000877380371,0.0024870698973162852,0.002292739890058515,1,0.022478899143248965,1
2025-05-21,107525.01226679068,1085.8939550388222,104904.52510467042,1.0249797342822498,105805.06876577329,1.0162557760330455,106444.4211391829,1.0101516934005854,103636.12086907342,1.0375244785804962,91311.13923251587,1.1775673063610301,1,0.010736527793612005,0.04073694750969725,0.04508188880696329,-0.014554998951231135,0.0025945939698590603,0.10179658273979264,54.87170843643966,400.2165825546399,652.069719594896,-251.85313704025612,0.35565032506160194,0.34055599772417156,0.07924312512786619,0.6467978281322074,99.01980922228566,101.17103557799838,53.8167941590022,0.057722052279637115,4.5960001945495605,0.41900014877319336,0.004289064359434658,-0.007654906643027259,0,0.010490976757887793,1
2025-05-22,107004.9315583862,1073.1994136298629,105235.20260259788,1.0168168912305076,106049.80813471331,1.0090063663524937,106645.29131454998,1.003372303075018,103826.50628605686,1.030612850090249,91447.0965638741,1.1701293488705269,1,-0.0048368346809768425,0.020211542593060017,0.02254503765955662,0.00587483962297175,0.035526508041421545,0.05967691923123031,53.63404174980631,467.30480741200154,615.1167371583172,-147.81192974631563,0.3182441095764458,0.3280741959826386,0.07689285381713072,0.5975922629538926,99.70647597842736,101.10947566660319,53.839868608980396,0.03308573647770663,4.552999973297119,0.32200002670288086,0.012647485173975737,0.004185683813851204,1,0.031020582476877445,1
2025-05-23,109782.48511345744,1090.7795951383107,106220.31674405398,1.033535659453801,106421.03044106309,1.0315863759114412,106840.59904688969,1.0275352824002477,104039.81112638456,1.0551968897761344,91601.45085307956,1.1984797630502448,1,0.025957248087726592,0.0319568022072243,0.06258707660986018,0.0052645466015597275,0.0534316555626857,0.05638037487254244,58.95827643609027,736.1126197998092,639.3159136866157,96.79670611319352,0.33189567496151384,0.32590717222768834,0.0824240088130569,0.8900760299590353,100.64589180021677,101.01102229425707,54.70177337149437,0.055584110703049694,4.508999824523926,0.18699979782104492,0.015091476130054682,-0.029821432886606436,0,0.022429745635405895,1
2025-05-26,108792.11554114694,1080.939456066894,106812.66317498943,1.0185320008631804,106571.31734484815,1.020838610722176,106927.64521971284,1.0174367472284929,104236.34380818885,1.0437061735524935,91748.40943250831,1.1857656848119669,1,-0.009021198338578174,0.011784265331793886,0.03725099770410867,0.04013745930968593,0.021159656977999264,0.02459377681739161,56.46837161878259,859.3244428845792,683.3176195262084,176.00682335837075,0.3250300763653653,0.3219249424624491,0.08311588528723449,0.772781169939175,100.64589180021677,100.9674018635794,54.70177337149437,0.07701728739573444,4.508999824523926,0.1659998893737793,0.007962068162820302,0.013179240807446924,1,0.027812346206730343,1
2025-05-27,106626.7382132253,1070.8550356409173,107285.59368452626,0.9938588635372767,106388.84015960596,1.0022361184994821,106965.22449422185,0.9968355483513724,104385.88567727292,1.0214670069752567,91877.42121290005,1.1605325531084276,1,-0.019903807524568773,-0.0035343543484680495,0.002292739890058515,0.01849790469843371,-0.025027983447451718,0.010686114451369244,51.361053928087074,773.3283984258014,701.3197753061271,72.00862311967433,0.31652233103925964,0.32696234299350024,0.08237306207586848,0.5342853005502473,99.57158967477916,100.93535993413367,54.202659474006005,0.030461994117658042,4.434000015258789,0.12599992752075195,0.011130276513546589,0.025708876647235313,1,0.043736008304827934,1
2025-05-28,106701.91833609804,1068.670797126959,107545.14729774931,0.9921593025548916,106228.0911079836,1.0044604701371578,106996.0140028807,0.997251339972583,104514.56267715927,1.0209287165626422,92006.5335646206,1.159721100253779,1,0.0007050775830954592,-0.02806063985685614,-0.007654906643027259,0.037081884513827434,-0.022098488436097297,0.008732281045939594,51.5249844025039,703.1369956354029,701.6832193719823,1.4537762634205365,0.31662596212509314,0.32690329447015465,0.08206753474973057,0.5461623701457058,99.84545158314863,100.91190091488394,53.281046153952566,0.06492165451310816,4.477000236511231,0.20200014114379972,0.00669038207078021,0.0358645600752705,1,0.04650040858741056,1
2025-05-29,107452.82036841239,1078.1562861199136,107698.00305678815,0.9977234240058613,106299.61471139938,1.0108486344013938,106949.95444700759,1.0047018806506736,104665.84638401451,1.0266273486593953,92137.97469694243,1.1662164348830448,1,0.007037380808366578,-0.012310590395937404,0.004185683813851204,0.026825087872621944,0.010085113657941847,-0.0126962067830797,53.22085515444315,700.0317909485166,701.3529336872891,-1.3211427387725507,0.3001958797522403,0.31637208923418575,0.07805174549431322,0.6139985845799806,99.66349197098958,100.84621837527483,54.432231249640836,0.017192435017863827,4.423999786376953,0.05099964141845703,0.006705039776345734,0.023661321139057723,1,0.04220629112714658,1
2025-05-30,106508.6141015216,1065.1832700986636,107552.80331889256,0.9902913807436989,106119.6851954192,1.0036650024487557,106896.40517857412,0.9963722720478326,104802.05781418842,1.0162836143003877,92265.667406072,1.1543688686796654,1,-0.008787170626638585,-0.0011078282397374295,-0.029821432886606436,0.03089920741856389,-0.02471388260820362,-0.014858962065244619,50.813595162343674,614.3000703626603,683.9423610223633,-69.64229065970301,0.2799202475340284,0.31681586904638737,0.07530376911068223,0.4861413957777316,99.99088146438689,100.75708027826585,54.10264603976305,-0.0037692484515061686,4.415999889373779,0.0409998893737793,-0.008374571012622067,0.0236973064507362,1,0.04417538627218609,1
2025-06-02,110225.9130298153,1121.4347864513754,108012.94352909671,1.0204880029042303,106495.14746631707,1.0350322587672667,106861.84690860442,1.031480516372584,105027.31223178012,1.0494976086464312,92416.32006464535,1.1927104753003812,1,0.03490139233950096,0.033026535498800635,0.013179240807446924,0.050921178380615606,0.05384568135877443,-0.009318023572070566,58.72836232055255,836.6674394500151,714.4873767078936,122.18006274212144,0.25541613835873983,0.3218899010257265,0.08099590447426767,0.8955311007115245,98.29007835169868,100.51985535510171,54.337810720468035,0.00920096348352617,4.461999893188477,0.005000114440917969,0.0013581503357367186,-0.009437661444026468,0,0.011691791490887615,1
2025-06-03,109367.99187324615,1117.385784919016,107953.73020906653,1.0131006280324053,106807.00098634054,1.0239777436240638,106825.0400454218,1.0238048291556276,105247.19532164779,1.0391535046516416,92557.72178347391,1.1816193156644192,1,-0.007783298255257698,0.017823371208567806,0.025708876647235313,0.028060560304311588,0.044682341695793326,-0.00999532839737971,56.46989096431941,932.9140615505603,758.1727136764271,174.74134787413323,0.2595317137486068,0.32202401667760294,0.08100531120050766,0.7962989499735639,97.87845285502976,100.31592564982364,53.25816284071192,-0.004083529590236723,4.460000038146973,-0.03900003433227539,0.004684274157051638,-0.0054293116345308645,0,-0.0027388709916966736,0
2025-06-04,110528.73569640963,1122.4233918632272,108201.8188026755,1.021505339923885,107316.47095788355,1.0299326348495632,106958.8001521809,1.0333767351461443,105494.01757827919,1.047725152892149,92704.12471688041,1.1922741952849003,1,0.010613194987695529,0.03774456769342738,0.0358645600752705,0.027935113573073656,0.07427637006394838,0.037673267358503404,58.77957638978638,1090.2844087870908,824.5950526985598,265.689356088531,0.2450776639944362,0.30498892159654045,0.0847077187957098,0.9035567042464581,98.47330026660399,100.32241781695616,54.08432829982382,-0.00475064203497888,4.364999771118164,-0.16300010681152433,0.007623985740814687,-0.0169700758198158,0,-0.014254778422905012,0
2025-06-05,109995.29605844688,1163.1127720101179,108683.04135199287,1.012074144136287,107673.11132680676,1.021566988294709,107004.70865285462,1.0279481851148657,105731.04040721703,1.0403311613581623,92847.8876285444,1.184682806123753,1,-0.0048262529612927985,-0.0020922210125493557,0.023661321139057723,0.027946043761815087,0.05112112603041741,0.012679799847673978,57.27551464736873,1158.601781983496,891.3963985555471,267.20538342794896,0.2418889197942038,0.3004403911734009,0.08831984781495289,0.8108623688069296,94.56976030386848,100.14101135107362,53.260220206581074,0.028399870664302718,4.394000053405762,-0.06099987030029297,0.0048731681331359855,0.002990953400443974,1,-0.006852672595632936,0
2025-06-06,109032.58136952855,1173.6983193655665,109015.99321391151,1.0001521625875984,108054.20177501084,1.0090545261400836,107082.92371095794,1.0182069894153543,105912.07728102728,1.0294631563142824,92989.05717072537,1.1725313137582167,1,-0.00875232599407516,-0.003066806823209589,0.0236973064507362,-0.006830814069784363,0.05532874185658265,0.021993971956018932,54.56203379595545,1122.125597400489,937.5422383245356,184.58335907595335,0.2376470642482494,0.29675618085417416,0.08802543491681386,0.7106883116451315,92.8965983570963,99.9047364536746,51.82099725483662,0.03344535279966365,4.510000228881836,0.069000244140625,0.005062934430436483,0.029461807836682397,1,-0.020044709624121748,0
2025-06-09,109185.6381802812,1194.0155534211174,109263.53861560705,0.9992870408892768,108340.90811746047,1.0077969631000776,107107.68530044096,1.019400595522268,106088.89654962481,1.0291900635351394,93127.31357895135,1.1724341010622619,1,0.001403771320738656,-0.012151568618476993,-0.009437661444026468,0.0036171981505903616,0.04100294009470207,0.006850134352818227,54.92763519627222,1092.9692941274116,968.6276494851109,124.34164464230071,0.23231263529141835,0.2930767267204463,0.08678932504868844,0.7050124063038703,91.44406692564787,99.57033207571274,51.38458960404914,0.041473956704006776,4.48199987411499,0.006999969482421875,0.003333364564664265,0.02410794484264045,1,-0.017861672846074206,0
2025-06-10,108774.19896252346,1188.857712110656,109587.19359575017,0.992581298904088,108500.33271128598,1.0025241051745548,107143.42534612563,1.0152204730353696,106237.58278754326,1.023876825022017,93268.94198494196,1.1662424452084466,1,-0.0037682539994718933,-0.011101357418726199,-0.0054293116345308645,0.02013998350961277,0.022478899143248965,0.009955259832798768,53.67732565423528,1024.8491839455673,979.8719563772022,44.97722756836515,0.22797043759096072,0.29255465460452335,0.08437233893682336,0.6425964334228554,91.4947161897389,99.28071197706522,51.452750531991846,0.03868289530881874,4.473999977111816,-0.006999969482421875,0.004496736876459684,0.023130183285275496,1,0.0014235658658738881,1
2025-06-11,108653.05467137317,1175.2090416060273,109362.49954454415,0.9935129054646195,108575.53553825813,1.000713965008146,107190.30215201572,1.0136463139854108,106370.47630818117,1.0214587585053094,93410.1147564599,1.1631829695815585,1,-0.0011137226686634971,-0.003480855844998243,-0.0169700758198158,0.01828585995173304,0.010490976757887793,0.013112790552780806,53.292666523647895,950.1356022133987,973.9246855444414,-23.789083331042775,0.22455013387045125,0.29225701362416906,0.07435863869869794,0.6102706169984693,92.45423649896777,98.96155844084916,49.06382797149451,0.10687025927674032,4.412000179290772,-0.18400001525878817,0.0013643270574525967,0.027707886110698743,1,0.0046677842139821735,1
2025-06-12,110324.28686322575,1174.2222116412427,109499.11311454124,1.0075358943576223,108796.82589191411,1.0140395729267793,107423.31701331372,1.0270050295463553,106520.28355435384,1.0357115394546508,93560.0715761758,1.1791813003627372,1,0.015381364075840231,0.010428557289416274,0.002990953400443974,0.026723044448421662,0.031020582476877445,0.06764914349111328,57.78685618067294,1014.0892318050464,981.9575947965625,32.13163700848395,0.2306423092121177,0.27310030307924604,0.07176997921317942,0.7928394409329613,93.95520350954351,98.75664787327949,50.0058767858906,0.11176470698232333,4.35699987411499,-0.1960000991821289,-0.0015245365716314296,0.01508025631882326,1,-0.014909270211151515,0
2025-06-13,112244.87832977503,1179.4358707186339,109744.27634787916,1.0227857166233363,108960.98543966863,1.0301382451421082,107691.00794036586,1.0422864496906825,106736.4351457466,1.051607899181819,93719.04353131405,1.1976741769912644,1,0.0174086007818961,0.03190719306926226,0.029461807836682397,0.053857279776317046,0.022429745635405895,0.07705985964124129,62.27880362120593,1205.8483550924138,1026.735746855733,179.1126082366809,0.21700842799805165,0.2760509359761183,0.06689588308480049,1.0159861842904074,95.16827587945933,98.54932448176939,47.31159070922095,0.18608816520063565,4.423999786376953,-0.08500003814697266,-0.003332356604041853,-0.009187101223218752,0,-0.034963748520429494,0
2025-06-16,111817.87952313991,1190.361619379907,110004.64541426385,1.0164832503395438,109162.70303846816,1.0243231104650834,107867.01019165815,1.036627225733446,107008.61433846934,1.0449427853486526,93873.00207685739,1.1911612183403955,1,-0.003804171851659932,0.029127803735835345,0.02410794484264045,0.014442760777077845,0.027812346206730343,0.049560502890217295,60.731493800908815,1308.282539986627,1083.0451054819118,225.2374345047151,0.21345125222756034,0.27019009646321035,0.0642622309182447,0.92481855118895,93.93605917697118,98.24182660458968,47.61460510825662,0.16642285172960203,4.452000141143799,-0.05699968338012695,0.012322826681572252,-0.0027118033590016744,0,-0.03033987635895108,0
2025-06-17,111290.16612123564,1211.586015655613,110327.15752165059,1.008728663197872,109473.59823233551,1.0165936620174376,107931.21919597074,1.0311211802320703,107304.66997341259,1.0371418704219542,94027.26395331594,1.183594645234925,1,-0.004719400905783266,0.008754910504949365,0.023130183285275496,0.017575290677525057,0.043736008304827934,0.01761340076546558,58.78757243393683,1331.5312449229386,1132.7423333701172,198.78891155282145,0.19367092688364446,0.26029077944537127,0.06339561410480107,0.8178748710637114,91.85494441186151,97.8580826755503,45.52244881088207,0.22910161090613745,4.39300012588501,-0.0409998893737793,0.011108726003990821,-0.01996330085383269,0,-0.028816375381603532,0
2025-06-18,111663.60113578712,1207.884254452475,110681.15222958001,1.008876388494486,109804.37708564811,1.0169321487857337,108016.23409681585,1.0337668413407386,107586.12958445046,1.0378996025517957,94182.10743513034,1.1856137452933666,1,0.003355507746701347,-0.005178652270263262,0.027707886110698743,0.01026760536277771,0.04650040858741056,0.023374331409870663,59.76893139904071,1364.3615847668989,1179.0661836494735,185.2954011174254,0.1934282670466096,0.26023890282002543,0.06508956282489194,0.8324207250044394,92.44561365970824,97.46404639340956,45.35666922137885,0.21507113849035076,4.396999835968018,-0.08000040054321378,0.01174085128210356,-0.024273156592878098,0,-0.03295068178377547,0
2025-06-19,111988.00538731458,1211.393390675128,111140.2674331216,1.0076276400423736,110106.72275357493,1.017085992450707,108203.16873248716,1.0349789816616624,107806.31316624928,1.038788936364206,94336.92430205857,1.1871068112072298,1,0.0029051924550864694,0.0015214549310020864,0.01508025631882326,0.018116314063183703,0.04220629112714658,0.05271706002818566,60.64562710225895,1400.413482660908,1223.3356434517605,177.07783920914744,0.19265538271468138,0.24835728825827785,0.06533446676628171,0.840935332617513,92.44561365970824,97.14202105821283,45.35666922137885,0.23301609916209998,4.396999835968018,-0.026999950408935547,0.014378243307250571,-0.024524689678302458,0,-0.03437491954311789,0
2025-06-20,111213.67327077151,1181.7418438573754,111506.07009017852,0.997377749756847,110420.39336485828,1.0071841793145224,108270.03928013872,1.027187890668594,107952.12156879937,1.0302129467635661,94487.97575319513,1.1770140315130075,1,-0.006914420110127106,-0.0006873280284332983,-0.009187101223218752,0.02000403800264894,0.04417538627218609,0.018369758353479426,57.4286965332413,1350.9300602307194,1248.8545268075522,102.07553342316714,0.19076676598125217,0.23811603618064556,0.06668174652392699,0.7181056413629628,94.1099562867832,96.86774921489815,45.184838346955445,0.23260403317475054,4.375,-0.0409998893737793,0.014321521536981408,-0.03926332262879406,0,-0.01615196697107213,0
2025-06-23,111514.65142185261,1187.5078583922268,111676.12216998234,0.9985541157322426,110506.30925766075,1.0091247474552858,108500.7283619889,1.027777906244172,108058.79999010738,1.0319812123775354,94634.39473973356,1.1783733781839432,1,0.002706305279102761,-0.0013339146545469083,-0.0027118033590016744,0.021330765477835856,0.011691791490887615,0.0661670253287936,58.3534242522188,1320.7754357892554,1263.238708603893,57.53672718536245,0.12952229810913318,0.20027394221132797,0.06791744563462643,0.7359866982657748,93.90645344423102,96.67574627442302,49.55480797095248,0.09580936715624988,4.320000171661377,-0.1419997215270996,0.012347365141039957,-0.03837389379489975,0,-0.01924810521693776,0
2025-06-24,109068.4470528844,1167.9572769407866,111222.34627328369,0.9806342943430904,110486.33960296998,0.9871668067275942,108646.67029465527,1.0038820955772068,108130.18173160598,1.0086771825058736,94764.07328323546,1.1509472237109872,1,-0.02193617016040683,-0.026070277118810936,-0.01996330085383269,0.002705127623714443,-0.0027388709916966736,0.04182109153458491,49.03133787676472,1086.9596358015842,1227.9828940434313,-141.0232582418471,0.1565805761219339,0.21216030622778878,0.06270452377597793,0.3825556978153855,93.38393552845594,96.49476289366312,51.79275687492468,0.015139613648951888,4.293000221252441,-0.16699981689453125,0.010183495249844299,-0.0012781043225317257,0,-0.0022311668980172783,0
2025-06-25,108953.17305969348,1176.026752194989,110813.10249279134,0.9832156180879527,110381.30209385556,0.9870618573338829,108848.88652586954,1.00095808544444,108193.6805312732,1.007019749440918,94893.70946998427,1.1481601221855104,1,-0.0010568958879099144,-0.020325740033551476,-0.024273156592878098,0.0027621716593981827,-0.014254778422905012,0.058962798443723985,48.63702850984925,882.1879681401479,1158.8239088627747,-276.63594072262686,0.1492947317920568,0.20483881516686814,0.05712846133528549,0.33496526606138577,92.64514846564423,96.28507990252076,51.49568995527078,0.03293555680318061,4.293000221252441,-0.07199954986572266,0.002286803019114103,0.0019003634245899903,1,0.00581880894441178,1
2025-06-26,109241.53430749863,1193.7606374409695,110520.4408051146,0.9884283261241138,110331.05131045899,0.9901250192940283,109002.08131863289,1.002196774464937,108201.81907653104,1.0096090365193602,95027.41689197272,1.1495791202204784,1,0.002646653050179193,-0.02038402205782741,-0.024524689678302458,-0.009814271965967514,-0.006852672595632936,0.04391813709537784,49.72619764428215,734.7040777101938,1073.9999426322586,-339.29586492206477,0.14891267102135738,0.1997987511826783,0.05328011881662573,0.35710590773067424,91.51041748092038,96.02415779687895,51.31821136689467,0.029509215139719158,4.252999782562256,-0.14100027084350586,0.001186272912043762,-0.00514549755761462,0,-0.0022110526260225027,0
2025-06-27,106847.05493640792,1171.2030267303776,109832.36277663187,0.9728194152911449,110185.34954825095,0.9697029176244418,109119.77566163088,0.9791722379244031,108176.45833216868,0.9877107883151557,95148.72434330024,1.1229478447961072,1,-0.021919129809643723,-0.0203669546647105,-0.03926332262879406,-0.04808970773266219,-0.020044709624121748,0.034174983668077585,41.79976287757611,419.76872566000384,943.1536992378077,-523.3849735778039,0.1704065810174294,0.20714519003356363,0.05174486172776354,-0.07039195619555556,91.22846551355458,95.76141875493528,50.177049237593025,0.014555509218949991,4.2829999923706055,-0.22700023651123047,-0.0024582147905817253,0.013789071637168915,1,0.026037478581013573,1
2025-06-30,107235.40003161518,1162.3193597718555,109153.41915438909,0.9824282268239255,110055.33367167323,0.9743771287953138,109198.12089456685,0.982026056429609,108095.91311022287,0.9920393560325427,95269.82234887389,1.1255967250460894,1,0.0036345886691813156,-0.015766158798671825,-0.03837389379489975,-0.04098163469981042,-0.017861672846074206,0.02240888614692893,43.376222616308496,199.21991070093645,794.3669415304336,-595.1470308294971,0.17128556381538113,0.20303471571175483,0.056769426459862694,0.0655601362337817,92.25984160641765,95.50114397847143,50.80171893893664,-0.0027569352527451185,4.230000019073486,-0.2519998550415039,-0.003846834205928129,0.01109651152251745,1,0.03819453256160066,1
2025-07-01,108929.04619925428,1173.3171733991978,108827.04385845807,1.0009372885376624,110065.6568207886,0.9896733399466741,109282.9947660373,0.9967611743479323,108065.05007883346,1.007995148475761,95394.75849648146,1.1418766388854795,1,0.015793722661917364,-0.0028605247099947606,-0.0012781043225317257,-0.021215889995251147,0.0014235658658738881,0.02393446520264564,49.76677936356371,159.2606199241418,667.3456772091753,-508.0850572850335,0.18417689496640324,0.20395205158160362,0.05720345906339962,0.341602409961641,92.83853391547899,95.27597185939469,51.18105737156815,0.007232895768363168,4.250999927520752,-0.22300004959106445,-0.000489759532962486,-0.007765231687624663,0,0.03380408658744494,1
2025-07-02,109160.22368476915,1183.51942806926,108490.69703887473,1.0061712816321433,110099.46808834835,0.9914691285990092,109337.50181330324,0.99837861551989,108117.93590265611,1.0096402856141413,95520.49332097122,1.1427937596382092,1,0.0021222758628767213,0.02164934494205717,0.0019003634245899903,-0.02241892098727649,0.0046677842139821735,0.015207730587569523,50.58655039347035,144.58005625205988,562.7925530177522,-418.2124967656923,0.18425232098255148,0.20184738442803277,0.05731639942579248,0.38939788488661253,92.23357140816138,95.0497639322572,49.81023132884844,-0.010271526954711896,4.293000221252441,-0.11899995803833097,-0.00011677535414733597,-0.010773286249704528,0,0.019546463793279623,1
2025-07-03,108679.43225952932,1195.8671800337015,108435.12349696686,1.0022530408476853,109989.81111476858,0.988086361436952,109393.31850334136,0.9934741330313493,108119.16372708199,1.0051819539953304,95639.57605212436,1.1363437265792367,1,-0.004404456211341667,0.013466003087491796,-0.00514549755761462,-0.029543995505076137,-0.014909270211151515,0.01564881801947071,48.80276805272042,93.07682223056327,468.84940686031445,-375.7725846297512,0.1727306790900036,0.20175040320501206,0.05812513439459144,0.3258410526993797,90.87918296537916,94.75552083182227,49.894028392445605,-0.015285139646287194,4.3480000495910645,-0.008999824523925781,0.0026242785443293393,-0.004977993866456698,0,0.017451262924479627,1
2025-07-04,108320.37663114657,1190.3427509021942,108344.72400717445,0.99977527861877,109728.17766819336,0.987170104644371,109344.58155393098,0.990633235701037,108151.84866717635,1.0015582531972138,95755.60231596112,1.1312171195344367,1,-0.00330380478548431,-0.005587761844479289,0.013789071637168915,-0.026015655760066814,-0.034963748520429494,-0.013318230870797088,47.4569199333647,23.021966847227304,379.68391885769705,-356.66195201046975,0.15283164733655152,0.18707736299108632,0.059075496036499364,0.2787023799964491,90.99931641210235,94.43396831888512,50.32330826991995,-0.0887914916260133,4.3480000495910645,-0.07599973678588867,-0.004309811376192574,0.010127153323693294,1,0.009724503231699044,1
2025-07-07,108425.33888368776,1187.6253162693074,108228.12466091574,1.0018222086300572,109502.00829222988,0.9901675829938316,109332.35566534901,0.991704040618703,108151.4996349343,1.0025319967793125,95870.24766482813,1.1309592029297084,1,0.0009689982236547046,-0.006732166500533987,0.01109651152251745,-0.027703198627041292,-0.03033987635895108,-0.00337135329738536,47.909160007796395,-23.753617274283897,298.9964116313009,-322.75002890558477,0.15325246225344588,0.18529970855138173,0.059927778508481105,0.3035192741644089,91.29591411988717,94.12230239620747,49.20948084441886,-0.05350420116344812,4.394999980926514,-0.057000160217285156,-0.008729346816036099,0.008696000437484086,1,0.0018830415056378946,1
2025-07-08,108083.1869180051,1188.462155183451,108404.71494400105,0.9970340033073096,109288.20967868116,0.988973899707764,109380.90395550834,0.988135798932224,108159.12342145471,0.999297918649417,95987.46880947433,1.1260135125819348,1,-0.0031556458038807245,-0.005486275821724673,-0.007765231687624663,-0.009033411233970945,-0.028816375381603532,0.013659319690219718,46.50403572075091,-87.42463209888956,221.7122028852628,-309.13683498415236,0.15288807605366217,0.17581931563397185,0.060963780594588304,0.2607952009155981,90.94373467732169,93.83470722962555,48.54236518968948,-0.08698550007197159,4.414999961853027,0.021999835968017578,-0.0024645020091530467,0.006864251946600897,1,0.012473332701749662,1
2025-07-09,107984.20934793136,1181.9735567134587,108511.68770347479,0.9951389719696846,109042.91689282413,0.990290909533048,109423.64698923612,0.9868452781376739,108173.87259851994,0.998246681513451,96105.07411702714,1.1236057028210498,1,-0.0009157536236308328,-0.0031034537883849467,-0.010773286249704528,-0.008893395984265973,-0.03295068178377547,0.01201750663745571,46.082980385624,-144.20868483516097,148.52802534117805,-292.736710176339,0.15123675165374897,0.1758665424195079,0.06200875146659038,0.2551158894606123,91.35924296412917,93.55183360899157,48.56683435718379,-0.08996542708465538,4.3420000076293945,-0.05499982833862305,-0.007587812149616235,0.014844220459300228,1,0.008110893126590746,1
2025-07-10,108138.42671233139,1204.3271830499198,108398.7420624858,0.997598539012525,108786.27831449191,0.9940447305285357,109446.50053403342,0.9880482809836824,108269.96431228086,0.9987850961179771,96217.97758194507,1.1238900404057457,1,0.0014281473683168677,-0.0026461726964408516,-0.004977993866456698,-0.010097877168789626,-0.03437491954311789,0.0063805337223195036,46.8898570837987,-174.75197133069742,83.87202600680297,-258.6239973375004,0.15046047057366133,0.17479094521908284,0.06296192559503483,0.296789909462626,89.79156846360858,93.22276949207888,49.95793850635226,-0.11405376316791471,4.3460001945495605,-0.05099964141845703,-0.010449836328501494,0.007967277128581252,1,0.013404919403367188,1
2025-07-11,109417.3536933704,1257.9742651192716,108435.47492085742,1.0090549589350681,108666.5236759985,1.006909487779425,109543.45852042838,0.9988488146278999,108374.02837578405,1.0096270788603396,96340.32446197754,1.1357378574799586,1,0.011826757794814124,0.012343888197684505,0.010127153323693294,0.0240558690035233,-0.01615196697107213,0.027309899921111214,53.15131997905327,-94.66775603685528,48.16406959807132,-142.8318256349266,0.1594272059313685,0.17571690436932533,0.05858807012563385,0.5029323363385017,86.97900801664429,92.78904037715412,49.145363768160735,-0.08648075978302094,4.422999858856201,0.04799985885620117,-0.009805518018256132,0.0019350600269676388,1,0.031325343537135675,1
2025-07-14,109368.20567805466,1252.2759076592786,108533.8711235039,1.0076873195981497,108523.42729307864,1.0077842951153266,109514.8682753697,0.998660797391033,108430.63624965772,1.0086467207131222,96460.67277966182,1.1338113505374008,1,-0.0004491793454763915,0.012816654754251866,0.008696000437484086,0.019889007229055622,-0.01924810521693776,-0.0077813585588413225,52.89324643639146,-34.7655172872328,31.578152221010498,-66.3436695082433,0.15861592550695303,0.14324626763695295,0.05483066304348502,0.5153763796698949,87.33555042166334,92.42388944615294,50.15079022474211,-0.02233248768923568,4.427000045776367,0.10699987411499023,-0.008766459471779453,0.017948546560256906,1,0.03696016488156584,1
2025-07-15,108825.09714420185,1233.9403439781179,108605.97405394036,1.0020175970260408,108507.20396583313,1.002929696524747,109496.77178440156,0.9938658041761977,108419.86027270458,1.0037376627352037,96579.66584058353,1.1267909885278635,1,-0.004965872215656031,0.006349920678031751,0.006864251946600897,-0.0009542822477514035,-0.0022311668980172783,-0.0049639270114193446,50.003906195058114,-30.762272907129955,19.110067195382406,-49.87234010251236,0.13175058867748848,0.14218256058931505,0.05214765277900332,0.4424242638619148,88.19315915263999,92.10104632273993,50.160855675110874,0.0334005562334474,4.488999843597412,0.1959996223449707,-0.003068461678114587,0.03479156981263998,1,0.05241879333215116,1
2025-07-16,109587.15075761528,1234.914818630551,108771.94717878716,1.0074946123515485,108549.46914569459,1.0095595272836195,109465.38561977507,1.0011123620233995,108429.34020564823,1.010678018973196,96702.66295820953,1.133238190193106,1,0.00700255394583893,0.0015518293809291261,0.014844220459300228,0.003911013173433897,0.00581880894441178,-0.008518915310680941,53.816081177701534,33.51534097244439,21.991121950794806,11.524219021649586,0.13482081058700035,0.140183580311457,0.04770989534829313,0.6034366190178896,88.74065571279323,91.77662483761291,50.60410118400061,0.022489204030369914,4.454999923706055,0.16199970245361328,0.0010279124318788302,0.015574538395012771,1,0.0426817897598617,1
2025-07-17,108999.99552619731,1239.979596026592,108902.91983710031,1.0008913965690012,108533.3665602745,1.0042994056179364,109432.20893536674,0.9960504003951459,108481.74078982865,1.004777345317243,96827.92013555673,1.1257083222855553,1,-0.005357883906632832,-0.003366701954873763,0.007967277128581252,0.002949622205446145,-0.0022110526260225027,-0.009048573601917576,50.613811608277594,36.654759699769784,24.923849500589803,11.73091019917998,0.13642441286945908,0.14034285288068155,0.04046722481991262,0.5227818779554533,87.90466865149573,91.55445511586716,49.53064855540318,0.03525449305747297,4.4629998207092285,0.21000003814697266,-0.0014057492456306386,0.014458992154705586,1,0.05497013313550703,1
2025-07-18,109629.08284075902,1247.7599754810337,109137.90176464713,1.004500554511036,108718.83508723126,1.0083724936235512,109452.0923177411,1.0016170592929745,108490.17130981936,1.0104978314366122,96958.0664885412,1.1306855304681156,1,0.005771443489743122,0.007387870240003869,0.0019350600269676388,0.012081810000244442,0.026037478581013573,0.005470855259391172,53.78670465551909,88.8803036283789,37.71514032614762,51.16516330223128,0.09877057568575819,0.13901698236353405,0.03589001105705711,0.7070670030533504,87.86071439390972,91.38659231709428,49.87080830725584,0.02777777454322905,4.432000160217285,0.1490001678466797,0.004437026393453891,-0.002329166224758983,0,0.0563572610609675,1
2025-07-21,111331.20600987898,1277.9361803227994,109594.01309286822,1.015851166208675,108991.8888191155,1.021463222778402,109523.61124539436,1.01650415598911,108624.91585068998,1.0249140829062544,97094.46819977615,1.1466276923295993,1,0.015526200940606083,0.015914778696283438,0.017948546560256906,0.02680062756648116,0.03819453256160066,0.019650641470402297,61.07383138983712,264.56677685120667,83.08546763115943,181.48130922004725,0.1137776910394619,0.1459171736694041,0.03493246049969935,1.1629783008310637,87.11797014692087,91.24238909113673,50.69047703851367,0.03209946733679403,4.372000217437744,0.1420001983642578,0.008112994102116078,-0.024267209613903273,0,0.015044215664998806,1
2025-07-22,112611.29310886168,1285.7903050372947,110050.29015222412,1.023271205855933,109237.37194642266,1.0308861436550654,109651.51438360564,1.0269925932340662,108783.33793140935,1.0351888005115815,97231.35956807606,1.1581787358431148,1,0.01149800801465406,0.03313117184299719,0.03479156981263998,0.041894639860052596,0.03380408658744494,0.03527577479711197,65.48209029697915,501.3130782768276,166.73098976029308,334.5820885165345,0.10584684118749538,0.14854871628137736,0.04680687433681209,1.2101876411403112,87.58138295554453,91.11194464999691,52.01178067872029,0.011611950674825566,4.335999965667725,0.08500003814697266,0.005615189717932179,-0.028238274805075125,0,0.0038435563480354595,1
2025-07-23,111293.9200446898,1286.614802296817,110325.39220460058,1.0087788297937168,109379.61837041736,1.0175014477358075,109739.54322938286,1.0141642362412417,108951.48260983784,1.0214998215603948,97362.24387835518,1.143091157427934,1,-0.011698409882376248,0.015186090778019468,0.015574538395012771,0.030649950735800235,0.019546463793279623,0.024305486682395294,58.17991194940159,575.995513553542,248.58389451894288,327.4116190345991,0.1202948262904544,0.15307904364499827,0.0504257753057203,0.8977923324377676,86.50135210878854,90.91351517032426,52.07049958014068,-0.032616709381474984,4.388000011444092,0.09499979019165039,0.0081734477776374,-0.021868780562322332,0,0.017704568386812003,1
2025-07-24,110576.02560637353,1279.0238876723772,110575.52484205367,1.0000045287085055,109506.05792687365,1.0097708537751802,109747.93452082112,1.0075453910742649,109070.08931147333,1.0138070510843689,97488.02404958307,1.1342524036607184,1,-0.0064504371669898974,-0.006783187127591517,0.014458992154705586,0.022541468080783167,0.017451262924479627,0.0022818071188610567,54.60628645822338,570.6754092060291,313.00219745636014,257.673211749669,0.12232197433124435,0.14806002678378377,0.05181566938584793,0.7481823602058227,86.45344834393265,90.66345666480389,51.09041439217231,-0.014477630159748123,4.4079999923706055,0.059999942779541016,0.008222240245966628,-0.008935137559325068,0,0.015078332824189244,1
2025-07-25,109373.73848375502,1251.4891876924114,110545.03737435932,0.9894043286028507,109576.28205038089,0.9981515747492441,109652.22985928712,0.9974602306228566,109191.23958821908,1.0016713693902934,97605.77651676384,1.120566245021062,1,-0.010872945704328285,-0.02874982193816833,-0.002329166224758983,-0.00039861327424906,0.009724503231699044,-0.025579250374209606,49.160229608717145,464.0948685629992,343.2207316776879,120.87413688531126,0.13094813256122292,0.141922383322732,0.04772795569942756,0.5144352906507887,87.39487288944204,90.40434323180331,51.1909132924852,-0.0201503208705357,4.386000156402588,0.03800010681152344,0.01302402900130506,0.03173660744439166,1,0.02889171224892495,1
2025-07-28,108629.5082970686,1247.9594527455697,110492.11062734095,0.9831426667506209,109589.89334460627,0.991236554592514,109545.95081841807,0.9916341725595266,109266.12889328973,0.994173669345943,97717.31161155636,1.1116710693893235,1,-0.006804468760085003,-0.023940317193889005,-0.024267209613903273,-0.006754224195288927,0.0018830415056378946,-0.02851396609977297,46.09556839935143,315.93397574730625,337.7633804916116,-21.82940474430535,0.13446519107434937,0.14273381363150636,0.04472222058497756,0.348987019529544,87.04570333212499,90.17466470364178,49.61774914370841,-0.017959682249702125,4.420000076293945,0.02500009536743164,0.011811081590670014,0.04401165365283144,1,0.032420194418113946,1
2025-07-29,109431.34446789877,1253.7855844285502,110463.86228836092,0.9906528904650572,109679.7705145992,0.9977349875411404,109483.99009664016,0.999519147697349,109327.0991815449,1.0009535173541995,97829.19397359985,1.1185959939262085,1,0.007381384518812206,-0.0103519830107619,-0.028238274805075125,0.005570841098295531,0.012473332701749662,-0.016702478917247077,49.73159240503575,260.21725596365286,322.25415558601986,-62.036899622367,0.13670728928701215,0.1442390019491654,0.04455316567395635,0.5078149573698011,87.28074865759595,90.02219151183293,48.02774229045923,0.012878636467678728,4.329999923706055,-0.08500003814697266,0.010310679411577706,0.046588415573673325,1,0.01646492243323161,1
2025-07-30,108860.05772931184,1240.802559028544,110110.84110542273,0.9886406882051391,109738.16040669121,0.9919982012262178,109390.53864975765,0.9951505776734102,109353.80009079532,0.9954849089736841,97936.72347863633,1.1115346099265646,1,-0.005220503699052248,-0.004696563924433073,-0.021868780562322332,-0.006634838329829584,0.008110893126590746,-0.025107048115581176,47.28437203253369,168.02638518076856,291.4086015049696,-123.38221632420107,0.13883657250824985,0.14437755883649966,0.04473702535285128,0.39410126384169364,87.7335857621404,89.86512391524732,47.08285783972917,0.023691178877622177,4.375999927520752,0.03399991989135742,0.01581898976663365,0.04964602141550234,1,0.0283144500636614,1
2025-07-31,109588.01360681713,1216.3430489317752,109678.94403370211,0.9991709399859189,109834.79953299025,0.9977531171612054,109310.53892374107,1.0025384074198886,109405.46173176393,1.0016685810028458,98044.53470636989,1.1177370970755116,1,0.006687079657034634,0.00882361823020772,-0.008935137559325068,0.005394661511508803,0.013404919403367188,-0.021430793165723383,50.618919469061396,151.95279419538565,263.51744004305283,-111.56464584766718,0.14107398360970405,0.14563316892587574,0.044334932776871415,0.5338749047887995,90.09630441022547,89.78681360693123,47.548366294398754,0.04040862931858169,4.360000133514404,0.01399993896484375,0.023406030896427232,0.04930946375771139,1,0.018690781143725355,1
2025-08-01,112844.8898867395,1221.0202845607073,109900.51115399491,1.0267913106302013,110063.30194588153,1.0252726194079267,109364.91281094002,1.0318198678749495,109466.70982722957,1.0308603416037778,98173.42413361213,1.149444372370671,1,0.029719274697390663,0.031193488807423675,0.03173660744439166,0.02933352138548484,0.031325343537135675,0.014667410651894253,62.15354723415176,397.4356635402946,290.3010847425012,107.13457879779344,0.17972887268364654,0.16885931958425904,0.05118924756157486,1.0692226712988446,92.41852187924198,89.7304324600132,50.49457829079602,-0.01636223764968714,4.21999979019165,-0.20300006866455078,0.020465440858729922,0.02625362830806166,1,0.0032477254212408546,1
2025-08-04,113410.47259271656,1231.0187278687708,110305.43215204391,1.028149478952158,110332.786406859,1.027894575004282,109428.10684996883,1.0363925307435662,109559.07696826097,1.0351535968632826,98302.11678721085,1.1536930871815296,1,0.00501203649137083,0.041800592047449125,0.04401165365283144,0.01867640401428039,0.03696016488156584,0.017000646522152385,63.737632986843444,630.3540743182239,358.31168265764575,272.0423916605781,0.17971882961325636,0.16924814123409856,0.058337762325807306,1.0476782470976396,92.1273332583751,89.671128453818,51.688035223566935,-0.010301618495437426,4.199999809265137,-0.22700023651123047,0.016592660050179786,-0.0035655958408070676,0,-0.0016279942653623092,0
2025-08-05,114529.57742075504,1256.667620774218,111041.98057161535,1.0314079128558986,110713.08509196254,1.0344719174397712,109610.14452889784,1.0448811824215798,109717.13375241155,1.0438622802451556,98435.42174144184,1.1634996365595647,1,0.00986773798269458,0.04509219257926689,0.046588415573673325,0.01703456428689587,0.05241879333215116,0.050070671357617114,66.70701186287539,894.9298060895235,465.63530734402127,429.2944987455022,0.1789366222678059,0.1570849089294756,0.06705965484195973,1.082851778782849,91.137525567147,89.59624812177437,52.71178265934392,-0.02044487446766563,4.196000099182129,-0.2929997444152832,0.02239083071161385,-0.012970068473640683,0,-0.0037325554216443013,0
2025-08-06,114264.52648663407,1256.8631961105195,111846.9831701247,1.021614738708081,111024.91014056379,1.0291791845809084,109787.1896431292,1.0407819606099653,109868.38591542227,1.0400127892530977,98567.08855716942,1.159256382218899,1,-0.0023142575052663705,0.012580424344597496,0.04964602141550234,0.026691542905052046,0.0426817897598617,0.048748955884291734,65.34228101043686,1070.8761902985425,586.6834839349256,484.19270636361694,0.1796997921976508,0.15731716703413587,0.07153462803534721,0.9716046194315386,90.91246114709281,89.53849187782266,53.35508910184615,-0.030581483327680403,4.21999979019165,-0.2350001335144043,0.0201178427877986,-0.008753334514484346,0,0.0030256973487194916,1
2025-08-07,114991.73979204205,1270.4794793430883,112641.32535928802,1.020866359883968,111424.35975828677,1.0320161591369608,109978.86315928063,1.0455803641605328,110019.16430389488,1.0451973573841364,98698.36696120132,1.165082496625762,1,0.006364296319847362,0.013942867560425398,0.04930946375771139,0.0399337393567345,0.05497013313550703,0.052637538652262394,67.31789762338,1254.5335220584093,720.2534915596223,534.280030498787,0.17645662917589333,0.1578928132703868,0.07675553849995605,0.9833527536501031,90.51050541051315,89.50516147547575,54.0654335217548,-0.05419010657091483,4.24399995803833,-0.21899986267089844,0.02185820649907244,-0.02390095213943144,0,0.004779512682210774,1
2025-08-08,115807.4776822901,1274.3034934533573,113633.81392399922,1.0191286702719025,111836.25274772217,1.0355092810872888,110277.54391747671,1.0501456014376922,110205.14157551024,1.0508355238847116,98830.65294469868,1.1717769156811189,1,0.007093882497327897,0.011157818707741685,0.02625362830806166,0.05882343684805713,0.0563572610609675,0.08386214061974062,69.4234437783545,1449.2010236899514,866.0429979856881,583.1580257042633,0.17682822122391395,0.14163940072060457,0.08501786998165668,0.9876152470598001,90.87903962770896,89.49351394594757,54.65403867245867,-0.05138098393136581,4.284999847412109,-0.14700031280517578,0.016115656570895975,-0.028268853481590916,0,0.008929082548801315,1
2025-08-11,113006.096683336,1250.0471503890774,114122.11150635906,0.9902208712379031,111947.91212595263,1.0094524724694536,110469.90047253406,1.022958255596804,110260.74524858067,1.0248987201071966,98957.14774526897,1.1419700270083692,1,-0.024189983712791907,-0.011013302570726302,-0.0035655958408070676,0.04028913004281276,0.015044215664998806,0.05381335501167994,56.06507536654783,1361.7311971463496,965.1806378178205,396.55055932852906,0.2022047574088859,0.1616346688072983,0.08458331661670748,0.6726527349176484,90.40146737278056,89.43156813815966,53.23170731478623,-0.04821425611469887,4.2729997634887695,-0.09900045394897461,0.015551022616762777,-0.007564181339061893,0,0.04081717838855781,1
2025-08-12,113044.12095935072,1260.4468795522105,114150.57308816064,0.9903070821382965,111976.76731598524,1.0095319204952,110607.06963120395,1.0220334137435574,110334.26783030275,1.0245603943574066,99083.83614053976,1.1408936650273593,1,0.0003364798637481847,-0.016937032487842285,-0.012970068473640683,0.03301409215996376,0.0038435563480354595,0.037777570847073116,56.188303760967486,1280.7156776031625,1028.287645774889,252.42803182827356,0.1969522297158188,0.15611909037498686,0.08254225645560356,0.6578134500861202,89.68574780123085,89.32647526768473,53.80718851464457,-0.045914528886321526,4.293000221252441,-0.0429997444152832,0.017045014998508634,-0.016020274894923303,0,0.060901811670225126,1
2025-08-13,113264.3308631574,1279.3954386785706,114129.69569822363,0.9924177066295315,112108.12803721642,1.010313282776046,110743.87320381688,1.0227593417714567,110388.97973363772,1.0260474472765102,99211.88481909817,1.1416407527150836,1,0.0019479996123448196,-0.02196012615100429,-0.008753334514484346,0.04045811866825466,0.017704568386812003,0.03759709388504007,56.941520854230205,1220.2135315114137,1066.672822922194,153.54070858921978,0.18976516617111347,0.15611177026237522,0.08163075052816227,0.6632971381407609,88.52957219950775,89.20300862739627,54.402234090383104,-0.03984671990990185,4.23799991607666,-0.15000009536743164,0.014509606372573591,-0.011671463162915896,0,0.07156453197604495,1
2025-08-14,112243.3277228425,1260.116446087434,113803.08859852182,0.9862942131458146,112219.28151164768,1.0002142787840993,110862.66971926067,1.0124537683160444,110433.94036692561,1.0163843411717906,99334.17133819577,1.129956853827228,1,-0.009014339576582597,-0.006749803620161532,-0.02390095213943144,0.02422996848498582,0.015078332824189244,0.03279273169924646,52.43991952999076,1077.4584539328062,1068.8299491243165,8.628504808489652,0.19191358663543964,0.15812849908736804,0.07814348877356737,0.5350733160749722,89.07377414872597,89.14282833350784,52.89555971773469,-0.03134938260021969,4.293000221252441,-0.11499977111816406,0.012168008159336718,-0.005408148083631992,0,0.07365643058725357,1
2025-08-15,112533.73306361683,1260.6732309260797,113555.83239523367,0.9909991472031187,112429.94781697182,1.0009231103336806,111003.11493367635,1.013788965569615,110503.96340080738,1.018368297392622,99469.81033449467,1.1313355548300648,1,0.002587283775935534,-0.004514944177569591,-0.028268853481590916,-0.0027573851455300336,0.02889171224892495,0.038897173029758036,53.56439827198687,976.5008168724889,1050.364122673951,-73.86330580146205,0.18463276684829308,0.1576160382442724,0.07569217673588463,0.5532742008659355,89.26479146224185,89.08501083517915,53.86305953338599,-0.03621860485592898,4.328000068664551,-0.05800008773803711,0.014595635538820817,0.006021714753583041,1,0.08619879737738101,1
2025-08-18,112151.29807560368,1259.9922845545698,113150.05500717103,0.9911731644186647,112664.73380220748,0.9954427999847301,111127.31357340688,1.0092145168390163,110563.27659871384,1.014363010266542,99598.1377784026,1.1260381024907393,1,-0.0033984031063553077,-0.009826860575360197,-0.007564181339061893,-0.011102806366347306,0.032420194418113946,0.03436428449546214,51.82660105073504,855.7671042700968,1011.4447189931802,-155.67761472308348,0.18223346210151764,0.15820779259564807,0.07540193135771872,0.5033738494556377,89.00951176244388,89.00879742326437,53.263956125448644,-0.04931795773765979,4.341000080108643,-0.07899999618530273,0.011637313062154098,0.009581190200540712,1,0.09701043118182207,1
2025-08-19,111233.12306632697,1234.0065011302108,112496.57577631915,0.9887689673994668,112784.85237543602,0.98624168692491,111232.31144501759,1.0000072966325957,110612.4550807899,1.0056111943730364,99723.35015700817,1.1154170301258168,1,-0.008186931627467753,-0.009000131027921632,-0.016020274894923303,-0.02878255930621021,0.01646492243323161,0.029143627590399346,47.815666160740506,678.1781024396478,944.7913956824739,-266.6132932428261,0.18539607452007506,0.16006558915444385,0.07565152831231638,0.4031805373735178,90.13981932952923,88.98200024500463,53.868484896788964,-0.09911863460623305,4.302000045776367,-0.0279998779296875,0.005963453505037908,0.02579237443128224,1,0.10492481798099407,1
2025-08-20,111942.37039781574,1245.621154145564,112344.61487838769,0.9964195481821059,112990.33988666961,0.9907251408403144,111364.25014668042,1.005191255276032,110678.24139531875,1.0114216578304835,99864.05878274121,1.120947533700302,1,0.006376224203161751,-0.005254981326059727,-0.011671463162915896,-0.02032263345606178,0.0283144500636614,0.036654998668656846,50.97207549591144,587.8910294155794,873.411322429095,-285.5202930135156,0.1843103526966384,0.16069838450449375,0.07536946920608484,0.48296398896602455,89.86871331005445,88.93231592320213,53.60702498062158,-0.097000013078962,4.296000003814697,-0.07999992370605469,0.00018262202463681376,0.023832673492446332,1,0.1008319820615653,1
2025-08-21,111636.29918511774,1255.380137867556,112143.4974820687,0.9954772384637632,113126.89225855633,0.986823707045432,111480.8458957733,1.0013944394491747,110704.48164175662,1.0084171618848865,100004.99452992556,1.1163072375521366,1,-0.002734185560036906,-0.004592001156676573,-0.005408148083631992,-0.029179840334553564,0.018690781143725355,0.032346248961910185,49.57842036530407,486.0377440742013,795.9366067581163,-309.898862683915,0.1839745832576424,0.16111058828775762,0.07437904227442849,0.4396937584768712,88.92629078217881,88.90347333382114,53.23677697155464,-0.08287614065007598,4.329999923706055,-0.03000020980834961,-0.007939338230177673,0.03498006575024881,1,0.09927319262052836,1
2025-08-22,113211.37910428179,1291.6727315014477,112135.93294508648,1.0095905579144018,113151.32487305914,1.0005307426253296,111607.31340947033,1.0143724066623339,110723.81165724674,1.0224664181064818,100156.9813674941,1.130339368844282,1,0.014109030222797081,0.017784774745335685,0.006021714753583041,-0.0224173657000849,0.0032477254212408546,0.0346748050729111,56.213259682966864,526.3466708303749,742.018619572568,-215.67194874219308,0.14821770817037275,0.16255889463553505,0.0709259627316237,0.6104773368155675,87.64710776992375,88.92574332559713,53.6993403729213,-0.05450767687265767,4.260000228881836,0.04000043869018555,-0.0022402615551146976,0.03206526706699786,1,0.09040229693739832,1
2025-08-25,113225.84099370359,1281.4149645458338,112276.29198378092,1.0084572530241722,113139.01609979161,1.0007674177918906,111735.90125332531,1.013334476418643,110751.970886658,1.0223370300974355,100311.08257529793,1.1287470744691772,1,0.00012774236597268285,0.01146545844372171,0.009581190200540712,0.0019445350013580498,-0.0016279942653623092,0.03527199967972949,56.27015794436512,553.0831411393156,704.2315238859176,-151.148382746602,0.14674194144380787,0.1625170161312291,0.06389239359781017,0.5924442788556079,88.36001149003769,88.95989202787626,52.73919504629645,-0.022476962485914243,4.275000095367432,0.07500028610229492,0.0009719803809498107,0.03879720087214911,1,0.1000254277579471,1
2025-08-26,114102.08942561457,1282.3439842091257,112500.34289263772,1.0142377035642054,113110.51690011559,1.0087664043333353,111911.80099603906,1.0195715591213927,110808.20935274559,1.029725957057778,100469.76570940709,1.1356858316524479,1,0.007738943903801143,0.022087710345969125,0.02579237443128224,0.009358898607777055,-0.0037325554216443013,0.04849058185925892,59.68818599737138,637.6277361931861,690.9107663473714,-53.28303015418521,0.14438785281243086,0.16249535878590546,0.059178020088660174,0.6958890672440036,88.97931508839935,88.98609722573491,54.276679841039105,-0.029312516187288695,4.257999897003174,0.06199979782104492,-0.0032392242215536493,0.051065000896650226,1,0.09146331255167395,1
2025-08-27,114610.25636147738,1285.7843728957766,112851.62264776253,1.015583592618814,113133.56555843847,1.0130526320438131,112079.23784950114,1.0225824029547281,110867.1424572594,1.0337621573105937,100623.8407420234,1.1389970360534336,1,0.0044536163923105665,0.012356330858818154,0.023832673492446332,0.01188304815878971,0.0030256973487194916,0.045836629286696295,61.564452888907994,737.1374994387734,700.1561129656518,36.981386473121574,0.1452748210481576,0.16193000561417936,0.05072541453136918,0.7664178093467684,89.13645147233805,88.99929041771973,53.75837904245853,-0.0031079557573356897,4.23799991607666,0.018000125885009766,-0.0013952810400240656,0.0589806143366578,1,0.08155443779303306,1
2025-08-28,115541.3442707276,1303.302840762194,113467.08281981979,1.0182807330492636,113170.20585701751,1.02095196695768,112297.28280765214,1.028888156346864,110938.20923492765,1.0414927829423688,100780.33749339984,1.1464671298436013,1,0.008123949276525488,0.020450307603833817,0.03498006575024881,0.029382740291064247,0.004779512682210774,0.06001237626618172,64.79745032372094,880.9753807886009,736.3199665302417,144.6554142583592,0.14678113798091216,0.16164987814291826,0.045165778264984545,0.9221204714576896,88.65272188021076,89.02422552534357,53.78173577149782,0.01127109257932113,4.206999778747559,-0.037000179290771484,-0.001178106347047958,0.04300994038783923,1,0.061755536404017874,1
2025-08-29,116841.53221028374,1335.8634718981268,114166.96307874378,1.0234268220807035,113239.14282555041,1.0318122275994526,112537.69778663629,1.0382434909216574,111050.76641371788,1.052145212352632,100940.02575394,1.157534202488779,1,0.011253010320787293,0.02400869956421836,0.03206526706699786,0.03828006971235598,0.008929082548801315,0.06578956224600652,68.75036444261043,1087.3479681265308,806.5255668494996,280.8224012770312,0.1511418401897321,0.16353252808873367,0.05238579091322936,1.0482370414454993,87.46517489647145,89.01104087542896,54.93047930412679,0.0020350824349018026,4.227000236511231,-0.05799961090087802,0.0018128202649134728,0.04615202493321524,1,0.06135427968645146,1
2025-09-01,117618.68669065433,1344.748773748505,115021.589865249,1.0225792116805887,113546.6488260383,1.035862246105164,112747.28047599547,1.043206418763209,111172.84711909393,1.0579803408709618,101099.9591820634,1.163390051214992,1,0.006651354750911054,0.026249224324989218,0.03879720087214911,0.04875011443349453,0.04081717838855781,0.05647545648807073,70.85688243283755,1298.6396920461993,904.9483918888395,393.6913001573598,0.10611563701019248,0.1592029537045205,0.06112067172635212,1.0505066797077467,87.46517489647145,89.02261436708065,54.93047930412679,0.0007817863113439572,4.227000236511231,-0.045999526977538174,0.00784110179357489,0.04601698353510675,1,0.07274664991960522,1
2025-09-02,119928.71272444325,1371.190948382647,115981.20895384348,1.03403571842548,114005.62161037781,1.0519543776034836,112991.19446318153,1.0613987514179464,111390.0524325251,1.076655501146213,101264.9310800962,1.1843064666640104,1,0.019639957720871903,0.03797228153617027,0.051065000896650226,0.07817446295139274,0.060901811670225126,0.06497944756311247,76.02931525128989,1633.6579092992324,1050.6902953709182,582.9676139283142,0.1260320859648247,0.16511565734549852,0.07763759157808954,1.1627413964433013,87.4631741574593,89.01867407381113,54.767497357549516,0.03830929617051959,4.276999950408936,-0.01600027084350497,0.0038431342583580275,0.02481078521965263,1,0.0658754168454716,1
2025-09-03,121370.03969095917,1386.866776679496,117144.66591059428,1.036069707037192,114546.00219889793,1.0595746456538218,113327.06511805717,1.0709713479699075,111638.38976515042,1.087171177820469,101452.38624063168,1.1963251352519737,1,0.01201819759232814,0.03875768654355993,0.0589806143366578,0.0842189535529736,0.07156453197604495,0.09053611951329699,78.58342308279158,1992.4970351392112,1239.0516433245768,753.4453918146344,0.129814093388081,0.16210734078516392,0.09624284074409299,1.1315905630837828,87.51384179713902,89.05242373008949,56.831326099249516,0.021069427975655586,4.210999965667725,-0.026999950408935547,0.004597289686822048,0.015322577099533996,1,0.04601060963636372,1
2025-09-04,120510.77060014241,1366.960412061306,118060.19179266969,1.020757028853352,115097.16505738458,1.04703509022189,113658.22328451612,1.0602908185400064,111863.77449100329,1.077299341529322,101635.38743690465,1.1857166449525822,1,-0.007079746311401736,0.024588643104768382,0.04300994038783923,0.07949449668076891,0.07365643058725357,0.08984537958647931,73.55185037848071,2182.3865990211634,1427.7186344638942,754.6679645572692,0.1263445237750617,0.16243416196604932,0.10713575297645331,0.9736210608457915,88.15966397700771,89.10929758452534,56.816319740445905,-0.007504683381911681,4.176000118255615,-0.11700010299682617,0.007124083709248552,0.018322183207579945,1,0.05395864599406108,1
2025-09-05,122234.00551808783,1374.2752130810356,119149.29881504261,1.025889423888542,115743.84988768265,1.056073438344268,114086.89885232723,1.0714114131220809,112171.51350263688,1.0897063051147509,101824.22009076894,1.2004413626652386,1,0.014299426593687325,0.01922219242810841,0.04615202493321524,0.0796971690053796,0.08619879737738101,0.1175809404763366,76.76489936730246,2443.756004644878,1630.926108500091,812.829896144787,0.13169471172824151,0.1602258130047358,0.12175890833650936,1.0156844204933706,88.94434269906623,89.16094657817946,59.04800568674885,-0.014808922236848598,4.085999965667725,-0.24200010299682617,0.005714315543669191,0.009914935631331279,1,0.0494781312532786,1
2025-09-08,123031.14385951904,1385.9488060647902,120219.27018486997,1.0233895420453398,116469.17293994367,1.0563408389871454,114566.9533710756,1.0738798601113921,112487.42837919496,1.0937323897634252,102016.63182014774,1.205991039543623,1,0.006521412253918557,0.01368627853125437,0.04601698353510675,0.08659951456099768,0.09701043118182207,0.1325757226394355,78.09083308344263,2684.272916576563,1841.5954701153855,842.6774464611776,0.12568883689189247,0.15721623862915504,0.13484655308317697,0.9826092077853371,88.77033792170077,89.218434397832,59.065210430833275,-0.018290758134712815,4.046000003814697,-0.2950000762939453,0.0076960175504456885,0.012355898394058817,1,0.05418042041897264,1
2025-09-09,122904.23825751884,1364.4232566327578,121085.3710487607,1.0150213621431252,117247.24728602314,1.048248390494794,115016.04983072958,1.0685833710894992,112766.93222036026,1.0898960877764152,102205.41211925365,1.202521820606855,1,-0.0010314916859189838,0.01986102690620095,0.02481078521965263,0.0771427488857912,0.10492481798099407,0.12311731940360371,77.33420810016582,2831.9985640378145,2039.6760888998715,792.322475137943,0.11378258817222235,0.1576298071684519,0.14408806675205002,0.9126494679494939,90.07779489029379,89.31166927225526,58.79290896240588,0.004490819580538874,4.073999881744385,-0.22800016403198242,0.007851551087083797,0.013294954341656506,1,0.06052710208771317,1
2025-09-10,123229.74148169739,1376.6455418017017,121886.95030462397,1.0110166935321416,117999.73869161525,1.0443221556935005,115495.03928914244,1.0669699949033402,113048.32257629883,1.0900625385089362,102395.14894202533,1.2034724569956756,1,0.0026484296131150664,0.008146145251390013,0.015322577099533996,0.0752069264467432,0.1008319820615653,0.13200143424612887,77.92500793067595,2941.43061267797,2220.0269936554914,721.4036190224788,0.11499172750519887,0.15529499440414313,0.15181008055720077,0.8802162274407498,89.51450299793443,89.37103318011506,57.82943467615876,0.007277315157969255,4.0320000648498535,-0.26399993896484375,0.013082338733191978,0.005903525349549854,1,0.06599610801523936,1
2025-09-11,122718.79101756486,1392.9129793006996,122285.53291792709,1.0035430037331443,118738.57148044505,1.0335208642608211,115932.73186950068,1.0585344538909243,113329.10975145953,1.082853216501018,102579.91187515866,1.1963238101326847,1,-0.004146324239497234,-0.0025388111672832725,0.018322183207579945,0.06212015960295236,0.09927319262052836,0.11981946728096271,74.63628224703554,2952.8878147566575,2366.599157875725,586.2886568809326,0.11714717307495841,0.15694517157302015,0.15414432975164066,0.8154232428547177,88.102266859651,89.30456526176258,58.900114806949816,-0.01810455789658838,4.011000156402588,-0.3189997673034668,0.01189629701069217,-0.0003432975032416907,0,0.06047412143582265,1
2025-09-12,123445.94781475945,1419.4074589641507,122582.09122132712,1.007047168022877,119420.87606114356,1.0337049256911752,116286.10046710137,1.0615709643620193,113631.6211751318,1.0863696789514388,102767.25059845176,1.201218745231462,1,0.0059253908155803,0.004407574262049296,0.009914935631331279,0.056524554921014936,0.09040229693739832,0.09394362419654145,76.17719364929005,2986.219921976197,2490.5233106958194,495.6966112803775,0.11209021151377307,0.13667559722530204,0.15638254900467258,0.8193398040297061,86.9700571405585,89.12294977047311,58.80363667314489,-0.015237216824193323,4.060999870300293,-0.19900035858154297,0.011160034403915331,0.004571332244897697,1,0.06579404736420269,1
2025-09-15,124551.3041723521,1423.9170708899335,123159.31030307137,1.0113023844145872,120175.90693972012,1.0364082730395092,116657.46151975587,1.067666847450297,113954.14048090509,1.0929949859366694,102964.4616788248,1.209653332242563,1,0.008954172876142863,0.010724380938922806,0.012355898394058817,0.058941463102126335,0.1000254277579471,0.0982345926698045,78.33215464160583,3066.480400067536,2605.714728570163,460.76567149737275,0.10985271146895753,0.13764563567700167,0.15778981736258285,0.8408561780770705,87.47089750920635,88.96773524550082,58.75197543073378,-0.023148205926767695,4.033999919891357,-0.24100017547607422,0.010846168153478164,0.013036779934026743,1,0.07473002138141016,1
2025-09-16,124538.24449354861,1419.8984528836456,123488.48729956576,1.0085008507022706,120871.65061091572,1.0303346058740905,116991.08375551566,1.0645105635041794,114283.24163241596,1.0897332164773306,103159.92485963453,1.2072347344475356,1,-0.0001048538101650065,0.01482620111310684,0.013294954341656506,0.03843559781798511,0.09146331255167395,0.08738936524688334,78.24210087930123,3093.3750976981682,2703.2468023957645,390.1282953024038,0.11279448237991853,0.13645506480602726,0.15363092155417352,0.8109773961775336,87.70926134731246,88.85345977150634,57.7355903814795,0.020078998309350338,4.026000022888184,-0.23199987411499023,0.005877279471609986,0.026424189506931928,1,0.08226767935812918,1
2025-09-17,123957.23138435306,1391.0763233702262,123620.78551739918,1.0027215962554008,121494.78227910744,1.0202679412156868,117314.17391877295,1.056626213556937,114602.70207314438,1.0816257308247255,103348.36499651453,1.1994116345094918,1,-0.004665338840757927,0.004141760654313487,0.005903525349549854,0.021316559671411328,0.08155443779303306,0.0848268941879593,74.15745220335188,3032.8456800348067,2769.166577923573,263.67910211123353,0.12077356136471457,0.13739253031563173,0.1471381438481764,0.7558346553352921,89.10886433683595,88.79333987783112,58.045275123028226,-0.0015588226304368291,4.076000213623047,-0.16199970245361328,0.003240811987529346,0.02417864444780693,1,0.10555691917148513,1
2025-09-18,122676.66196300769,1390.989196754707,123588.27461818329,0.9926237933332109,121970.47012525944,1.0057898591111687,117570.33799113848,1.0434320769942338,114893.46677815789,1.0677427133422477,103524.23180797888,1.1850043204430973,1,-0.010330735908215982,-0.015051164833652098,-0.0003432975032416907,0.017972595744589093,0.061755536404017874,0.06683021045566861,65.98150125760402,2848.7063171423797,2785.0745257673348,63.63179137504494,0.13568332675097278,0.14202274936716117,0.13461150547026107,0.6649183338924354,88.19382799397803,88.71611729727995,57.8622001955074,-0.015944253926097107,4.104000091552734,-0.10299968719482422,0.002870147351695662,0.03535070629592951,1,0.09065502723794694,1
2025-09-19,124010.26025650703,1423.4174196461345,123699.77730029899,1.0025099718284398,122448.38532834101,1.0127553738171222,117843.7640769457,1.0523277258483947,115185.32490942064,1.0766151013944365,103700.46272462088,1.1958505969816096,1,0.010870839425851653,-0.004239534925104316,0.004571332244897697,0.014531592341186617,0.06135427968645146,0.07083119966329554,69.72497333644986,2778.3576053303987,2783.7311416799475,-5.3735363495488855,0.135326043117141,0.14356773847259288,0.12596186344089608,0.7277193697660176,87.12149966832703,88.59086596530055,59.12252761209699,-0.020778031349289572,4.138999938964844,-0.0880002975463876,0.007023540742171708,0.03444598391603315,1,0.08755585138496857,1
2025-09-22,126175.05211534309,1463.8925956101168,124193.52888569585,1.0159551246141896,123018.80968998693,1.0256565840078442,118282.72925801262,1.0667242200686355,115521.46183816642,1.0922217405117436,103895.21961790958,1.214445212969095,1,0.017456554436369398,0.0178918220923574,0.013036779934026743,0.0255537594563362,0.07274664991960522,0.1165331412951014,74.60934928160854,2864.268847147483,2799.838682773455,64.43016437402821,0.14595031296892294,0.12645509653925927,0.11811809372959836,0.8475333715938083,86.19146820663812,88.45053265976247,60.26660495497765,-0.021402947990320276,4.14300012588501,-0.08400011062622159,-0.0008517647294989938,0.02791336943449152,1,0.10298364020430939,1
2025-09-23,127829.06666690676,1480.468159991064,124819.6887217169,1.0241098017148498,123545.49995281782,1.0346719768484067,118775.56078159781,1.0762236425215146,115901.54122862052,1.1029108440823812,104103.74582992913,1.2279007412061513,1,0.01310888740550431,0.0419998769240455,0.026424189506931928,0.04007045224159822,0.0658754168454716,0.13078916074611713,77.58493469651728,3030.881164967679,2846.0471792123,184.83398575537922,0.13606209719013865,0.12888765804427688,0.11356344457968584,0.9293451915421516,86.34367838399561,88.33913034585463,60.17505062756165,-0.033236722247217965,4.119999885559082,-0.1570000648498544,0.003443056147980128,0.01966852322554291,1,0.09558048502456584,1
2025-09-24,126954.34920872987,1474.9291302022955,125162.98086977086,1.0143122856815217,123917.78725400254,1.0245046495908054,119231.89472645023,1.0647683616870889,116248.8851976428,1.092090896122453,104309.02027399669,1.2170984721671136,1,-0.006842868222265985,0.023740688440885283,0.02417864444780693,0.030224909037772196,0.04601060963636372,0.12086786935696758,72.73060842907552,3057.0998940609425,2888.257722182029,168.84217187891363,0.13873060806873178,0.13264863386937925,0.10397254558899698,0.849454185038583,86.0748808916787,88.25730730226033,57.979692590494786,0.015944921425705694,4.146999835968018,-0.06400012969970703,0.009201314396694471,0.03472173761637887,1,0.1147245768896632,1
2025-09-25,127013.368609427,1505.4271197843423,125516.57002918205,1.0119251074172673,124351.29378795484,1.0214076970201176,119724.2294226697,1.0608827404603625,116609.15265930741,1.0892229787529388,104515.29451051174,1.2152610697246085,1,0.0004648867964349712,0.0066440748787450765,0.03535070629592951,0.0349952729834786,0.05395864599406108,0.13158947784455854,72.85402364693218,3047.5109884880803,2920.1083754432393,127.40261304484102,0.13211421178851002,0.12740519507745707,0.09370258408822402,0.8413281731765376,84.37032051394189,88.10052551443418,58.034778436123695,0.023629549866320376,4.171999931335449,-0.004000186920166016,0.008011587760951677,0.024617357313042376,1,0.12901044176344922,1
2025-09-26,128281.91568672576,1556.6601499298833,126134.38207237817,1.017025759186859,124754.48779919738,1.0282749578773156,120249.16884344001,1.0668008512702827,116982.20931622673,1.096593374638306,104729.32242419859,1.2248901522262226,1,0.009987508332289119,0.003542613832885344,0.03444598391603315,0.03917478019791343,0.0494781312532786,0.13994188404117236,75.42813786385848,3106.463481872328,2957.379396729057,149.08408514327084,0.12687253215704317,0.1284125819916393,0.0876889991549108,0.9272882493961632,82.40842787022495,87.87198006136695,57.958002574445025,0.062227288755200894,4.186999797821045,0.10099983215332031,0.006578762969716934,0.02561577481818733,1,0.09639429570625113,1
2025-09-29,129697.0229584549,1568.1255570085873,127137.29078601349,1.0201336064078141,125198.87973912642,1.035927982971582,120834.02633953505,1.0733485168657333,117349.52565519825,1.1052198313910244,104956.4691664663,1.235722047325628,1,0.011031229648806873,0.021603621827998243,0.02791336943449152,0.04131404982305309,0.05418042041897264,0.1564469175472516,77.94103616354394,3230.1360897401173,3011.9307353312693,218.20535440884805,0.13026408169263826,0.12759853640363966,0.08502133344765894,1.0153402065955017,82.70831527233516,87.66194017836334,60.75965176919117,0.019113435166840942,4.140999794006348,0.09499979019165039,0.00556210422316239,0.03209019561777282,1,0.12218323800738662,1
2025-09-30,130343.2756335443,1556.5339742543276,128042.00726844739,1.0179727607696134,125694.81556419478,1.0369821145644265,121471.03142510896,1.0730400006021632,117704.1653056919,1.107380314834459,105180.29830013993,1.2392366036232367,1,0.004982787271041733,0.026216980626322384,0.01966852322554291,0.0466124375175081,0.06052710208771317,0.17180271523817758,78.99738622766324,3341.7728353446437,3077.8991553339442,263.87368001069945,0.128776374443988,0.12143191302367962,0.0887131797152772,1.0031729606777662,83.73943504392088,87.44859403550973,62.100369046659054,-0.004151399198408012,4.1479997634887695,0.07399988174438477,0.008229085188930174,0.034067282751954364,1,0.05104471768222574,1
2025-10-01,131362.4248112135,1593.8753533260242,128783.06051071458,1.0200287544826931,126236.9944528292,1.040601650733213,122118.36657222222,1.0756975260844506,118105.53540102238,1.1122461310994267,105413.62419197634,1.2461617349573328,1,0.007818962449083422,0.024013588415771725,0.03472173761637887,0.059739906612622296,0.06599610801523936,0.17348260845633034,80.57702771932523,3472.4542902580433,3156.8101823187644,315.6441079392789,0.1295727424988469,0.12161210361537542,0.09616325735672707,1.0054656155223443,82.41699988290476,87.20020358793808,63.086760714585935,-0.029684300989508583,4.105999946594238,0.07399988174438477,0.007055207110227668,0.043234205178998675,1,0.03322704251602859,1
2025-10-02,130140.10208801841,1547.6447208995805,129113.20842801625,1.007953436155021,126731.74852419276,1.0268942360814584,122735.16000231891,1.0603326877608632,118496.81693065527,1.0982582102958667,105638.89281367739,1.2319336053394225,1,-0.009304964680362349,0.0034162629138021483,0.024617357313042376,0.06083830457712702,0.06047412143582265,0.16575077316220654,73.4424967155017,3437.7606910862232,3213.0002840722564,224.76040701396687,0.13713089802946857,0.12679988617568835,0.09478053139536746,0.8679300808494342,84.08913255591655,87.03896498039599,63.95668199188722,-0.030303021036003797,4.0879998207092285,0.07699966430664062,0.0071502126920326425,0.02810675531998763,1,0.060348099277441225,1
2025-10-03,131567.95635220263,1602.0466604431424,129772.29516279807,1.0138370149587932,127273.21576002231,1.0337442608527956,123347.04591058294,1.0666486204102466,118940.70128802423,1.1061642896622959,105870.88775020091,1.242720819179614,1,0.010971670079208184,0.009395810506569457,0.02561577481818733,0.060944119301604704,0.06579404736420269,0.16214427730813297,76.10419338928187,3485.3052405465132,3267.461275367108,217.84396517940513,0.1399654052614026,0.12519076303232887,0.09908504470488022,0.9274965632237916,82.12492157565835,86.8548921072538,64.20663327364423,-0.028872190113952145,4.11899995803833,0.05800008773803711,0.0051275730458533175,0.025083066675445576,1,0.047328787429736785,1
2025-10-06,133859.0257962345,1618.6428834193925,130750.24618948485,1.0237764723000549,127893.7305349478,1.0466425933181818,124034.81873733396,1.079205235746787,119445.29163800753,1.1206722672829115,106110.19757206233,1.2615095330995607,1,0.017413582361184954,0.019005442299112163,0.03209019561777282,0.060899310537768425,0.07473002138141016,0.18223035149439348,79.63168143413922,3665.600039897763,3347.0890282732394,318.5110116245237,0.14903684626243519,0.12924201279664524,0.10931878152960087,1.0120836174895367,82.69830681284841,86.66616861801417,64.45615395170573,-0.025434449127275105,4.162000179290772,0.12800025939941495,0.005185951873882599,0.039668542762280046,1,0.0005919297475631691,1
2025-10-07,134783.71685936817,1587.993519118284,131679.07492843378,1.0235773370417565,128576.76202600244,1.0482743128350867,124724.20631845908,1.0806540353139156,119952.33908583694,1.1236439229660875,106358.45662102195,1.2672590515264013,1,0.006907947055742714,0.03568165920301114,0.034067282751954364,0.05440585911953533,0.08226767935812918,0.1812554663798367,80.85978172005682,3838.847958500992,3445.44081431879,393.4071441822016,0.1475990120608984,0.129146453320625,0.11849150904909035,0.9921538267180843,84.87674240090634,86.52941619509775,64.86959228857644,-0.043242362771106935,4.126999855041504,0.10099983215332031,0.006781424529434643,0.039050073127830265,1,-0.010913556583871165,0
2025-10-08,137041.7748383123,1638.1044967365935,132728.32519698484,1.032498335490377,129449.06492293306,1.05865403446444,125471.92360102026,1.0922106787338515,120515.97342801694,1.137125402884175,106619.6165398087,1.2853335932524652,1,0.01675319564973976,0.04160449578966219,0.043234205178998675,0.07945710952365537,0.10555691917148513,0.1957199921627133,83.47934569496147,4110.965933407904,3578.545838136613,532.4200952712913,0.14761271784810798,0.1330583508592399,0.13168918834581372,1.0333980306921866,83.65875016429553,86.34682615149632,65.07594004130978,-0.023419262189341872,4.129000186920166,0.05299997329711914,0.00976282227687486,0.03267148555959842,1,-0.02287479979032625,0
2025-10-09,133797.91809472456,1577.9167558991567,133221.845548582,1.0043241597785288,130190.48199838087,1.027708908062792,126080.47606182015,1.0612104448996558,121000.1715177751,1.1057663507119033,106858.8412512064,1.252099653412759,1,-0.023670568681812387,-0.0004565078906442199,0.02810675531998763,0.05341602667165235,0.09065502723794694,0.1580090134767651,68.89239078892125,4018.545963451528,3666.545863199596,352.00010025193205,0.18161252000654768,0.15820195751511035,0.13083767523204753,0.8088445407527625,84.79402832351923,86.21820303293994,64.58462373589354,-0.03240524434765313,4.1479997634887695,0.043999671936035156,0.00985660306226932,0.07176121606070796,1,0.005984986707670448,1
2025-10-10,134868.08417373704,1582.451317978328,133722.65402894252,1.0085657150100131,130914.33692619618,1.0302010256506116,126681.36112726858,1.064624527030806,121440.63540351504,1.110568004898905,107098.8649644381,1.2592858404103502,1,0.007998376164977561,0.0006259458956521247,0.025083066675445576,0.05134136368134068,0.08755585138496857,0.15428205726547883,70.7107041608769,3985.7111333106295,3730.378917221803,255.3322160888265,0.18056550884006292,0.15735413326725492,0.13144924616438666,0.8354401634506937,85.22731956340077,86.14360785517091,67.91850252360648,-0.06030629803594212,4.051000118255615,-0.08799982070922852,0.007465409846771021,0.042852810306211575,1,-0.0035706973814855214,0
2025-10-13,139169.01828514956,1688.0094447817798,135012.49919996125,1.0307861798708893,131780.60133751662,1.0560660436562261,127399.70551375177,1.0923810045238087,121955.80631736369,1.1411430294921112,107362.62817568486,1.2962519700748916,1,0.03188993257939421,0.015522591190511692,0.039668542762280046,0.07303170967716643,0.10298364020430939,0.18322200494530394,76.62442361800136,4257.659088574335,3835.8349514923098,421.8241370820256,0.20549231214484903,0.17579765903512484,0.14308412694359865,0.9985012702786539,82.44563957422922,85.97629001109615,69.47385919181309,-0.05028732027258276,4.051000118255615,-0.09200000762939453,0.00747003335314167,0.045806221649319134,1,-0.028594622937561764,0
2025-10-14,140047.03085916728,1692.4452035669879,136223.79555809908,1.0280658403724892,132595.1322836673,1.0562003932358373,128070.31611824255,1.0935167110063746,122466.15538613194,1.1435570130996877,107632.19558724287,1.3011630032730317,1,0.006308965780147391,0.04670560538930468,0.039050073127830265,0.07444768576251493,0.09558048502456584,0.16775230616332304,77.61793877314938,4492.244283490902,3967.1168178920284,525.1274655988732,0.2035162880052336,0.17077471237854222,0.15261834373689026,0.9697291986836849,82.74833983470869,85.8191288670045,70.92674358023872,-0.07427849070819514,4.021999835968018,-0.09800004959106445,0.00408476275838221,-0.02178139372479604,0,-0.04810873983124386,0
2025-10-15,141519.13320600396,1720.2510438130876,137318.09661663757,1.030593466504963,133566.1178834856,1.059543658590542,128741.95256874408,1.0992464412906684,123011.24752051935,1.1504568570642073,107906.59123291986,1.311496652697798,1,0.010511485590273262,0.04931521844485487,0.03267148555959842,0.07731821644878334,0.1147245768896632,0.16601373424899446,79.2131657112738,4742.275101666164,4122.148474646856,620.1266270193082,0.19581120491906756,0.17031013404539447,0.16047326444714896,0.9718917215028224,82.2665585422599,85.64421942517517,72.10571588427608,-0.10340048664245471,4.046000003814697,-0.10099983215332031,-0.0002871074329897638,-0.040926787702610934,0,-0.05021214020704978,0
2025-10-16,143399.419403593,1766.3585633668265,138548.91126581252,1.0350093558546596,134658.52126976333,1.0649115856271651,129504.90752885908,1.1072894621513678,123579.40111275036,1.160382864072625,108188.61290073831,1.3254576018564925,1,0.013286445125776591,0.030397578215113796,0.07176121606070796,0.10188494632197864,0.12901044176344922,0.1899303165141617,81.06910660717463,5034.119512275938,4304.542682172672,729.5768301032658,0.1947601313651203,0.16777196429160987,0.16511432140713486,0.9936017157330814,81.18364095201446,85.41168532434206,74.91472617765082,-0.11572797605370588,3.9760000705718994,-0.1959998607635498,-0.010915929331685281,-0.03769617434486694,0,-0.06496081869449954,0
2025-10-17,140647.56060119637,1664.550367581221,139064.02351765308,1.0113871082073378,135482.8975973947,1.0381204055669753,130118.69269829603,1.080917412283825,124076.20277112849,1.1335579060284064,108453.3648493178,1.296848288631785,1,-0.019190166974467404,0.0042880576499546574,0.042852810306211575,0.06901075687979796,0.09639429570625113,0.150641836574551,71.06822818671426,4985.8821572944,4440.810577197019,545.0715800973812,0.22438455743341487,0.18072266099831047,0.16079022943847407,0.8366690166225271,84.49582742440681,85.26340148185342,73.22383972151285,-0.12446743994580023,4.006999969482422,-0.17999982833862305,-0.008813503444752846,-0.020282274346187235,0,-0.040919707980617726,0
2025-10-20,145543.82518343726,1706.6694707324643,140742.01024461206,1.0341178510274194,136539.35107906017,1.0659478313996325,130869.1154090933,1.1121327192322743,124726.9573411305,1.1668995082223665,108738.59019888993,1.3384744543517455,1,0.03481229650419726,0.028439207379646003,0.045806221649319134,0.08729183047387368,0.12218323800738662,0.18298359762975092,76.59956501965749,5281.85539676348,4609.019541110311,672.8358556531684,0.25287374879227176,0.20063491334446146,0.170307938501756,0.9871725786492129,85.27944495200116,85.14703838286343,75.78928837924857,-0.09345942054959655,3.986000061035156,-0.15499973297119185,-0.007606353790564069,-0.07973931036391946,0,-0.047411820971756224,0
2025-10-21,136996.6113400351,1581.9739500414062,141046.08555408323,0.9712897086215457,136982.90679282625,1.0001000456737976,131338.86117851053,1.0430775028103432,125206.00714874419,1.0941696365836802,108985.65023576714,1.2570151303742487,1,-0.05872604923382774,-0.044650167275345765,-0.02178139372479604,0.01641811438525509,0.05104471768222574,0.11466140860812946,56.34733572185847,4771.722153605893,4641.560063609428,130.1620899964655,0.3723835131829777,0.27378567759880335,0.16410920135873783,0.5969225385459365,86.59852542676965,85.0310627340793,71.06710687086031,-0.07295172863526378,3.963000059127808,-0.18499970436096147,-0.009294917997198837,-0.02689018483860539,0,0.01118035615800328,1
2025-10-22,135727.2096854243,1584.5301950115725,140554.39861126532,0.9656560806809634,137273.89245110698,0.9887328701906406,131755.44345196808,1.0301449877849196,125655.26472518953,1.080155375759721,109223.40466954047,1.242656828873556,1,-0.009265934698633127,-0.03498354962389727,-0.040926787702610934,-0.009592441096439086,0.03322704251602859,0.10141600601818279,54.06125364574202,4216.4037011504115,4556.528791117625,-340.12508996721317,0.37545894646986216,0.27637543401567655,0.15409828803653652,0.520955958490777,85.65769848366526,84.90250258360365,69.49401542349156,-0.05309159669967567,3.953000068664551,-0.1529998779296875,-0.009444951311036398,-0.013411002949726636,0,0.04192943270939331,1
2025-10-23,137993.80988880247,1613.811153670662,140261.08132978465,0.9838353489115678,137797.4729711592,1.0014248223382467,132264.610747676,1.0433161909957622,126170.27436850873,1.0937109440355217,109467.25095598158,1.2605944580109338,1,0.016699674358822136,-0.05187451467019699,-0.03769617434486694,0.03135991840401697,0.060348099277441225,0.12447171899738874,57.38580657803596,3914.0863691411214,4428.040306722324,-513.9539375812028,0.3759375218812075,0.2780454458235256,0.1431316461865903,0.6108099690788221,85.50802835392798,84.8160279667462,67.09176300638963,0.02166007578052609,3.990999937057495,-0.0969998836517334,-0.01062994747527024,-0.024603371959241005,0,0.02164021998277499,1
2025-10-24,137794.9081909609,1611.0262547299708,139729.0491847785,0.9861579177336284,138212.60309374312,0.9969778812247758,132742.90942688272,1.0380585206840063,126675.49787105562,1.087778698381149,109705.21422290144,1.2560470271812807,1,-0.001441381305450129,0.005827128445859087,-0.020282274346187235,0.021701383504888705,0.047328787429736785,0.1162367872757819,56.996002159885805,3616.756285612093,4265.783502500279,-649.0272168881856,0.37534339175262654,0.2784374049256548,0.1331308494978657,0.5815483109490808,85.53237899354333,84.76810536184573,67.28129763610112,0.010183950739276248,3.996999979019165,-0.12199997901916504,-0.010608635471410777,-0.02473529085345827,0,0.0011534599318807626,1
2025-10-27,133938.26093558312,1551.4673777210005,138377.45511791995,0.9679196717517755,138217.88543636637,0.9690371149343511,133055.80798565707,1.0066322016549716,127111.2371282552,1.0537090501325186,109923.34195477923,1.2184696949141454,1,-0.027988314706325124,-0.013180472463756088,-0.07973931036391946,-0.037585645239293974,0.0005919297475631691,0.07536618605166501,49.915931978609365,3034.935997112072,4019.6140014226376,-984.6780043105655,0.3905517674652178,0.29274015794187924,0.12611377854071806,0.34964566086738535,86.33005299115777,84.73007721124411,65.56352733760411,-0.006159787029942354,3.996999979019165,-0.16500020027160733,-0.010211262670898114,0.009342153156025823,1,0.023477290871311673,1
2025-10-28,133312.74713883898,1577.2546646805279,137329.62462329745,0.9707501022049905,138119.82078833107,0.9651963518193458,133348.29140716678,0.9997334478908375,127552.82960970546,1.0451571129135913,110138.53556589944,1.2104096577448469,1,-0.004670165137092397,-0.03392226617799421,-0.02689018483860539,-0.04808587286009913,-0.010913556583871165,0.0704562898005594,48.85589312537526,2494.6091890357493,3714.61303894526,-1220.0038499095108,0.389922068514959,0.2934038256888627,0.12079821047726143,0.29632057239796306,84.52201798560696,84.62383576585393,66.21945131416736,-0.0255953025769321,3.983000040054321,-0.14399981498718306,-0.005624372895965957,-2.4022094528008964e-05,0,0.025727120997895758,1
2025-10-29,133906.97167597493,1597.2641695813174,135667.21697937427,0.9870252715240193,137910.83391084193,0.970967746903369,133679.9494168875,1.0016982521318842,127992.12163526865,1.0462126103164495,110356.84930098327,1.2133997348072334,1,0.004457372231007284,-0.02821538593862949,-0.013411002949726636,-0.053788921381734967,-0.02287479979032625,0.08026752598862741,49.943425261478204,2090.2501521772647,3389.740461591661,-1299.4903094143965,0.3833612952658854,0.2926746856304275,0.11672703623737156,0.31865747957980817,83.83520661348663,84.4480471750756,66.14913990387565,-0.03309352070459748,4.058000087738037,-0.0710000991821289,-0.005826936286878803,0.003780109169624568,1,0.02435363098979315,1
2025-10-30,134598.69685603547,1623.134549865317,135324.6577673743,0.9946354129150153,137964.21916159597,0.9756058322511977,134077.35057998842,1.0038883992992986,128451.36958868697,1.0478572341192842,110575.44266591834,1.2172566856702407,1,0.005165714461337956,0.004930898130519834,-0.024603371959241005,-0.06137209330526072,0.005984986707670448,0.09718258307862015,51.24314545825577,1804.8044806584658,3072.7532654050224,-1267.9487847465566,0.3710487159678312,0.2900940488220489,0.10845859202144942,0.3366942301362675,82.92516283657737,84.27242500316224,66.3017982914174,-0.015282046047136899,4.0929999351501465,-0.05499982833862305,-0.00486163659028005,-0.003823373845634026,0,0.012601788865679087,1
2025-10-31,134386.5110587319,1613.8486530797486,135133.12939213254,0.9944749423271766,137932.11428726232,0.9742945778301766,134423.22560672925,0.9997268734786594,128874.87222777598,1.042767366016973,110793.8335050952,1.2129421539742258,1,-0.001576432775798109,0.008054472981301908,-0.02473529085345827,-0.044515877244522994,-0.0035706973814855214,0.0836725185542091,50.80735000772744,1543.6706347473373,2766.9367392734857,-1223.2661045261484,0.36971157094471113,0.2894988387668202,0.10344024331994608,0.30406023889284856,83.27082641825096,84.14406922815971,65.53788176345235,0.03531405708781743,4.10099983215332,0.04999971389770508,-0.002598352336405152,0.0037637143080246904,1,0.021432692832487277,1
2025-11-03,135189.53268269508,1612.8441472644283,134732.51836268863,1.0033920120069024,137666.81524709865,0.9820052308179201,134723.70829230765,1.0034576274383475,129314.14606155582,1.0454349875870694,111014.13078060513,1.2177686906351344,1,0.0059754629957780026,0.009578000239029105,0.009342153156025823,-0.07114209405786931,-0.028594622937561764,0.07144423890636786,52.455302227132485,1385.5456071303051,2490.6585128448496,-1105.1129057145445,0.34385326971490143,0.2863587571704889,0.10183886565078125,0.3537741086546573,83.8205805000869,84.06503963794133,65.74938656997628,0.026222852825341425,4.105999946594238,0.05499982833862305,0.00020389222696981513,0.0255477968527853,1,0.029844945999169425,1
2025-11-04,133309.54468742543,1586.3853007217058,134091.75214789785,0.994166625105997,137217.64950231588,0.9715189348522947,134906.39089299162,0.9881633020126317,129698.29516679203,1.0278434617508991,111232.90092975322,1.1984722467286388,1,-0.013906313291889183,-0.009577746283746746,-2.4022094528008964e-05,-0.026913560974571316,-0.04810873983124386,0.0428734885063311,48.369923554399,1095.8982313731685,2211.7064565505134,-1115.8082251773449,0.3453478678220819,0.2883283045960111,0.10391333490344119,0.22988377819558772,84.03352238825549,83.98803443808333,65.39795095977847,0.03168655172362245,4.089000225067139,0.0670003890991211,0.000657487597138795,0.03914751619673851,1,0.05032276606397468,1
2025-11-05,134413.15464748393,1611.2141147463938,134159.5941067408,1.0018899918595563,136743.91759841455,0.9829552714894746,135155.01774095008,0.9945110207089162,130094.35313251216,1.033197455623402,111451.03750213902,1.206028742845074,1,0.008278551716954352,0.00019826088602292735,0.003780109169624568,-0.009681588835326216,-0.05021214020704978,0.058751870142635276,50.79272305200331,944.5149197575811,1958.268149191927,-1013.7532294343459,0.34388689474971196,0.287828394024165,0.10555016793515891,0.3192087770629213,83.42352106680269,83.89965577725413,66.99496651850608,0.022824746969436704,4.1570000648498535,0.11100006103515625,-0.0005687940946471626,0.052115583193108383,1,0.04807274990200283,1
2025-11-06,134084.0757188197,1605.7163976558693,134269.78390388092,0.998616902629454,136122.89468609632,0.9850222185475984,135390.70797792982,0.9903491733027711,130465.207761474,1.0277381841445572,111666.54088848986,1.2007542693806192,1,-0.0024482643051365605,-0.008177089911761248,-0.003823373845634026,-0.028332677916011684,-0.06496081869449954,0.05566899915185708,50.038691022624405,788.8947477464098,1724.3934689028238,-935.4987211564139,0.33626693156616516,0.28809291117517305,0.10516229942703748,0.2947339392560151,83.50420778648022,83.87078535300542,67.15463535990034,0.03428474159574901,4.0929999351501465,0.11699986457824707,0.008511588864965391,0.051430048909751225,1,0.050791204882137286,1
2025-11-07,134892.30349320918,1615.3233147367391,134410.54559205723,1.0035842269594986,135739.21087889717,0.9937607756800386,135611.05423814594,0.9946999103504162,130826.22318713252,1.0310800098559796,111877.04788219868,1.20571918947347,1,0.00602776854788023,0.011872809328806078,0.0037637143080246904,-0.021064673113531884,-0.040919707980617726,0.05153016129433641,51.92630916590372,722.4538685123553,1524.00554882473,-801.5516803123749,0.3319644901118245,0.2873628413052131,0.10513903440624892,0.350699627039191,83.50792826412233,83.90743536613533,67.10962424704628,0.038408047433247106,4.0929999351501465,0.08599996566772461,0.007754191689896217,0.02269622153291584,1,0.06940382064051764,1
2025-11-10,138643.32740029556,1687.701596523546,134988.34995552295,1.0270762435867753,135279.1776933544,1.0248682004452072,135909.2643862073,1.0201168259311522,131246.71600132535,1.0563565445621932,112108.00150012966,1.2366943085693594,1,0.027807545797267963,0.03147141932577813,0.0255477968527853,0.03512862143980877,-0.047411820971756224,0.06897848722947475,59.56233145920521,961.3929344240751,1411.4830259445991,-450.0900915205241,0.31874294770697903,0.29601061650780214,0.10473774341537709,0.6133098569073353,82.14919490691979,83.88879802062146,68.5514705922265,0.045375531807724245,4.110000133514404,0.12400007247924849,0.007450949691784947,-0.011255925425277757,0,0.04516396291504554,1
2025-11-11,138528.28224725625,1703.4776201272107,135580.0315538836,1.0217454639859773,135381.28908716913,1.0232454069635932,136182.0979399977,1.0172282872914198,131618.70739178162,1.052496905587344,112331.55344888693,1.233208995994962,1,-0.0008297922099571586,0.03314492421722215,0.03914751619673851,0.039122553696876006,0.01118035615800328,0.06279577196390118,59.2514734555167,1128.4624703298614,1354.8789148216517,-226.41644449179034,0.20456605676745584,0.29604859687862867,0.10328262373614676,0.6122049295963854,81.32087008819913,83.80817918876409,67.43610325819901,0.055690094045285354,4.119999885559082,0.15699982643127397,0.009411728345276371,-0.012891099949013163,0,0.03585494511577858,1
2025-11-12,141418.17459076302,1789.9454186569637,136469.83754075045,1.0362595657706046,135760.68674752506,1.0416725046018604,136517.28959931602,1.0358993722028274,132019.67008977768,1.0711901832097752,112564.36043781208,1.2563317025097982,1,0.020861388711574946,0.04837837985235649,0.052115583193108383,0.0560926949566416,0.04192943270939331,0.07654966626872994,64.29279342012373,1477.030157255649,1379.3091633084512,97.72099394719794,0.21484388556404546,0.30057742861818537,0.1030873933782673,0.8174979455104212,79.00697591897557,83.69451172329977,72.03966450107755,-0.00017091147920000882,4.065000057220459,0.1119999885559082,0.005282826042741551,-0.03005329372925125,0,0.02095729086169329,1
2025-11-13,140980.02629105738,1783.8536417626524,137565.62062698355,1.0248201959800127,135959.76784100872,1.0369245882790807,136878.62040608397,1.029963816648689,132429.05520359598,1.0645702038296292,112791.11547745261,1.2499213762917332,1,-0.0030982460420915237,0.016854030659659625,0.051430048909751225,0.047410038760236084,0.02164021998277499,0.08329426540412221,63.019778841234945,1698.340245243715,1443.115379695504,255.2248655482108,0.2070163069855112,0.29896860803812214,0.09741164247840944,0.812495259299795,79.03116207958442,83.52591270742205,71.4687356973233,-0.0501699667079849,4.111999988555908,0.12100005149841309,0.009729835672939613,-0.03323268691959236,0,0.029563173864364467,1
2025-11-14,137953.84909637636,1704.6273582310407,138071.4341196825,0.9991483754474209,135970.36390136977,1.0145876287897955,137091.48349755644,1.006290438886638,132743.45207516174,1.0392516311709628,113004.32044796688,1.2207838474626955,1,-0.021465290327250974,-0.004146685005843032,0.02269622153291584,0.02654535793466195,0.0011534599318807626,0.04853683922154217,54.92996852540043,1610.9725864536013,1476.6868210471237,134.2857654064776,0.22741520534417461,0.30600397824765385,0.09427515122843767,0.5988125967148106,80.92903614829325,83.4860498598432,68.13446398248038,-0.022926826787188825,4.1479997634887695,0.1509997844696045,0.011814918756625659,-0.004980457086144696,0,0.04824942522500142,1
2025-11-17,137082.76844636546,1703.2311087488652,138499.81879504616,0.9897685761540406,136179.9977354219,1.0066292460416801,137198.94158589412,0.9991532504683651,133024.48456689867,1.0305077963104292,113209.97186442922,1.2108718533251144,1,-0.0063142902914028465,-0.030656640541029456,-0.011255925425277757,0.014004307331352495,0.023477290871311673,0.024083117525733888,52.82777600061441,1454.6755644781224,1472.2845697333235,-17.609005255201055,0.19400160732535476,0.30317270099270155,0.0722837961394761,0.5837864118066325,80.48395061569416,83.41223798660472,68.01034902870215,-0.022834798475290907,4.132999897003174,0.1359999179840088,0.009712017705469256,0.015621865265549095,1,0.049806243524133764,1
2025-11-18,136742.50031504178,1696.4611447731725,138764.13262673654,0.9854311609677064,136408.64794716876,1.0024474428337,137264.23436774992,0.9961990531975697,133301.24980804912,1.025815590716126,113406.56495058033,1.205772349904352,1,-0.002482209362855259,-0.030057633605962808,-0.012891099949013163,0.025751761703677767,0.025727120997895758,0.0145327900232739,51.99075405174401,1288.4992369048123,1435.5275031676213,-147.02826626280898,0.1929294632638867,0.30279629116249746,0.07219186054242073,0.5505977331328367,80.60455774872148,83.2698318315319,66.94929021338311,0.009808813593031207,4.123000144958496,0.14000010490417525,0.004690469891893034,0.02395414297849907,1,0.05929125380435041,1
2025-11-19,137168.0926511323,1706.370007841016,138553.38480542751,0.9900017444089106,136626.05601217927,1.0039673006363055,137268.4449615106,0.9992689338732842,133580.01683143782,1.0268608726425166,113605.71273125766,1.2074048861927666,1,0.0031123632748413232,-0.005695792110121833,-0.03005329372925125,0.020496044534283442,0.02435363098979315,0.0009217467664077716,52.99394935225091,1177.5707422616542,1383.936150986428,-206.36540872477372,0.1926700110599523,0.299053683040716,0.07230449595204935,0.5863624035143088,80.38590224753392,83.16073690097319,68.68775476257932,-0.01719578246360709,4.132999897003174,0.07499980926513672,0.003755136786547597,0.02702284395458321,1,0.050647891132497014,1
2025-11-20,136294.88121541077,1686.800276117682,138234.32751516387,0.985969864833029,136739.13496947094,0.9967510855311513,137351.67706553347,0.9923059122924398,133851.53863539477,1.0182541239714213,113804.91327161193,1.1976186027234454,1,-0.0063659953189143526,-0.00574752932030953,-0.03323268691959236,0.016488203276481928,0.012601788865679087,0.018662197112203405,50.65514205031736,1007.5834511046414,1308.6656110100707,-301.0821599054293,0.19469512168388547,0.29115012736311086,0.07141665525089719,0.5064702711439629,80.80084117984191,83.02763066285061,68.65066015949252,-0.02360905254054302,4.105999946594238,0.013000011444091797,0.0016028140440362826,0.03374658111632334,1,0.07799180711752252,1
2025-11-21,137266.77587108337,1678.1238053252418,137641.27055520963,0.9972791977099917,136931.1526236277,1.0024510364590165,137431.633455445,0.9988004393150499,134127.95519652122,1.0234016888572053,114005.87241976315,1.204032502515966,1,0.007130822867342568,0.00383403517438774,-0.004980457086144696,0.017602726889408782,0.021432692832487277,0.017785465790826738,53.134319130988374,940.4501504956279,1235.0225189071823,-294.5723684115544,0.1959643980332255,0.29097404749773104,0.07098877523557356,0.609757479617822,81.79776452293815,82.91331216150185,70.26351883288801,-0.04788452264455734,4.063000202178955,-0.037999629974365234,0.0006510005895414839,0.05090502647280992,1,0.079659001934693,1
2025-11-24,139224.25698526305,1710.2935454196192,137390.4463686676,1.013347439105589,137200.1342437989,1.0147530667708193,137433.4747454488,1.0130301750947583,134421.41425277945,1.0357297440975577,114224.64486089753,1.2188635574644158,1,0.014260414450311565,0.014990106623122168,0.015621865265549095,0.004190101289838655,0.029844945999169425,0.00039691808416941754,57.73965925006328,1033.2877941639163,1194.6755739585292,-161.38777979461292,0.20222352222271742,0.27881224591880105,0.07166829992304538,0.7816232670540889,81.40372005458067,82.87858151084691,69.58191605174942,-0.0361998216558711,4.038000106811523,-0.06799983978271484,0.00967164831738554,0.04080289336907206,1,0.07000366967389104,1
2025-11-25,140018.04971882573,1722.6277969690677,137685.33217187462,1.016942382388555,137647.36791255893,1.0172228633370801,137432.5087074374,1.018813168992588,134731.010357285,1.0392414437294009,114449.14423593265,1.2234084462019543,1,0.005701540455315124,0.027317009048421825,0.02395414297849907,0.010754247778157033,0.05032276606397468,-0.00020693862742937608,59.47860252439558,1157.570977559575,1187.2546546787385,-29.68367711916335,0.18999650367935864,0.27870145361660265,0.07161048480797155,0.8279643054841945,81.28166163487896,82.82969223751925,71.44089638349406,-0.04309776339441529,4.001999855041504,-0.08700037002563477,0.004783409419413465,0.02483363032388719,1,0.0655722500732121,1
2025-11-26,140874.76461439166,1789.7168794706017,138227.0459101641,1.019154852704791,138078.14191035277,1.0202539132215047,137411.02975438366,1.02520710940162,135069.36102188576,1.0429809066140856,114667.65748640023,1.22854837800362,1,0.006118603260696354,0.026284501259771664,0.02702284395458321,-0.0038425752414347203,0.04807274990200283,-0.004553225963264684,61.3281327996002,1310.0940789824235,1211.8225395394754,98.2715394429481,0.1891915238666176,0.2775699733403343,0.07320388166869196,0.8706398691384664,78.71343575493358,82.71125481127504,71.01790429457391,-0.015939546519530223,3.997999906539917,-0.15900015830993652,0.004717512844272687,0.024895529046665255,1,0.07128777404018427,1
2025-11-27,140894.36748008628,1789.965920380915,138820.16979088474,1.0149416161378138,138532.16136110388,1.017051680243586,137327.5280236001,1.0259732298965811,135433.71513222734,1.0403197412293355,114888.2136039901,1.2263605034867822,1,0.00013915100939665415,0.011995829828705729,0.03374658111632334,-0.0006075953681144997,0.050791204882137286,-0.017469052063985968,61.37157901147497,1416.22614967986,1252.7032615675525,163.52288811230756,0.1880948797177385,0.2747010273400656,0.07469096753905302,0.8336800234964671,78.71343575493358,82.628914638039,71.01790429457391,-0.013124663895196842,3.997999906539917,-0.09500002861022949,0.00684420965028143,0.03018911199709584,1,0.06254702563244607,1
2025-11-28,144254.34473063814,1913.6949884334924,139832.49151652842,1.0316225017959224,139156.29744359915,1.0366354047980133,137447.75416124816,1.0495212934611122,135838.59682170997,1.0619540256292102,115122.35401960387,1.2530524237375606,1,0.02384749163962674,0.030255349366167028,0.05090502647280992,0.04567103908684822,0.06940382064051764,0.02564412858655074,68.0063004310784,1751.2711008437618,1352.4168294227945,398.8542714209673,0.20595408147555197,0.27748064538176354,0.08331126138296947,1.0474876299618263,75.38000862204582,82.32505401129363,72.67122045627362,-0.020083694777229377,4.017000198364258,-0.07599973678588867,0.007801732270904083,0.0024657717788614253,1,0.04139764650470079,1
2025-12-01,144905.00949742104,1980.2238994692673,141062.5098425299,1.0272396943679833,139573.74291674086,1.0381967730410468,137426.46030504763,1.0544185535723845,136213.1959693515,1.0638103633514715,115362.58743592558,1.2560832130945732,1,0.004510538438186051,0.028608707131196454,0.04080289336907206,0.05706217593727758,0.04516396291504554,-0.004389163780813776,69.1126737375026,2045.7180827144766,1491.077080081131,554.6410026333456,0.17899460870106454,0.2586480240435279,0.0920066929283204,1.0069505741605291,73.17607343986582,81.92160829422247,72.06338210734046,-0.013470835837395834,4.0960001945495605,-0.01399993896484375,0.007805289597826448,-0.006864243729759911,0,0.04809695103641198,1
2025-12-02,143495.20620421472,1971.2573852305854,141952.2856044058,1.0108692902917304,139904.8711805381,1.0256626877490458,137643.0801338536,1.0425166747552446,136526.51876009765,1.0510427388569274,115593.69238826545,1.2413757467166235,1,-0.00972915496914839,0.018459493950288897,0.02483363032388719,0.049382641633839874,0.03585494511577858,0.04743617233020192,63.952320317821375,2140.6341951754584,1620.9885030999967,519.6456920754617,0.18600883473978141,0.19253899836517843,0.09020551793582994,0.8620756288853035,72.79374437699558,81.46144892589665,71.978169313566,-0.039318504093737605,4.085999965667725,-0.03399991989135742,0.010208895368433613,0.009442325208546709,1,0.06739426770053658,1
2025-12-03,144381.91640879138,1975.8405640648236,142689.09409348128,1.011863711982088,140102.45396840663,1.030545235427138,137931.57035796583,1.0467648271826773,136875.0701040989,1.0548445111223193,115835.6288343721,1.246437886699232,1,0.006179371618273866,0.0008843524151140869,0.024895529046665255,0.052591120997843355,0.02095729086169329,0.0637654508880432,65.68764273097972,2261.3386962416116,1749.0585417283198,512.2801545132918,0.16873325071309755,0.1901416118338095,0.09079861720587656,0.8890884179286296,73.07366749737493,81.04198122635366,71.79813308143467,0.007864576359586595,4.057000160217285,-0.007999897003173828,0.016398284814575614,-0.001846139328540275,0,0.05902023071340534,1
2025-12-04,145147.84331970257,1944.6663839060511,143421.9217507494,1.0120338756299236,140380.30843698297,1.0339615643803757,138170.03813899585,1.050501579609374,137237.7595983044,1.0576378086071285,116077.28036341639,1.2504414547383575,1,0.005304867326615836,0.0016758138529768818,0.03018911199709584,0.06495447243025887,0.029563173864364467,0.05184314743295326,67.1583237326762,2391.237090867653,1877.4942515561866,513.7428393114665,0.16818272651818586,0.18536341424206557,0.08982931902059335,0.9086480184574607,74.63894296645667,80.6796783801046,71.10776152389965,0.01669789683365841,4.107999801635742,-0.004000186920166016,0.01779465773605371,0.012242152152769581,1,0.07222216453459995,1
2025-12-05,144610.0430228531,1991.1402454542595,143955.5329519582,1.0045466128148983,140824.05469874808,1.0268845285857167,138397.20930005892,1.0448913222615936,137564.32214502696,1.0512176469011942,116321.52984394119,1.2431924100109775,1,-0.003705189719318991,0.007769157229209345,0.0024657717788614253,0.05349631842935021,0.04824942522500142,0.04945853893561525,65.05001729174919,2422.857324049721,1986.5668660548936,436.2904579948272,0.1363226287639241,0.18581788546819727,0.08717175053729716,0.8360640309607487,72.62674909540911,80.24949071683345,70.62250117536145,-0.00016638910813471242,4.138999938964844,-0.008999824523925781,0.011487802397394553,0.02483414801520012,1,0.023628722235014887,1
2025-12-08,143910.34619456757,1971.4525478595203,144386.3870540269,0.9967030073321163,141279.22654862824,1.0186235422589442,138729.6121420251,1.0373441111277575,137848.58860974922,1.0439740271986335,116569.22734171824,1.2345483407271791,1,-0.004838507849520113,-0.0032661307312796817,-0.006864243729759911,0.033658568634347574,0.049806243524133764,0.07445285006186886,62.30932374785047,2364.2038301376742,2062.0942588714497,302.1095712662245,0.13459570820590314,0.16460536632942305,0.08866764589057406,0.7526128899837677,72.99711390381965,79.8050594139222,71.6321351686395,-0.01719243501786405,4.171999931335449,0.03900003433227539,0.014163013291692117,0.03516161152474351,1,0.0395348729277174,1
2025-12-09,144850.13460706238,2057.383306189438,144471.4998935161,1.002620826348625,141819.73550142962,1.0213679647259124,139114.19172429916,1.0412319031701014,138138.72578921958,1.048584557150784,116812.15668591928,1.240026198613306,1,0.006530374204118949,-0.0020510722435224116,0.009442325208546709,0.034510442746060965,0.05929125380435041,0.08654376806298769,64.47433491896732,2366.2766204610234,2122.9307311893645,243.34588927165896,0.1327079131084796,0.16359419200897,0.09077788273039938,0.7948897605659168,70.40503058855754,79.33449316735388,72.72446687106911,-0.040994428871567457,4.185999870300293,0.06299972534179688,0.016856542417873932,0.03002561022458039,1,0.020662823085942694,1
2025-12-10,144115.3672745791,2059.682721018483,144358.69386168153,0.9983144306685431,142282.8871429927,1.0128791323284352,139454.471577586,1.033422346693272,138393.7846384869,1.0413427716500288,117048.9215317435,1.2312404538942738,1,-0.005072603725750802,-0.003420756525159274,-0.001846139328540275,0.02300342910284714,0.050647891132497014,0.07623498217334213,61.499896162018686,2282.320567889925,2154.8086985294767,127.51186936044815,0.137706245406277,0.16509099522658588,0.0927105585580398,0.7220398975752008,69.96969280828327,78.8723093738471,72.26651148481356,-0.01648720667695247,4.164000034332275,0.031000137329101562,0.015358501882907216,0.04719861494470412,1,0.025343008956723034,1
2025-12-11,146924.76530226873,2177.777288790819,144848.63087568927,1.0143331311730603,142991.54608211658,1.027506655658464,139865.34052579378,1.0504730103250495,138729.4779027719,1.059073871850368,117299.46378210041,1.252561269804279,1,0.01949409060823437,0.020946507234619993,0.012242152152769581,0.04280084385229088,0.07799180711752252,0.09157643226974943,67.64593298857531,2414.6452061995806,2206.7760000634976,207.869206136083,0.14549043040231718,0.17216966092438696,0.09928158994429499,0.8857237577597687,67.46546860241547,78.35698623270837,74.87847420452442,-0.026039921058857884,4.140999794006348,0.034999847412109375,0.014756952677287494,0.018935717108944372,1,0.03457206182618999,1
2025-12-12,148201.31023576707,2101.0394696953745,145394.25856525722,1.0193064822380862,143720.51503976216,1.0311771440198725,140325.83383169494,1.0561227835889284,139062.1449804432,1.065720007818153,117558.10871627028,1.2606642949101452,1,0.008688425881587136,0.023135467825387224,0.02483414801520012,0.027361155135389392,0.079659001934693,0.10279900168698908,69.99018397183494,2592.633675852907,2283.9475352213794,308.68614063152745,0.14602892992570796,0.17237848403168776,0.10445875850843177,0.9167952186404943,70.53713762685253,77.93252993966175,75.35341065623797,-0.010678655389547709,4.193999767303467,0.13099956512451172,0.017597924622178462,0.013662665070747648,1,0.03853802535755513,1
2025-12-15,148970.46588185232,2162.8069052409937,145940.34750270718,1.0207627186792119,144370.26229953478,1.031863927577919,140785.19827166683,1.0581401149458252,139364.37378215554,1.0689278890938967,117821.33577174273,1.2643759715172074,1,0.005189938232405877,0.033688972238629766,0.03516161152474351,0.028056009923546732,0.07000366967389104,0.10193787141422139,71.33774484755071,2763.8947942051454,2379.9369870181326,383.9578071870128,0.14048366728102538,0.17228849147566783,0.1073362433447581,0.915348487532906,68.87830139551279,77.43445396950929,76.2970823393211,-0.03433039518227854,4.182000160217285,0.14400005340576172,0.010520569931092627,0.019494016784509238,1,0.024694501265777546,1
2025-12-16,149199.34828975203,2159.314838154952,146595.96254083558,1.017758918484479,144982.34887092988,1.0290862953432787,141314.8583917444,1.0557937784302251,139652.6864107632,1.0683600303320269,118088.43929449111,1.2634543159443066,1,0.0015364280869016866,0.015481276984202097,0.03002561022458039,0.039751447009452656,0.0655722500732121,0.1191947931379096,71.74435032285223,2884.8347822143696,2480.9165460573804,403.9182361569892,0.1409096597178823,0.16452747102447063,0.10709404051204222,0.8887951998974788,69.0956898230076,76.93652621733436,78.38429109331707,-0.04624676910944425,4.14900016784668,0.14700031280517578,0.0182741994286586,0.026585989152109857,1,0.019287904967407732,1
2025-12-17,150917.41300218657,2285.447046005596,147596.97208478118,1.022496673681748,145651.8587634495,1.036151644637016,141865.00033690117,1.0638100492988949,139930.1991740407,1.0785192466887032,118359.0233904816,1.2750816007013734,1,0.011515229336645394,0.018327117095648937,0.04719861494470412,0.04526534039686192,0.07128777404018427,0.12278752327469156,74.65125694649954,3083.7663193136395,2601.4865007086323,482.2798186050072,0.14388220659092094,0.16555518058213442,0.10898699980421182,0.9459204693639096,66.03408871961174,76.356878472428,78.189131384376,-0.04620635683997654,4.151000022888184,0.1530001163482666,0.020171504902762205,0.013159233148705596,1,0.017229308716981473,1
2025-12-18,149706.89109433052,2215.5729038886525,148290.79444010518,1.0095494576016808,146239.36033773248,1.023711337006603,142385.76084941818,1.0514175729457589,140248.37863403282,1.0674411537047352,118620.12954240717,1.2620698668248351,1,-0.00802108838056026,0.004943430955383299,0.018935717108944372,0.031409683191683246,0.06254702563244607,0.11651506930824951,69.2457465723038,3107.915874883649,2702.772375543636,405.143499340013,0.15212762486483014,0.16818499161420533,0.10202886800320406,0.8466117179830295,67.57028434011603,75.82574769088251,77.72929441347783,-0.04262574484157333,4.116000175476074,0.11800026893615723,0.014027054345968626,0.03956961235483347,1,0.05524816337399674,1
2025-12-19,150226.13510056434,2288.848866323144,149163.7612723888,1.0071221979059346,146637.47969572755,1.0244729752058153,142896.88856966334,1.0512904556863598,140555.53965256936,1.068802663145822,118875.67400242462,1.2637247810473005,1,0.003468404175908324,0.0068819791948302456,0.013662665070747648,0.038836113732596766,0.04139764650470079,0.11367462197817013,70.24115025459011,3132.8397964128817,2788.785859717485,344.0539366953967,0.12501548300142173,0.16804525655211905,0.09542360615958753,0.8596631364556037,65.6339251178447,75.22994758600659,77.43204758957397,-0.03228009247269337,4.151000022888184,0.13399982452392578,0.009970355725320124,-0.014638874502486243,0,0.04684602585755204,1
2025-12-22,151874.4986441493,2307.5109995640682,149870.86603551457,1.0133690600557412,147102.11230550945,1.0324426771569963,143337.92761112514,1.0595555633829439,140809.64925974936,1.0785801927820216,119140.21908839073,1.2747542333414112,1,0.01097254843494122,0.006341784045482246,0.019494016784509238,0.05534106935448668,0.04809695103641198,0.09543316286439296,73.20596994607799,3248.158595430723,2880.6604068601328,367.4981885705902,0.12939490243295518,0.15346541753630352,0.0949662237999269,0.9331586434305902,65.81745381521678,74.68555621628316,77.0453375553309,-0.02208363755951459,4.169000148773193,0.07299995422363281,0.002462240900505952,-0.01497733470795104,0,0.04534932030618455,1
2025-12-23,153165.96054488525,2396.054409861274,150580.10179396006,1.0171726457886412,147746.82926155414,1.0366784946277101,143825.85022104613,1.0649404144629375,141072.02785346372,1.0857287789467656,119410.30066732004,1.2826863318233264,1,0.008503480915264872,0.023105612742803983,0.026585989152109857,0.05740985992440639,0.06739426770053658,0.10566563058583589,75.2836548235956,3404.514631239261,2985.4312517359585,419.08337950330224,0.11774030722081667,0.15377864445386377,0.09664075072464412,0.9685193804007249,63.924241416362555,74.10566859388861,77.17883029803764,-0.00443380498361845,4.169000148773193,0.08300018310546875,-9.824858697415895e-05,-0.03475193322019032,0,0.03282348339698693,1
2025-12-24,152903.37042608185,2412.02796153333,151141.94530027854,1.0116541117841498,148314.92619604018,1.0309371709761481,144208.69008222342,1.060292346729597,141299.71259786526,1.082120887685315,119673.47717774154,1.2776713272815376,1,-0.0017144156434578672,0.017821368590261066,0.013159233148705596,0.060978945671763096,0.05902023071340534,0.08121442571688386,74.02672326887429,3467.270551455498,3081.7991116798667,385.47143977563155,0.11999644886776314,0.145181645277288,0.09652265207553762,0.9063356600261917,63.39203892426201,73.58517069406483,77.16880758115832,-0.010178155743054251,4.136000156402588,0.07899999618530273,-0.004551985227429944,-0.033587788768491555,0,0.030298925840747337,1
2025-12-26,155630.73474178047,2614.6181115143036,152060.7147934255,1.0234775954670794,149013.78562417868,1.0444049460919684,144697.04703058084,1.0755626181430562,141544.33890462902,1.0995193163228005,119952.1876763222,1.2974397362533554,1,0.017837175911155745,0.02473250039450159,0.03956961235483347,0.05925460844943964,0.07222216453459995,0.10392045480596157,78.11394245876093,3694.4927642566618,3204.3378421952257,490.1549220614361,0.13300770648738663,0.1505627772254848,0.10044036764467046,1.0225654211315627,59.523313960985824,72.93490909011153,80.23792845533245,-0.04910334473587108,4.136000156402588,0.028000354766845703,-0.0007163992910295125,-0.023301807163605748,0,0.01605657930486104,1
2025-12-29,148026.99356183363,2380.6459723210296,151647.7977305179,0.9761235954437101,149241.5823267774,0.9918615928214677,145032.81851276275,1.0206448104627257,141691.92756384177,1.0447101405627888,120193.83243116723,1.2315689629632696,1,-0.048857580686506585,-0.03355162573178683,-0.014638874502486243,-0.001176215471078712,0.023628722235014887,0.0730182197266569,53.049763089099514,3223.847135837219,3208.2397009236247,15.607434913594261,0.2561090298488029,0.2019476983630988,0.09764280456084895,0.49784225624595957,62.17933925530075,72.30991919367845,74.78650069978119,-0.03328894705469565,4.116000175476074,-0.02299976348876953,-7.906556896597472e-05,0.03976100834179119,1,0.1103332412677962,1
2025-12-30,149599.82344435362,2638.9296985561896,151632.50235194978,0.9865947018213934,149620.88081009648,0.9998592618514952,145450.05367936235,1.028530548184872,141773.0475290601,1.0552063742136122,120447.01558763784,1.242038440840438,1,0.010625291000475379,-0.021605455605867574,-0.01497733470795104,0.004224713662374091,0.0395348729277174,0.09131019996058476,56.18174416013791,2943.8365955291374,3155.3590798447276,-211.5224843155902,0.2568641421983494,0.20154044147149872,0.09577071768900912,0.5920211252207027,56.689582721460596,71.51677359720401,75.69110866029467,-0.01579484185300728,4.130000114440918,-0.04199981689453125,-0.00042253566528460684,0.02038367242402428,1,0.11781273795025826,1
2025-12-31,147843.1473124231,2388.5262853642316,151292.07552507246,0.977203510490027,149820.41499045386,0.986802414890142,145820.07524594173,1.0138737554693291,141989.97824850786,1.0412224097511384,120694.36213730065,1.2249383044440658,1,-0.011742501371226233,-0.050038878517655205,-0.03475193322019032,-0.009089858587687183,0.020662823085942694,0.08117920157819603,52.00870897966418,2550.773414159048,3034.441946707592,-483.6685325485437,0.26282607505477856,0.2054763320439999,0.09076322909018783,0.45050341917524067,61.89722433294059,70.89319581667797,75.60258160942371,-0.014248958473041862,4.163000106811523,-0.02299976348876953,-0.004000840054517063,0.028638079649330184,1,0.15411796005212364,1
2026-01-02,147767.68431822018,2408.050735291723,150705.38776422545,0.9805069779548875,150063.9027933633,0.9846983956008063,146173.394968178,1.0109068367084808,142230.78774116377,1.0389289595100368,120942.26244456755,1.2218035394033393,1,-0.0005104260533864702,-0.001751769980420037,-0.033587788768491555,-0.02087054516314002,0.025343008956723034,0.07727447004783006,51.83060643097021,2207.7294472898648,2869.0994468240465,-661.3699995341817,0.2614356193763758,0.205679381838842,0.08700065725386687,0.42950029399389905,61.364024499352816,70.25913322507193,75.53384718478397,-0.019500503036292915,4.186999797821045,0.02299976348876953,0.000500441725945322,0.0389119678627885,1,0.17056221408051875,1
2026-01-05,152004.25737209723,2600.753112692553,150539.43016811289,1.0097305217798986,150402.53559801853,1.0106495662969381,146697.04084006752,1.036178074906199,142510.99669082966,1.0666142325975216,121211.56295837028,1.2540408989223462,1,0.028670497703364717,0.016072438271546474,-0.023301807163605748,0.015345761714596895,0.03457206182618999,0.11526020652131574,60.09304119715771,2251.7637402538967,2745.6323055100165,-493.86856525611984,0.27497060963239917,0.21720118718144124,0.0859729460051696,0.7327385778059553,58.446246446181064,69.51398006728324,76.32887556957125,0.012500021523900173,4.164999961853027,0.024000167846679688,0.002383309593700478,0.039299323603830594,1,0.16070149167429482,1
2026-01-06,153912.69608765596,2756.7422786068178,150683.61954833774,1.0214295127034851,150783.29465481112,1.0207542980143058,147251.90484728664,1.045233990332941,142833.3524487636,1.0775683231468414,121481.22275041345,1.2669669649594644,1,0.012555166207529167,0.04105397433407343,0.03976100834179119,0.02454007742809705,0.03853802535755513,0.12126692792876481,63.15867520872861,2412.842542646278,2679.074352937269,-266.2318102909908,0.27700883030256535,0.21850330581092026,0.08573148593032313,0.8452872183586575,55.831369250638836,68.64843355820659,78.69945761451883,-0.00539689355858719,4.178999900817871,-0.014999866485595703,-0.00022156209136015015,0.02177166996282809,1,0.14898913343932763,1
2026-01-07,152649.21724013519,2638.5653104564117,150257.6884766741,1.0159161823112455,151028.5447453633,1.0107309018802,147699.40352244905,1.0335127536038682,143207.57157485464,1.0659297938052485,121742.74546286212,1.2538670510490595,1,-0.008209061887923808,0.03303518590304577,0.02038367242402428,0.005101044631601326,0.024694501265777546,0.09642687664903948,59.87907291570782,2410.75676702449,2625.4108357547134,-214.65406873022357,0.2802388618447428,0.21896309550881754,0.07983232630570493,0.7276503411120291,57.85311306611219,67.86341332525765,79.70173006150368,-0.01460749772642167,4.138000011444092,-0.04400014877319336,-0.004536514952819259,0.04004400939542907,1,0.20651612519872953,1
2026-01-08,152077.09114076392,2547.266564430485,150836.27384509277,1.0082262526383108,151220.3942687641,1.0056652204627718,148101.37156984696,1.0268445830634454,143582.8584548931,1.0591591000296132,121996.43148323293,1.2465699962844017,1,-0.0037479792541041945,0.0004791561100054853,0.028638079649330184,-0.007109082202388151,0.019287904967407732,0.08612490636853098,58.40026603451632,2336.0099119062943,2567.5306509850298,-231.52073907873546,0.28115546809222136,0.21972379067688333,0.0738778151799317,0.6613317416304239,59.70207172751462,67.14409366167884,77.22819121987928,0.045051526020383204,4.183000087738037,0.03399991989135742,-0.010052099836027284,0.04021848209464096,1,0.2211546189043001,1
2026-01-09,153517.61570156945,2690.5917198859015,151395.95845326644,1.014013962261469,151393.7411153896,1.0140288136783744,148522.79993941958,1.0336299596034224,143975.071335405,1.0662791431714875,122253.9776685434,1.2557269598032093,1,0.009472331105229825,-0.0025669122569427216,0.0389119678627885,0.004017212137155335,0.017229308716981473,0.08974532182385064,61.01116600394304,2365.7400056311453,2527.172521914253,-161.43251628310782,0.27995764560771513,0.22037118751001836,0.06508749793475244,0.7814464072397456,57.05719472969071,66.42221896083741,76.13159647471137,0.05684662823101094,4.171000003814697,0.019999980926513672,-0.011473422961140067,0.026176556921418515,1,0.07626016862641638,1
2026-01-12,157977.92187172323,2896.5071402831227,152843.78339030934,1.033590757618863,151945.14316721578,1.0397036626426972,149092.25175247417,1.0595984701740317,144442.65583571876,1.0937068482830914,122529.69765512904,1.2893031232017436,1,0.029054034937751938,0.03490816872781832,0.039299323603830594,0.015081771179948245,0.05524816337399674,0.12125079729714172,67.75864642882996,2717.8807136542455,2565.314160262252,152.5665533919937,0.2984052706541846,0.23273884829249686,0.07320755794097177,1.1020882983193387,54.54083633103504,65.61646564670745,77.55798647453685,0.05966159186259534,4.186999797821045,0.0709996223449707,-0.001965368470936424,0.0009603247271199322,1,0.024424943205259897,1
2026-01-13,157263.63250996548,2936.515515973609,154200.3474177015,1.019865617319046,152414.30966117585,1.0318167162884502,149525.8946784517,1.0517484804097204,144900.19826474343,1.0853237910871119,122808.82932387818,1.2805564011625028,1,-0.004521450550145523,0.03410468552690071,0.02177166996282809,0.06239834185562598,0.04684602585755204,0.09018298758085375,65.79488944859979,2905.82108323407,2633.4155448566157,272.4055383774544,0.30033583141198184,0.2260667293206582,0.07823567886845412,0.9633877479142933,53.554504191336804,64.8889488323505,75.21013872149592,0.07924464685066313,4.171000003814697,0.019999980926513672,-0.0013639044031077407,0.045119516403277826,1,0.07438008569848753,1
2026-01-14,158761.90392950404,3112.051117115157,155165.72549733103,1.0231763710745185,152873.47001353282,1.0385183506036069,149987.79115952115,1.058498846487119,145371.6456896796,1.092110522490804,123111.5942440907,1.2895771913629048,1,0.00952713221503143,0.03416082385052954,0.04004400939542907,0.06124392578951432,0.04534932030618455,0.09562743538089769,67.89660972868674,3139.4732685577183,2734.6270895968364,404.84617896088184,0.29972255356443234,0.22682788868138173,0.08604940415024137,0.9969483229128868,51.01519800064459,64.15025298437645,74.74524606614152,0.06912605158173157,4.139999866485596,-0.029000282287597656,0.007848642760776015,0.05330425059315136,1,0.06974571284568754,1
2026-01-15,158193.40090781383,3143.408136548905,155777.25475735357,1.0155102627416548,153208.63270439475,1.0325358180895514,150477.73098297446,1.0512744967274417,145869.32281408738,1.0844871139179393,123420.12432675941,1.28174721724466,1,-0.0035808528848497723,0.0013639819636668271,0.04021848209464096,0.07000834183757276,0.03282348339698693,0.10242986572444401,66.23362071985002,3241.4059559720918,2835.982862871888,405.4230931002039,0.2999150435980327,0.2244825294014481,0.09029749700145193,0.8983300253890902,50.3254410608512,63.40130954050496,78.11624096149208,0.01387457252096791,4.159999847412109,-0.009000301361083984,0.00646511977202735,0.07860650700171723,1,0.05680396682538924,1
2026-01-16,157536.17830742203,3019.8721148631757,156475.39205268028,1.0067792528961015,153517.48656315077,1.026177420137856,150916.20637959547,1.0438652155831132,146331.78328728615,1.0765684307840275,123719.85211537704,1.2733298303695757,1,-0.004154551306313925,0.0017330503760255578,0.026176556921418515,0.06610710612589177,0.030298925840747337,0.09110740614764201,64.27369788841085,3231.90063518603,2915.1664173347162,316.7342178513136,0.3006722529196508,0.2253484279496085,0.0936264933535246,0.8143683097380953,52.16650649882615,62.70440417388668,77.31157483912736,0.018680380138678565,4.230999946594238,0.09499979019165039,0.00953777704511749,0.09797806182364233,1,0.08308752837173028,1
2026-01-19,158129.63197643566,3031.248258462522,157340.04074349054,1.0050183744024344,153684.07971212777,1.0289265633280626,151348.93266815325,1.0448017649595833,146812.6944124385,1.0770841895470202,124005.60614377235,1.2751813155374592,1,0.003767094488324796,-0.003982516821851245,0.0009603247271199322,0.040297388443166327,0.01605657930486104,0.0894383847518796,65.2729775231534,3234.96370349222,2979.125874566217,255.83782892600266,0.2928982503412553,0.22525634084015572,0.09552459108428624,0.8190314930910177,52.16650649882615,61.955322958298986,77.31157483912736,0.047585422424596846,4.230999946594238,0.09499979019165039,0.006615547145425893,0.11574008025850824,1,0.10393340330083412,1
2026-01-20,164359.29155663794,3248.905171346263,158888.85157992892,1.0344293505951683,154772.89957844806,1.0619384401552219,152007.24095261274,1.081259619782691,147402.03417370704,1.1150408641101077,124307.78633583922,1.32219627105733,1,0.03939590260433046,0.038976914418934916,0.045119516403277826,0.06787351358612059,0.1103332412677962,0.1365689970140167,73.61568437146545,3697.4507610874134,3122.7908518704567,574.6599092169567,0.23984666976167948,0.24769774049219276,0.11195242027403678,1.0909844452505912,50.58913168794858,61.22073571138364,78.98242944243877,0.038911815604055544,4.295000076293945,0.1789999008178711,0.011969401328644436,0.07595995108147724,1,0.05469773002871947,1
2026-01-21,167224.58824120814,3187.551241059043,160209.8039184267,1.043784987879725,155947.88389823833,1.0723107236923348,152784.38235416744,1.0945136254408978,147973.6593905253,1.1300969978709297,124613.00562526299,1.3419513268469503,1,0.017433128711088486,0.06149958719247195,0.05330425059315136,0.09548277590014886,0.11781273795025826,0.16200532250210564,76.42142173198049,4246.232655566855,3347.4792126097364,898.7534429571188,0.24324348005172652,0.2488916204740001,0.13342196991542637,1.0949160542423046,52.46177256238722,60.53622433333589,79.80039731369548,0.046074169694452216,4.252999782562256,0.12299966812133789,0.013552825663755375,0.10135563218449106,1,0.0478172440292044,1
2026-01-22,170628.43158389936,3332.9739734389104,162119.06092898874,1.0524884033138946,157466.9028496701,1.0835828259529197,153643.65892006198,1.1105465255333073,148615.66237725815,1.1481187706229925,124938.6509832927,1.3656977263722536,1,0.020354921357506717,0.07904147661158323,0.07860650700171723,0.12198642349072908,0.15411796005212364,0.1779652952809898,79.24505001164863,4899.3315272333275,3657.849675534455,1241.4818516988726,0.23274592848796766,0.25275927515115154,0.15974480863200577,1.0957839542813075,51.194048601006564,59.8958582670842,82.77290855357822,0.0337861808302089,4.249000072479248,0.08599996566772461,0.019689357403863905,0.08838627040159563,1,-0.0016917357038619407,0
2026-01-23,172971.26772508697,3505.6579790593796,164148.9700426434,1.053745677966494,159147.14174346122,1.0868638030829965,154605.52226841223,1.1187910055682861,149246.72423994463,1.158961904229136,125274.61615653647,1.3807367608211332,1,0.013730631638817048,0.052397257781324535,0.09797806182364233,0.1267193470574377,0.17056221408051875,0.200227782756363,80.93718131466932,5542.078751029883,4034.6954906335413,1507.383260396342,0.22878586970808074,0.25173453222513087,0.1852399810654988,1.0566105301077877,49.34059989782114,59.208221836735454,81.54085836114712,0.06542219155556994,4.238999843597412,0.05200004577636719,0.017745261284285885,-0.0447841590390734,0,0.0023704051643458346,1
2026-01-26,176431.56827263668,3994.8342744458205,166754.42252333238,1.0580323184409113,160775.6291368305,1.0973775641237389,155589.0823674245,1.1339585373734162,149955.75507957622,1.1765574997705868,125612.60096267665,1.4045690234935897,1,0.020005059759689914,0.05505757334051986,0.11574008025850824,0.11681155304661917,0.16070149167429482,0.20082933540620962,83.12545228778053,6258.533414480975,4479.463075403029,1779.0703390779463,0.21904981481049743,0.25197282909569746,0.2147247611732458,1.0484248757617731,44.16492804212233,58.431537151392355,83.82813640735712,0.039609077252722,4.2129998207092285,0.04799985885620117,0.016598660145228594,-0.08272354417299144,0,-0.017211799780855852,0
2026-01-27,176844.0153030664,3671.5679243700283,169512.6849512816,1.0432494497617795,162304.3837511912,1.0895824944208785,156543.83920300115,1.1296772597594251,150733.55840371002,1.1732225867674715,125956.24557841933,1.4040114842337434,1,0.0023377167389475595,0.03642759686336783,0.07595995108147724,0.12450674374356807,0.14898913343932763,0.19326890579936773,83.37048974922945,6781.437732552673,4939.8580068329575,1841.5797257197155,0.22096003533389852,0.2521091312586141,0.2295251208856121,0.9802906837991456,48.16580244303489,57.68582597859844,81.46498072282519,0.09207068480992642,4.2230000495910645,0.04400014877319336,0.016403033054818605,-0.04457657397251791,0,-0.04455453895721562,0
2026-01-28,184173.74209918702,3927.9123180928104,173233.27211167463,1.0631545537075557,164406.0187417947,1.1202372243344583,157717.281743579,1.1677461091335675,151675.37787676646,1.214262622433187,126320.80098327075,1.457984280226168,1,0.041447412192939126,0.06476494345815142,0.10135563218449106,0.16006256879463177,0.20651612519872953,0.23631043917963068,86.98695023036055,7698.546811842942,5491.595767834955,2206.9510440079866,0.24245794672749912,0.27216264780713156,0.2582441749806304,1.0569974198922,46.888455541437324,56.95283111679591,83.90444825801555,0.1289515483044288,4.250999927520752,0.11299991607666016,0.015174241941553035,-0.07785515917713681,0,-0.06482368775857628,0
2026-01-29,185709.64227607407,3981.9816751587646,176283.32221445124,1.0534725573764463,166648.188817482,1.1143814018853138,158934.29154312305,1.1684680535143428,152654.72071598712,1.2165338969214412,126696.98820580749,1.4657778760644729,1,0.008339409078520488,0.05258738044599909,0.08838627040159563,0.17394051338649175,0.2211546189043001,0.24470813314423712,87.59569679638341,8451.868790504697,6083.650372368904,2368.2184181357934,0.23255655555610807,0.2716378510370509,0.27698946210304914,1.0053461196010949,46.63749294301843,56.20422455412961,81.29624046347165,0.13261772974388109,4.227000236511231,0.04400014877319425,0.02421870244331581,-0.09978064921125873,0,-0.07309016259046797,0
2026-01-30,165224.89496209653,2726.0662392010795,175997.6517460067,0.9387903379560029,167428.67410151716,0.9868375046792498,159411.20760845338,1.0364697529167632,153215.8567622064,1.0783798652023882,126990.53301814978,1.3010804115491208,1,-0.11030524351301652,-0.06570264942841075,-0.0447841590390734,0.0488060376815187,0.07626016862641638,0.09480338733147153,52.392657263946525,7311.649828050577,6329.250263505239,982.3995645453379,0.5590213464010741,0.4357410414559468,0.26153912167520815,0.5337423514290967,60.60927375279337,56.023397388568995,72.76644938204504,0.10301082988185595,4.241000175476074,0.07000017166137695,0.020871886403360573,0.03268620646577691,1,0.06212521277429195,1
2026-02-02,161836.52364112507,2670.653899229855,174741.66489703898,0.926147314302414,167685.9142194773,0.9651169831075006,159815.52869334657,1.0126457983420145,153726.68961072067,1.0527548862916438,127256.62543116423,1.2717335784506232,1,-0.020507631865941067,-0.12128340448244901,-0.08272354417299144,0.02344210644366651,0.024424943205259897,0.08102253983186158,48.892521452102926,6064.694811029767,6276.339173010145,-211.64436198037765,0.5583774775606609,0.4400674369381752,0.2522575659005395,0.44124713286636813,60.598089361443115,55.7909908892799,74.87287002381962,0.044369737641150264,4.275000095367432,0.08800029754638672,0.01608001682193727,0.07864763072614323,1,0.11139218501798442,1
2026-02-03,168960.91497331217,2843.1311591238336,174168.75736107116,0.9700988715389262,168465.73305036707,1.0029393628839467,160440.02135577146,1.0531095268221504,154360.57239276526,1.0945859577625616,127567.99935789866,1.3244772656446822,1,0.04402214760856804,-0.09018770968210366,-0.04457657397251791,0.02799734273062704,0.07438008569848753,0.12471052297395802,55.607780657367826,5586.9499346092925,6138.461325329975,-551.5113907206824,0.5827493306955687,0.4558645574442498,0.24508570791598494,0.5973507012035861,59.42775957734784,55.58411870459667,78.07309083056441,0.03368761254604302,4.27400016784668,0.10300016403198242,0.001252595148094171,0.025973206532975412,1,0.05789743384134738,1
2026-02-04,169834.86609180586,2887.2408952128026,173226.37133523816,0.9804215419552439,169203.93052785387,1.0037288469717205,161038.70027069334,1.0546214407240424,154972.7845748961,1.0959012355471172,127874.95973587873,1.328132313336355,1,0.005172504650745591,0.027901189652847824,-0.07785515917713681,0.015609414130131505,0.06974571284568754,0.11825795382369453,56.36519825677959,5218.696346471843,5954.508329558349,-735.8119830865062,0.5824747633062054,0.45544100278002836,0.23455646768840732,0.6015708556226832,58.82254798045537,55.35095517677129,76.00245396069563,0.05030633519600691,4.275000095367432,0.13500022888183594,0.00166046004893583,0.031712811491274806,1,0.061407441644122596,1
2026-02-05,167179.41360497678,2616.6424443262563,171845.71394979677,0.9728459893612289,169802.99804099803,0.9845492455004369,161505.8153726964,1.0351293742531054,155516.01185261912,1.0749980764900977,128172.3468159437,1.3043329373148442,1,-0.015635496691201456,0.03301411723165559,-0.09978064921125873,-0.020213618251696097,0.05680396682538924,0.0914919542843522,53.384748457618024,4658.8752873410995,5695.3817211149,-1036.5064337738004,0.5878035756488531,0.45879552138161717,0.22010051808335582,0.5147623794874594,63.89081319279688,55.34984090265243,77.2554894800637,0.0692684977858451,4.210000038146973,0.05000019073486328,-0.0006453200086764532,0.01890400080350596,1,0.07205339701532432,1
2026-02-06,170625.4699921139,2629.2112248492313,169910.2465059292,1.0042094193898998,170675.61748664416,0.9997061824338549,162096.55202489748,1.0526162824605079,156111.02596017357,1.0929751370389635,128489.2404134309,1.3279358601786748,1,0.02061292304374085,0.009851716410654188,0.03268620646577691,-0.01356177684204396,0.08308752837173028,0.1159039170729037,56.59252305096325,4442.075533579016,5444.7204836077235,-1002.6449500287072,0.5901073039508409,0.46121442977479216,0.20693335260052836,0.5903666559183978,64.89606783101827,55.39997519954431,78.36034405024922,0.06914536852806674,4.205999851226807,-0.02500009536743164,-0.000517989212315273,0.016151221264910864,1,0.06191917057536234,1
2026-02-09,174564.58279045502,2820.341612849105,168318.09515084076,1.0371112068136012,171771.28087424545,1.016261751685106,162727.6802931866,1.072740559417684,156784.43026638095,1.1134050906321828,128845.39412226176,1.3548375863929618,1,0.023086311782896107,0.027848914698660687,0.07864763072614323,-0.010581924201323423,0.10393340330083412,0.12165879753821907,59.98242617482669,4535.827453620761,5262.941877610332,-727.1144239895712,0.5940842182724145,0.4628224771289419,0.20195704402976186,0.6836174942842959,61.8948364244369,55.47902594832601,78.92168822397223,0.08277257902613444,4.197999954223633,-0.03299999237060547,-0.001256929705051757,-0.006700782754732515,0,0.051388947757407655,1
2026-02-10,173349.3717139145,2764.0111910558976,169478.73468681474,1.0228384819738738,172370.61955139725,1.00567818439746,163571.75956492266,1.0597756738388024,157366.33080604646,1.1015658230448742,129191.07022824028,1.3418061434715285,1,-0.006961383902250318,0.03690620738457984,0.025973206532975412,-0.01976116400186323,0.05469773002871947,0.17106594914057505,58.46551378010439,4460.6495563383505,5102.483413355936,-641.8338570175856,0.5792015507864097,0.43620161982544353,0.1927745310524972,0.6295076564259889,62.71659545833141,55.49693448842704,78.65853771005916,0.059993353044920594,4.146999835968018,-0.14800024032592773,-0.0008987804064358729,-0.025293197988943472,0,0.026730396039516213,1
2026-02-11,175220.8071848212,2878.3844463961673,171390.77519305705,1.022346780259614,172903.70081430476,1.0134011380878711,164425.7923562716,1.0656528071043707,157972.64675979447,1.1091844745201582,129534.48520424255,1.352696209882203,1,0.010795744180689626,0.026932304965487708,0.031712811491274806,-0.048611353672469826,0.0478172440292044,0.17126346241977863,60.1374118084213,4500.2041808607755,4982.027566856905,-481.8233859961292,0.577108886150568,0.436218767110792,0.18536026581494452,0.6673189959260447,60.87470608803191,55.63643860064608,78.88751688986768,0.06614975902653852,4.171999931335449,-0.08099985122680664,-0.005822120625424088,-0.017040705865776218,0,0.022894629592028704,1
2026-02-12,170339.77337409492,2600.5351967920983,171587.75496459747,0.9927268610119642,172884.45693365115,0.9852810159762782,165175.67989166063,1.0312642483797945,158509.53810319208,1.0746342170475645,129839.36459115372,1.3119270408513737,1,-0.027856473721056485,-0.024201985012226146,0.01890400080350596,-0.08276290188061675,-0.0016917357038619407,0.1521654974926352,54.028732012950485,4090.539674649597,4803.729988415444,-713.1903137658464,0.5859285240295049,0.44423247235275115,0.17292740446635327,0.49262645810463584,65.50181423499421,55.7565915973812,78.74601989575613,0.05862532861277403,4.104000091552734,-0.14499998092651367,-0.008752763498688365,0.010545516867973115,1,0.04202384755205246,1
2026-02-13,173381.27971138596,2674.8124704110733,172094.3854816803,1.0074778397104804,172911.79106607105,1.0027151916154493,166029.46640476616,1.0442801718623649,159089.52536924396,1.0898346657894107,130160.70521915848,1.3320554726517093,1,0.017855526498860463,0.00018406756918687428,0.016151221264910864,0.04936534988362706,0.0023704051643458346,0.17333692079796337,56.962408246567264,3965.5889041011396,4636.101771552583,-670.5128674514435,0.5878392843032119,0.4453949932003479,0.15695159374547255,0.5755487380304515,64.81997584021772,55.87178997541003,80.24009943682509,0.029801861862109424,4.056000232696533,-0.1829996109008789,-0.010858590340636853,0.01215959998305638,1,0.03607661761759595,1
2026-02-16,173394.86344450567,2675.0220313210166,172982.30688732732,1.002384963899499,172709.344077529,1.0039692083288148,166742.48660717977,1.0398961114991518,159654.46577174,1.0860633469057512,130495.7797047951,1.3287392422709454,1,7.834601949130438e-05,-0.010420815710485476,-0.006700782754732515,0.0714198472837404,-0.017211799780855852,0.1407237299942563,56.97561376578154,3823.5847075487836,4473.598358751823,-650.0136512030394,0.5817803960303729,0.4402824312781523,0.13869159478274112,0.5537103526500275,64.81997584021772,56.08424762187792,80.24009943682509,0.03727524792543191,4.056000232696533,-0.1569995880126953,-0.010161658850722177,0.03730781899885627,1,0.026617255125015005,1
2026-02-17,168964.8117338955,2529.5987560399303,172745.0699932961,0.9781165490885076,172184.06383958427,0.9813034259158386,167244.22379538775,1.0102878766121859,160141.56114596088,1.055096569090473,130794.56597925848,1.2918335748037888,1,-0.02554892124603203,-0.008071876655487698,-0.025293197988943472,2.3063088785635344e-05,-0.04455453895721562,0.09779645233208778,51.432895168991436,3315.3598050439614,4241.950648010251,-926.5908429662895,0.5904939789536645,0.4482181085349178,0.13315583449006785,0.3527907085291927,66.79510389865474,56.44970544347844,78.70848320464471,-0.0009616534569754087,4.052000045776367,-0.17100000381469727,-0.010141403153925643,0.05787303602159377,1,0.07368163722199728,1
2026-02-18,172234.92094802076,2664.8881026659533,172412.26115866264,0.9989714176390351,171388.14242950652,1.0049407065536202,167897.0805856506,1.0258363060705946,160708.05264102996,1.071725517903811,131132.77068916685,1.3134391963415553,1,0.01935378840462576,-0.006611779341307411,-0.017040705865776218,0.014131696932699,-0.06482368775857628,0.1283053006231598,54.919186733337675,3140.2594363445533,4021.612405677112,-881.3529693325586,0.5674859609048692,0.44907103699688344,0.1300125816209772,0.4840174791993211,64.63120187804314,56.675641737209475,76.84460518966492,0.03132421113133632,4.078999996185303,-0.17199993133544922,-0.009920914077367615,0.046616967849848256,1,0.051411355601402864,1
2026-02-19,172136.09432749817,2671.736670604377,172238.93581774604,0.9994029138083117,170483.2392329348,1.0096951178426699,168565.7140252084,1.0211809401629315,161253.77183543867,1.0674856926953933,131470.00021543988,1.3093184304055583,1,-0.0005737896820147137,-0.0072595525150049856,0.010545516867973115,0.029648870130824623,-0.07309016259046797,0.13190022926048384,54.791181264670335,2959.4025004119612,3809.170424624082,-849.7679242121208,0.5652159731107125,0.4486625298998981,0.12954591013368727,0.4761787528226619,64.42854051418912,56.8331906967653,75.22805779483276,0.015438736846524526,4.074999809265137,-0.15200042724609464,-0.013551589808066367,0.04118348314130782,1,0.04190785671853625,1
2026-02-20,175489.5267172268,2841.977700996283,172277.3243223754,1.0186455321818242,171167.54801661015,1.0252499889768665,169298.11105906364,1.0365710852851935,161881.2550242916,1.0840632949805904,131833.0144184097,1.3311500726233925,1,0.01948128544934069,0.03861582134395625,0.01215959998305638,0.02850721363778641,0.06212521277429195,0.14312306060282776,58.339549495215884,3051.4903623187856,3657.634412163023,-606.1440498442375,0.32827272410450103,0.45055251087804815,0.13027107447889605,0.6197091093326298,61.749086438494736,56.989587087058766,76.53110331342216,0.018095389077481983,4.085999965667725,-0.1550002098083496,-0.00807129687132302,0.03248587515434065,1,0.01098050950762075,1
2026-02-23,179863.84762522468,2978.1000974628755,173637.9063582511,1.0358558876777066,172369.36961555012,1.0434791751364534,170027.64191751368,1.0578506270908754,162540.0366707507,1.106581807838311,132209.1052039128,1.360449776494679,1,0.024926392986667434,0.04429372763207673,0.03730781899885627,0.030357044653959386,0.11139218501798442,0.13853787601581846,62.476794358014054,3437.8128295524803,3613.670095640915,-175.8572660884347,0.3193573176667142,0.44878288239077,0.13399477556012418,0.7976009675311438,60.39550107008719,57.184742578360506,78.80561438657764,0.06710650482626113,4.02899980545044,-0.2460002899169913,-0.01047472215329548,0.020412247591815813,1,-0.02336903655969813,0
2026-02-24,178743.31836975305,3019.9863059366885,174403.91188087495,1.024881359839234,173021.5298419795,1.0330698065899617,170743.6314461733,1.046852036915366,163150.87683343046,1.0955706879359388,132586.24067252924,1.3481287157935624,1,-0.006229874820683379,0.038383722298731104,0.05787303602159377,0.031116043874334753,0.05789743384134738,0.13658393563067706,60.81083100278281,3611.9228239053336,3613.320641293799,-1.3978173884652279,0.2791006503939883,0.4491163050641846,0.1358138298285368,0.7417397975732014,59.18679764088189,57.37248569334534,78.87094348977823,0.03828505306116625,4.0329999923706055,-0.24100017547607422,0.008582198287533593,-0.0042533019060977395,0,-0.01905372017616569,0
2026-02-25,180263.9907204758,3136.701040643685,175385.21577744212,1.027817481202205,173716.80481722418,1.0376888459935711,171460.367672539,1.0513449444174192,163776.7473302029,1.1006690122928848,132963.13541091394,1.355744132863456,1,0.008507575917199084,0.027206546695759615,0.046616967849848256,0.02878187594658832,0.061407441644122596,0.1354360602813094,62.28079393137971,3828.47947054822,3656.352407144683,172.1270634035368,0.27970763180233643,0.4490303795774461,0.12824857271622342,0.8336990592395062,57.46929285983257,57.5876221886516,79.88688996499354,0.0042984154424381416,4.047999858856201,-0.22700023651123047,0.005475404386297011,-0.005722540892492578,0,-0.04796192862481918,0
2026-02-26,179225.25826624528,3001.855652314047,176850.9938534921,1.0134252251628286,174519.8611279754,1.0269619578416889,172161.42958448676,1.0410302626947694,164377.2655297328,1.0903287488611175,133327.34755196946,1.3442497848866704,1,-0.005762284802854567,-0.003550404194121337,0.04118348314130782,0.05216330112542966,0.07205339701532432,0.13295028261442843,60.60844759559462,3871.655115067173,3699.4129487291816,172.24216633799142,0.2699074697999941,0.4494219739242347,0.11370084469608098,0.8406812133945695,59.704822290847126,57.90026822965147,79.65343150065543,0.030336516687808457,4.017000198364258,-0.19299983978271484,0.009165008587248558,-0.009636767945177094,0,-0.09091914513421095,0
2026-02-27,181190.45757305698,3199.9645872664805,178130.35622849726,1.0171789997468728,175224.19363337161,1.0340493159989586,172949.90556000787,1.0476470454630569,164982.72642115018,1.0982389581230065,133695.67477850078,1.3552454697823455,1,0.010964968474992176,0.013690801007966602,0.03248587515434065,0.0450404903843733,0.06191917057536234,0.15015140978902708,62.6517378605239,4018.128797042009,3763.1561183917474,254.9726786502615,0.26251886492378435,0.4490069374267872,0.11422721635604689,0.8964845940192882,56.62264460428954,58.04880616650025,78.303493958894,0.05460263489637085,3.961999893188477,-0.24399995803832963,0.007668777345272382,-0.008577536324435142,0,-0.10836636754051832,0
2026-03-02,183535.2730157674,3050.536018845973,179758.8103268214,1.021008498454568,175822.23964839242,1.0438683603553192,173796.76026131897,1.056033914209941,165659.2940595789,1.1079080956952494,134078.3264857877,1.3688660787037952,1,0.012941164088428714,0.018147175607380106,0.020412247591815813,0.05848160302918726,0.051388947757407655,0.16066337929071794,64.98552546757017,4274.1475427708065,3865.3544032675595,408.79313950324695,0.2524401401360649,0.44956142209572325,0.10699870575028354,0.9881429706184414,60.164925731026244,58.315420140906916,74.56970163212331,0.10674336049457822,4.047999858856201,-0.15000009536743164,0.005426767900080343,-0.030103827797273164,0,-0.14459854684362505,0
2026-03-03,177983.06907302875,2880.5138581374026,180115.03066336457,0.9881633332738318,176131.15280566673,1.0105144163191013,174250.88617853198,1.021418444269333,166214.4327390282,1.0708039376609273,134419.32940558554,1.324088357381978,1,-0.030251427158972666,-0.006930882428252461,-0.0042533019060977395,0.05337358262107372,0.026730396039516213,0.0828902180543658,56.053763586752076,3983.112940228486,3888.906110659745,94.20682956874089,0.285623060200047,0.449088691495265,0.10394308908001106,0.670929881347123,61.788652246224494,58.68873749284945,68.71915722928058,0.16572855887820692,4.056000232696533,-0.09099960327148438,0.00815434657955394,0.0192790619927945,1,-0.12508894132098491,0
2026-03-04,179232.42266213396,2884.3969069806863,180024.82709720873,0.99559836024924,176398.59383748757,1.0160649173159348,174651.14732589616,1.026231006245205,166761.59121938792,1.0747823965432166,134771.5309411905,1.3298982463911064,1,0.0070195080667621035,-0.01080650127578342,-0.005722540892492578,0.04062765945255076,0.022894629592028704,0.07180663171139323,57.47026754997443,3809.3663106983004,3872.9981506674567,-63.63183996915632,0.2839232677736287,0.44720285576575025,0.10222101024756076,0.7168314443805074,62.138612833135,59.01129883520771,68.77444338848368,0.15519119348501853,4.079999923706055,-0.09200000762939453,0.015683111106656877,0.010362684530723643,1,-0.09134786449979304,0
2026-03-05,177498.10604241904,2854.920866035624,179846.9396218753,0.9869398190239176,176875.81601537584,1.0035182312713067,174880.13647451348,1.014970079625293,167248.23412933858,1.061285381973922,135125.88778033643,1.313575873269849,1,-0.009676355393489433,-0.032893769541671225,-0.009636767945177094,0.031149839525923984,0.04202384755205246,0.04026101860487308,54.82829356904256,3491.478408374591,3796.694202208884,-305.215793834293,0.258547447751463,0.44537470920497185,0.0924832755155046,0.6006035109719373,62.17268862051579,59.37725350252468,62.69226097178977,0.2891470709662991,4.145999908447266,0.04199981689453125,0.015289445560422,0.010433029982876763,1,-0.11425744436053131,0
2026-03-06,179636.28984158306,2918.641331964059,179757.26806774776,0.9993269911839163,177292.81669072233,1.0132180941935667,175102.30387839672,1.0258933541293382,167782.8925176486,1.0706472343280624,135490.5596378639,1.3258214470566132,1,0.012046234446315918,0.009288640639610435,-0.008577536324435142,0.02362969005573823,0.03607661761759595,0.03853253898265452,57.42679519744503,3373.1993759075995,3711.9952369486273,-338.7958610410278,0.2535355138683142,0.44500634150114327,0.08968087741189412,0.7102148938819385,61.547915419451726,59.784164019912374,56.751376332893514,0.4453808619505386,4.132999897003174,0.07699966430664062,0.013502051907523294,-0.012357184117460118,0,-0.10520710199327532,0
2026-03-09,178010.1587621752,2930.922404489286,179583.6824243092,0.9912379363153042,177600.50304523364,1.0023066134944294,175154.9235613813,1.0163011986345525,168230.4809980565,1.0581326148870234,135843.34632983268,1.3104076391784398,1,-0.009052352844972966,-0.0068194352439391315,-0.030103827797273164,-0.010306066991916718,0.026617255125015005,0.008947324478231433,54.842915840324295,3112.3697415615025,3592.070137871203,-479.7003963097004,0.25782160884416144,0.4425572221720931,0.08947766558837866,0.5966015107936578,60.73520011563567,60.33650642236281,53.853544117773744,0.5069168001719737,4.136000156402588,0.07999992370605469,0.015071077016695744,-0.013198999339197437,0,-0.08574408147307666,0
2026-03-10,181414.41569535548,3082.913360207086,179615.67644178044,1.0100143778605988,178430.47664266432,1.0167232588783977,175307.27024112426,1.0348368065159603,168898.22944072692,1.0741048991222313,136217.87533780184,1.331795957362221,1,0.019123947514301243,0.022063951780986857,0.0192790619927945,0.01494376041557488,0.07368163722199728,0.02584424688874276,59.00177462576175,3144.112094033364,3502.4785291036355,-358.36643507027156,0.23641727281830482,0.4457636398836736,0.09094919414129256,0.7813608572804026,58.84512293953438,60.69248377224612,62.817259308526,0.3388415609939046,4.136000156402588,0.0840001106262207,0.004821453438236478,-0.0334969107823474,0,-0.08293714009567987,0
2026-03-11,181089.75171585896,2974.3391479910383,179266.3162560792,1.0101716568838008,179020.7986938535,1.0115570539127334,175204.47056168,1.0335909302731352,169528.02800615705,1.0681994820896636,136572.1945312321,1.3259635487108348,1,-0.0017896261344617637,0.008091137239349955,0.010362684530723643,0.0045808427522477935,0.051411355601402864,-0.016745005819923886,58.448907028189595,3107.252000380191,3423.4332233589466,-316.1812229787556,0.2288388296584152,0.4291862511135611,0.09272119724500341,0.7379022682934285,60.88402925942181,61.15900289617894,59.35931343950591,0.33839540930254763,4.208000183105469,0.12900018692016602,0.01698076626647471,-0.05230317873981716,0,-0.057366729413317,0
2026-03-12,179349.94910466342,2962.5737330601996,179461.58483202703,0.999377940814085,179501.72234566454,0.9991544747369674,174992.48078929965,1.0249008888593927,170158.16404200185,1.0540190658168636,136922.10431738914,1.3098684832430372,1,-0.009607405138670644,0.00752648248731802,0.010433029982876763,0.0006957213487894798,0.04190785671853625,-0.03424535793330752,55.45035919540456,2904.1750577316852,3319.581590233495,-415.4065325018096,0.23461703564773775,0.42923740331805466,0.08556644374898892,0.6130351754724144,60.5385604756865,61.62237181393455,53.544339547573,0.441065827444757,4.2729997634887695,0.1979999542236328,0.015808345978475025,-0.09155117237787047,0,-0.08293402141010875,0
2026-03-13,177416.4911338332,2836.098083561849,179202.16604226976,0.9900354167146876,179630.18664010495,0.9876763725091097,175398.86732835753,1.0115030606309363,170751.14017831412,1.0390354696815407,137256.54309457628,1.2925904086888216,1,-0.010780365316423457,-0.02203752411956006,-0.012357184117460118,-0.020828726246259976,0.01098050950762075,0.07378788877144382,52.24275969031189,2557.7372154453187,3167.2127152758594,-609.4754998305407,0.2287001096005243,0.2793328276569839,0.08248310288125597,0.47156040437464286,62.55654279376106,61.687280781966805,51.27849500767993,0.48682030414152355,4.284999847412109,0.19899988174438477,0.014815294036112814,-0.08939972366496718,0,-0.06962769760101994,0
2026-03-16,175660.60279430283,2818.5691290530413,178939.66557825316,0.9816750368156001,179349.9703180435,0.9794292270180014,175859.6699667968,0.9988680339697468,171224.26708675825,1.025909503267412,137584.86962825555,1.276743607556014,1,-0.009896984932510122,-0.02998043163742803,-0.013198999339197437,-0.042905486733267106,-0.02336903655969813,0.08542002041413643,49.44539879036709,2117.09268838726,2957.1887098981397,-840.0960215108798,0.20606424698628698,0.2733590491455637,0.07993483653435636,0.3392639628192929,62.322616458632396,61.74476501853978,53.49946732897327,0.4100437858918671,4.21999979019165,0.19099998474121005,0.020247622778106766,-0.10625184733664561,0,-0.059350110491376284,0
2026-03-17,175337.59319817647,2784.353266482335,178325.56605776653,0.9832442822100891,179122.92197327173,0.9788674239265699,176072.2259076256,0.9958276627352087,171652.76502896863,1.021466756848257,137916.3946873988,1.2713324880308576,1,-0.0018388277791839824,-0.022371659019236434,-0.0334969107823474,-0.014863637809092944,-0.01905372017616569,0.03774055216185057,48.9263970208929,1721.964812643535,2710.1439304472187,-988.1791178036838,0.20503198326096414,0.24413063590246498,0.06599590582241409,0.2511233405250515,62.97246664303048,61.8629219207292,52.05488247498299,0.46594549917434436,4.202000141143799,0.16900014877319336,0.013871618273879616,-0.11188837174455213,0,-0.05918231431815524,0
2026-03-18,171618.18206391527,2707.2922755226587,177412.42652944365,0.9673402558159208,178546.53472950103,0.9611958155554111,176131.6697733626,0.9743743546219992,172032.14432544424,0.9975936923698059,138228.55740681698,1.241553737400515,1,-0.02121285610472201,-0.032681905908870656,-0.05230317873981716,-0.04248249555032846,-0.04796192862481918,0.010500293686135143,43.29146498121861,1096.0629982862156,2387.327744015018,-1291.2647457288026,0.21560940727394037,0.2523786166830018,0.06755540108383644,-0.04951516454463068,63.39108031051484,62.01520633173118,50.832643384287366,0.4723326565384567,4.258999824523926,0.2109999656677246,0.01620468038242473,-0.05103339492216352,0,-0.019352730423450426,0
2026-03-19,162930.2509982201,2508.213786395468,174771.83157271,0.9322454856258487,177460.20091163265,0.9181227687178838,175990.03101980407,0.9257925011666464,172249.20752259335,0.9458984069743779,138499.33766699545,1.1763973297111772,1,-0.05062360503538932,-0.0724712974541587,-0.09155117237787047,-0.08207329852137957,-0.09091914513421095,-0.025416781379535847,33.56666800267172,-99.86099254246801,1889.889996703521,-1989.750989245989,0.29062113097879927,0.28943327805655544,0.09861339013092986,-0.34674272722774285,64.95867771704889,62.050801815872916,47.906180824882526,0.4743137668980679,4.281000137329102,0.26399993896484375,0.025239975173492413,-0.03506178193455822,0,0.0351928553349008,1
2026-03-20,161555.5058528604,2449.3410181104537,171981.22502085307,0.9393787364479551,176151.20413028623,0.9171410814391568,175687.69888182895,0.9195607141597651,172409.9653256192,0.9370427373367965,138763.8499229029,1.1642477917888594,1,-0.008437629825873816,-0.07860315117784689,-0.08939972366496718,-0.10065217893704925,-0.10836636754051832,-0.05315715256152975,32.32911834690529,-1145.3667406273598,1282.838649237345,-2428.2053898647046,0.2807358331415049,0.28302374951789033,0.1283155598313308,-0.18314219113163563,65.95876386995035,62.086225017170655,46.530715179996605,0.46702483765337477,4.390999794006348,0.42899990081787065,0.02279922022191827,-0.005064695715660483,0,0.03956331233878707,1
2026-03-23,156996.33924313943,2459.6558605396817,168787.85218349253,0.9301400379955406,174381.94187877772,0.900301588293334,175102.0907635851,0.8965988844479805,172390.33367304748,0.9107026820940898,138997.21018480245,1.129492736108922,1,-0.028220434739459233,-0.0851998468048698,-0.10625184733664561,-0.11804842861305809,-0.14459854684362505,-0.10064036625576145,28.567501082485435,-2315.136765792675,563.2435662313411,-2878.380332024016,0.277546697929397,0.28309930504105296,0.16348776121559605,-0.15841377350719743,63.82857933890744,62.150683114319676,50.00907684093411,0.23725948476793546,4.334000110626221,0.28600025177001953,0.03091476492892231,0.03662825509702339,1,0.08877304502338901,1
2026-03-24,155719.35538962384,2450.545876512694,165688.26136289118,0.9398333600022913,172897.69429988405,0.9006444881765452,174514.42355277538,0.8923007750275285,172359.4481306407,0.9034570316771703,139214.58257010172,1.11855635031058,1,-0.008133844774163346,-0.04425756152965732,-0.11188837174455213,-0.14163736772099011,-0.12508894132098491,-0.1017022222231424,27.598873728144966,-3307.107585609512,-210.8266641368296,-3096.2809214726826,0.2632402538258518,0.2832487565555037,0.19338551221402495,-0.06400937535765114,63.544762364937235,62.1782886778732,47.666486980894646,0.2385998054995493,4.392000198364258,0.3359999656677246,0.01835119541906738,0.06838628036434602,1,0.12191901095984026,1
2026-03-25,162859.92360282372,2588.7370005001435,163859.5929069656,0.9938992323463817,171806.1943625967,0.9479281245186545,174102.39410004212,0.9354261005121027,172441.40852410704,0.9444362870653319,139469.7927905001,1.1677075038568268,1,0.045855367146451,0.00807411510413858,-0.05103339492216352,-0.10066736488566719,-0.09134786449979304,-0.07054461042950988,39.87524105920521,-3476.986887995823,-864.0587089086283,-2612.9281790871946,0.3415626010810871,0.3149804434683591,0.20117967323784766,0.18408815093572412,62.91095757085735,62.24616372730072,50.40190234741517,0.20975080718704064,4.328000068664551,0.2480001449584961,0.024900928717350723,0.04814751937345774,1,0.046850777354319195,1
2026-03-26,157217.62606717765,2431.0659859180732,161271.02617396577,0.9748659123529378,170454.16236424728,0.9223454791981894,173664.98918981157,0.9052925796997727,172421.89302729434,0.9118193943172295,139699.43009022984,1.1253991942961619,1,-0.034645095065906295,0.0014095030820784338,-0.03506178193455822,-0.12340300707066265,-0.11425744436053131,-0.07703513423197306,34.84718461795241,-4020.5572344412503,-1495.358414015153,-2525.1988204260974,0.36098315038655926,0.32034594105052466,0.21764976377344955,0.08537952048516541,64.67024217998855,62.21844465880053,46.31985234069128,0.16627577910751445,4.415999889373779,0.26999998092651367,0.027905100446833586,0.04616601013576149,1,0.08354981010933371,1
2026-03-27,160737.27637452606,2488.2523296934164,159716.6110754816,1.0063904768087153,169194.22813311015,0.9500163105331776,173243.52241191623,0.9278111766415461,172485.91498863645,0.9318863884341837,139944.79846642353,1.1485762824767738,1,0.022387122839804707,0.03222413149827741,-0.005064695715660483,-0.09401163698320048,-0.10520710199327532,-0.07292600076494626,39.935163905807464,-4119.843296347157,-2020.2553904815536,-2099.5879058656033,0.37349540931725184,0.3231019173006611,0.22248182424788132,0.21081598140449737,64.5984631277406,62.21106090171795,45.08731460732663,0.09614958984661048,4.440000057220459,0.30700016021728516,0.027483204832838837,0.026914186072970914,1,0.07163591239667588,1
2026-03-30,162746.84120623596,2528.724801971477,159690.40967662673,1.0191397312825392,168176.67362938082,0.9677135222979207,172888.58833730727,0.9413394069058817,172578.25917323242,0.9430321176369743,140198.59264551813,1.16083077679481,1,0.012502170479904873,-0.0006943537371634223,0.03662825509702339,-0.07351541200839884,-0.08574408147307666,-0.06140909844009057,42.687180874250615,-3990.3745742698375,-2414.2792272392107,-1576.0953470306267,0.38184863431171423,0.32589755565952866,0.21876014095536445,0.28573127901213125,64.3592537539233,62.19570349884147,43.993002729261256,0.08557561356571908,4.3420000076293945,0.20599985122680664,0.030951858142171496,0.015289300761850422,1,0.04238025128705902,1
2026-03-31,166368.42288545388,2673.650411048452,160377.96925271148,1.0373520980509678,167173.60744205408,0.9951835426122554,172802.0420423592,0.9627688476312785,172618.44179980873,0.9637928668038656,140474.36639359157,1.1843329651995753,1,0.022252853894894287,0.05820464948609616,0.06838628036434602,-0.05115372093983939,-0.08293714009567987,-0.015366447142442285,47.36740390318654,-3554.563509066298,-2642.3360836046286,-912.2274254616696,0.38570412407381593,0.32520984494563115,0.2168507924473577,0.39698637090210515,62.22519675561709,62.04337326074022,45.84336381458834,0.2148592086383947,4.310999870300293,0.17499971389770508,0.03436939634407454,-0.008461426845946307,0,0.002229334602898092,1
2026-04-01,170701.22492965052,2690.696020606135,162335.81006507023,1.0515315435406836,166481.0389896402,1.0253493488845473,172750.9188417468,0.9881349753399924,172687.9745335776,0.9884951479146524,140770.29926113054,1.2126224482410013,1,0.026043415986336527,0.06198903440361869,0.04814751937345774,-0.005343006919414028,-0.057366729413317,-0.00890467513747173,52.377877441033,-2826.9716167450824,-2679.2631902327194,-147.70842651236308,0.4067914176901672,0.32927763258982334,0.2115711610872072,0.5266760154405179,63.44128939877293,62.00370951143121,48.07331168169079,0.1475071948032327,4.318999767303467,0.11099958419799805,0.014313428911818527,-0.014084979647754126,0,-0.011023699727303327,0
2026-04-02,164475.73658571535,2556.390858742,163586.72166451186,1.005434517619509,165489.4248217103,0.9938746041501622,172495.5735836874,0.9535069982878073,172564.92063361392,0.9531238213525833,141047.33570879468,1.1661031082876374,1,-0.036470085944027786,0.010623219269051853,0.04616601013576149,0.009485565621034642,-0.08293402141010875,-0.04450175177791926,45.65302444686826,-2721.3249408900156,-2687.6755403641787,-33.64940052583688,0.4282391148169628,0.34575966144476733,0.20953281576689686,0.36970602393288976,64.33904112158832,62.000726198344516,41.95535374627283,0.16515195867742194,4.313000202178955,0.04000043869018555,0.004486701658825476,0.02546573283398179,1,0.022083240113873748,1
2026-04-03,165063.38933973262,2565.5245471489916,163901.50248407028,1.0070889335244213,164665.8847021036,1.0024140072386467,172148.0356711043,0.9588456161944992,172406.76306590682,0.957406695679525,141327.8867901949,1.1679463486549808,1,0.003572884160400358,-0.007844238245978907,0.026914186072970914,0.021713178194416205,-0.06962769760101994,-0.0594117356889009,46.35320606869312,-2560.6627963424544,-2662.272991559834,101.61019521737944,0.4290422070499197,0.34049073666413027,0.20285128777654973,0.40337342727222153,64.33904112158832,62.0870580211143,41.95535374627283,0.12997671917791442,4.313000202178955,0.028000354766845703,0.006317812727270944,0.017470787815339506,1,0.025491941057844247,1
2026-04-06,165235.1266094792,2562.8427750675337,165046.85970439907,1.0011406875927074,163970.8529564487,1.0077103560189826,171660.4116372461,0.9625697913311261,172182.83423264365,0.9596492434676902,141607.85475170478,1.166850009126983,1,0.0010404322268768862,-0.03202143582990702,0.015289300761850422,0.05247757626743388,-0.059350110491376284,-0.0813321921491793,46.56985181557864,-2391.90671517764,-2608.1997362833954,216.29302110575554,0.4288883883892131,0.33109674115886506,0.1967883783056792,0.424572710059036,64.47337628928523,62.22298719508756,41.675118251507726,0.202246028471758,4.335000038146973,0.11500024795532227,0.004401320222978011,0.03448574066981602,1,0.01570775388650114,1
2026-04-07,164960.70864573316,2529.183676899586,165650.20717171437,0.9958376235215542,163279.0606529525,1.0102992262820214,171200.99131311208,0.9635499618342398,171945.168099497,0.959379728253124,141898.42302025142,1.1625267225287652,1,-0.0016607725571246013,0.002948593331060012,-0.008461426845946307,0.05934620800983037,-0.05918231431815524,-0.0771083912379249,46.24845887959104,-2254.323107781267,-2537.42441058297,283.1013028017028,0.4289031305122061,0.3309277244409629,0.18238613209670393,0.4362264404627087,65.22290577395096,62.4241907995232,41.47587713010496,0.1739943667297177,4.3429999351501465,0.14099979400634766,0.0057854549368792085,0.05906737804590256,1,-0.0010051834016611139,0
2026-04-08,168296.9016506697,2650.0806848831216,166443.07294949066,1.0111379144131856,163057.6419587361,1.0321313348396113,170802.08834411856,0.9853328099337895,171627.63129052668,0.9805932785134183,142203.73052834667,1.1834914669634609,1,0.02022416751434597,0.019589518450283894,-0.014084979647754126,0.033384382895238485,-0.019352730423450426,-0.06638646477300458,50.702739461790365,-1854.7043368315208,-2400.8803958326803,546.1760590011595,0.43209294703318085,0.33600535818604715,0.1649215092494009,0.5741980801084875,63.506331187744536,62.62542541045361,50.60057207877418,-0.019829693093504797,4.290999889373779,0.032000064849853516,0.005075181388601191,0.013031350852575896,1,-0.02679440142626599,0
2026-04-09,168664.23175127953,2670.2369608454715,166771.0456446086,1.0113520071745867,163439.9073422734,1.031964802807098,170450.05412695304,0.9895228993336463,171286.7230800308,0.9846894652335316,142502.40645610684,1.1835886561202107,1,0.0021826313913508866,0.02075288234507644,0.02546573283398179,0.07280739424987148,0.0351928553349008,-0.05892599412119126,51.1824209098299,-1491.1737893227255,-2218.939074530689,727.7652852079636,0.37299911771594113,0.3360356186460649,0.14874467426056345,0.6191077423915232,63.16451843871732,62.74074861538261,49.22856712721439,0.01799462625251369,4.293000221252441,0.012000083923339844,-0.010421765047310516,0.010013368585116478,1,-0.011593159131323638,0
2026-04-10,167947.17679096787,2677.5285463076534,166377.61019622535,1.0094337609062385,163866.01873814725,1.0249054568131186,170008.61143421673,0.9878745280850287,171341.1687166082,0.9801916144785153,142796.34122163782,1.1761308122754546,1,-0.004251375367890997,0.01810411806394696,0.017470787815339506,0.044855185922414,0.03956331233878707,-0.07309038764775644,50.1564442372167,-1246.5639407942654,-2024.4640477834046,777.9001069891392,0.37116629890705205,0.33389806428050844,0.1343605160080474,0.6212661161022518,62.72470073955654,62.94415048655818,49.57440113309601,-0.0177990236516663,4.316999912261963,-0.07399988174438477,-0.006580149326874896,0.025631041349160277,1,-0.005830890638208519,0
2026-04-13,170933.3823352779,2707.8496763775443,167300.1310175914,1.0217169663621153,164795.1549442898,1.037247620496265,169588.54841153376,1.0079299807465814,171523.10589049128,0.9965618419037382,143107.61097201656,1.194439493289441,1,0.01778062365422639,0.015665651944565928,0.03448574066981602,0.05030230429276239,0.08877304502338901,-0.0686619551295018,54.26784893892069,-802.496364300896,-1780.070511086903,977.5741467860071,0.3490971553165543,0.33610642690398407,0.1253737210431028,0.7859072898744547,63.12513719804513,63.04282420212548,48.11667151989682,0.12424832541580533,4.296999931335449,-0.037000179290771484,0.006533818638023936,-0.007542640793345434,0,-0.04513809897395338,0
2026-04-14,174704.50518603067,2859.727611668763,168677.4332813483,1.0357313470298628,166060.83159738357,1.052051248361828,169479.2629486338,1.0308311597919833,171637.9776947456,1.0178662527517004,143439.53161479096,1.2179662274358387,1,0.02206194483038937,0.03581241483172559,0.05906737804590256,0.050106156901639,0.12191901095984026,-0.018420650369012526,58.88063466166039,-144.60460129813873,-1452.9773291291503,1308.3727278310116,0.34916797449101344,0.33227589305205946,0.12382311671457959,0.9756877844726669,61.09130970060578,63.01957945060485,53.13431378685734,-0.011586353140266237,4.25600004196167,-0.1360001564025879,0.018265063979149065,-0.04559236414726153,0,-0.05495947282269986,0
2026-04-15,170490.03762348104,2809.607523114149,169428.1348547771,1.0062675704340023,166569.5058654274,1.0235369117395416,169187.85011401205,1.0076966963561005,171651.08112537913,0.9932360256965115,143749.85510848992,1.1860188484698642,1,-0.024123405163833267,0.01514083702447766,0.013031350852575896,-0.0012371751067193903,0.046850777354319195,-0.048776805606946194,52.50662819061986,36.28873625045526,-1155.1241160532293,1191.4128523036845,0.3295952538462782,0.3384299510588655,0.1221346543629446,0.776008949318614,60.68108667091207,62.970995245197415,52.838208448116845,0.010739606111388245,4.2820000648498535,-0.046000003814697266,-0.012028673023167569,-0.009798647263057236,0,-0.005730154538524879,0
2026-04-16,170353.12887093058,2784.930031455273,170198.4806012339,1.000908634842981,167445.20605234426,1.0173664142864578,168949.68420829577,1.0083068794665784,171714.5554306982,0.992071571589532,144061.20481825457,1.1825052350898044,1,-0.0008030308073062598,-0.0033946175780292798,0.010013368585116478,0.035734099188254875,0.08354981010933371,-0.04025382203109773,52.30852763458595,166.67924283005414,-890.7634442765727,1057.4426871066269,0.2858211097194816,0.3375304772180807,0.12469207203902542,0.745092371774253,61.16962614667374,62.93755982940268,50.77938199032232,0.002222682864217118,4.309000015258789,-0.10699987411499023,-0.013801340397317285,-0.013179887661398548,0,-0.007444727638157844,0
2026-04-17,172251.8378237719,2885.384101060656,170763.47148310565,1.0087159527019425,168212.843482294,1.0240112125677434,168703.53580770205,1.0210327661425804,171747.08278733134,1.0029389438717022,144382.54296063376,1.1930239923169712,1,0.011145723975988009,-0.014038947419513281,0.025631041349160277,0.043549623649397295,0.07163591239667588,-0.041107796338497815,54.85252633923565,418.401530629606,-628.930449295337,1047.331979924943,0.27746912369793947,0.33723452374583346,0.12775925458179146,0.8028105764135626,59.698061605851876,62.87589803561602,58.1943969754998,-0.1584705039366726,4.245999813079834,-0.194000244140625,-0.013377276807076122,-0.017304095734713143,0,-0.01795857978127835,0
2026-04-20,169644.09323273133,2808.816856309264,170903.4516947416,0.9926311701166828,168672.66028406037,1.0057592792277954,168424.66695672058,1.0072401881389743,171648.6729961769,0.9883216122300565,144690.07129323576,1.1724653372305178,1,-0.015139139436692206,-0.004961840601020562,-0.007542640793345434,0.02668298632210564,0.04238025128705902,-0.04699768590522457,50.841240311686526,402.8265291287971,-422.5790536105102,825.4055827393073,0.28657878339148957,0.338926534471639,0.11841302457598521,0.6610967830871306,60.39699343499342,62.86462447959461,53.886840439054744,-0.1289851963193509,4.25,-0.09200000762939453,-0.022984342248881795,-0.010689991537622734,0,-0.0014622621333449937,0
2026-04-21,166739.31376742202,2699.533426494012,170730.89983423505,0.9766205996062312,168697.38634285823,0.9883929880724017,167935.49689245614,0.9928771275449875,171516.47183724705,0.9721475260151217,144976.68109360602,1.1501112627882872,1,-0.0171227857684636,-0.02121367025930354,-0.04559236414726153,0.010781992489548253,0.002229334602898092,-0.08089270012906236,46.74092639043733,154.31297768178047,-307.2006473520521,461.51362503383257,0.28421016242932295,0.33613944058610656,0.10129235138869003,0.4834357624906314,61.76597486395665,62.96198621040869,51.227615741950196,-0.09124087838430217,4.291999816894531,-0.01900005340576172,-0.013060204891611749,-0.011661442307829062,0,0.017211988051108795,1
2026-04-22,168819.4658829432,2766.643020150424,170428.9117696158,0.9905564973104548,168571.9357397444,1.0014683947367191,167526.4873646923,1.0077180542527355,171388.44501120946,0.9850107798801824,145273.93739463048,1.1620767558901655,1,0.012475474850656365,-0.019926475004233724,-0.009798647263057236,0.0031050139791530817,-0.011023699727303327,-0.0677580355412305,49.85950165067081,123.78813630269724,-221.00289062110227,344.7910269237995,0.2670079312051777,0.3389654229241586,0.09872790342591087,0.5909227472306998,61.0196055838086,62.966505421221584,51.129518575294135,-0.07151421759578225,4.294000148773193,-0.024999618530273438,0.0014815753044885582,-0.029806864673931788,0,0.011520939882805337,1
2026-04-23,168107.89376964397,2685.49144532106,169486.538710132,0.9918657555285503,168814.07955200633,0.9958167838592823,167151.7521868583,1.005720200777296,171343.80741912045,0.9811144989817976,145570.3513777577,1.1548223397043327,1,-0.0042149885356976835,-0.009055425590208332,-0.013179887661398548,-0.0032984941493461317,0.022083240113873748,-0.0626822332046435,48.806690468537404,41.698383890034165,-168.462635718875,210.16101960890916,0.21708700959824703,0.3382892700205189,0.08047952063844241,0.5181990307308587,62.59855865871821,63.035172027322645,49.285342463789036,-0.1406670460159738,4.322999954223633,0.009999752044677734,0.012498547499265156,-0.008322115431036892,0,0.011847887583927408,1
2026-04-24,169271.17553158908,2727.2123467121874,169312.41555414742,0.99975642647101,169094.59863146342,1.0010442492046154,166880.24166678352,1.0143272435425856,171261.60533552448,0.9883778398547889,145868.77150162755,1.1604346412809847,1,0.006919852101288759,0.0151845519029703,-0.017304095734713143,0.007883423621160901,0.025491941057844247,-0.045910701706414314,50.64159859531959,69.70526105648605,-120.8290563638028,190.53431742028886,0.21808108862697828,0.33815727895573416,0.06989668456500671,0.5835212521392849,62.06747183930844,63.01886966217422,50.22139645828135,-0.15366683924118918,4.309999942779541,-0.0030002593994140625,0.012253988844463493,-0.013607044165977134,0,-0.021428252822779048,0
2026-04-27,167830.59931166575,2681.849636704051,168952.05418853817,0.9933622891875529,169267.6301449425,0.9915103033459721,166619.24155069562,1.0072702153106463,171150.32005286773,0.9806034792095245,146162.9245205549,1.1482433035750028,1,-0.008510463848314775,-0.005857538798061945,-0.010689991537622734,-0.01815200156471597,0.01570775388650114,-0.04457461353361036,48.3313127640076,-24.064151995640714,-101.4760754901704,77.41192349452969,0.22213037953481357,0.3378763363561466,0.06267595640459556,0.4325685290874753,62.580167438353904,63.0274546948316,48.70499181790535,-0.14269193481873377,4.335999965667725,0.0009999275207519531,0.01376017108304306,-0.027485005267865903,0,-0.011189449525690343,0
2026-04-28,164794.89287947622,2617.7872343185923,167886.7763393531,0.9815835199930983,169256.57576052536,0.9736395300389286,166267.81820673894,0.9911412482394442,171066.92167577933,0.9633358177322533,146438.75357074846,1.1253502837270424,1,-0.018087919870631852,-0.019707586692553014,-0.011661442307829062,-0.05672213373090973,-0.0010051834016611139,-0.06012800863979184,43.79700557327046,-339.42059667559806,-149.06497972725595,-190.35561694834212,0.23564035023929633,0.3413660815642793,0.06484439747395264,0.1641009758805242,62.95198124461823,63.02677184821786,46.116280278435525,-0.11527221774988328,4.354000091552734,0.01100015640258789,0.015534960421783817,0.0018686550074389352,1,-0.0001995974685320423,0
2026-04-29,163787.48690904485,2569.7921057942804,167050.11829311214,0.9804691465207911,168955.94811108374,0.9694094155321434,166006.7950349099,0.9866312211774322,170897.9729949998,0.9583933854723777,146701.0349752443,1.1164712432784394,1,-0.006113089749499312,-0.03239587960160928,-0.029806864673931788,-0.039313444984031554,-0.02679440142626599,-0.04562858702205608,42.376202727053986,-662.9895626937214,-251.84989632054905,-411.1396663731723,0.21917643304390957,0.3366931018854927,0.06821632986887853,0.12234874068993129,63.735695404096624,63.03825901800392,42.67870618617037,0.1320833927296341,4.418000221252441,0.1270003318786621,0.01922568795038071,0.03495759388966202,1,0.014429125749320093,1
2026-04-30,166708.8804728245,2647.9112641044253,167045.77067959824,0.9979832461163001,168825.59135918674,0.9874621443981274,166132.74935073004,1.0034678961513974,170789.42871790632,0.9761077235534192,146971.52291206413,1.1342937541211273,1,0.017836488115859472,-0.006683637211818527,-0.008322115431036892,-0.02139231854594914,-0.011593159131323638,0.02319169983139413,47.67712271704297,-675.8969348258979,-336.6593040216188,-339.2376308042791,0.2331401241397728,0.30674204446316045,0.06560602545251391,0.36215977263167654,62.95863563499796,62.97159094860222,44.0620549258481,0.07356694335531344,4.389999866485596,0.0969996452331543,0.028629699942362974,0.014252484598391346,1,-0.002153090760152354,0
2026-05-01,166967.89517010387,2730.40757989036,166781.26057776404,1.0011190381442934,168760.30591779578,0.9893789553299044,166313.16232797148,1.0039367469956542,170618.9960869639,0.9786008533598506,147249.89278769118,1.133908432862784,1,0.001553694659485183,0.013186102145877232,-0.013607044165977134,-0.030675682305775664,-0.005830890638208519,0.03350173235304599,48.13269997855029,-657.644878054416,-400.8564188281783,-256.78845922623776,0.23275169573163693,0.3054505199301531,0.063586034290433,0.37316426263820146,61.151271479626544,62.81134120225809,45.5611132893982,0.05560736008648681,4.377999782562256,0.06099987030029297,0.024757260646315782,0.013119553788507154,1,-0.011576368466932219,0
2026-05-04,163217.77440547553,2630.897910148819,166082.67209716854,0.9827501710111163,168245.93205580898,0.9701142393822303,166520.5435000494,0.9801659961878945,170286.0746225689,0.9584916134055005,147513.1015316867,1.106462902011557,1,-0.022460130798245936,-0.0034783640333018173,-0.027485005267865903,-0.03788118233176363,-0.04513809897395338,0.039627899556950785,42.3792397898314,-935.0052378413675,-507.6861826308162,-427.3190552105513,0.2349477553470244,0.30104095256360863,0.06733575595857365,0.05799760898494792,62.038809553810964,62.751682209421546,42.5981947250942,0.0740815119322098,4.446000099182129,0.1490001678466797,0.0041710740146263525,0.0378528301594625,1,0.006356459373438428,1
2026-05-05,165102.8376812558,2642.0791374322907,165487.19526140665,0.9976774180047966,167605.82088882398,0.985066251313381,166833.32624310377,0.9896274407469023,170013.26500879895,0.971117387062186,147791.7470276742,1.1171316463993086,1,0.011549374954086034,-0.009633816668995654,0.0018686550074389352,-0.009814578512952754,-0.05495947282269986,0.06025893356772283,45.881133369241546,-991.2796146738401,-604.404869039421,-386.8747456344191,0.2181350060386822,0.30098967379076624,0.06713185911944505,0.22295736150666107,62.48973974316793,62.7165147886959,44.67097046947111,0.12039875121319743,4.415999889373779,0.15999984741210938,0.003292361420977885,0.02729445008741238,1,-0.014558850343316942,0
2026-05-06,169513.10336061957,2773.6768031441584,165727.55298268577,1.022842009731051,167540.69193796653,1.0117727305518311,167055.098901697,1.0147137350196596,169798.24726160185,0.9983206899624649,148096.16500299197,1.1446150773532517,1,0.026712234273514657,0.015243698124856264,0.03495759388966202,0.004108752945334748,-0.005730154538524879,0.04085216062130392,53.067669076335314,-672.2565267765603,-617.9752005868489,-54.28132618971142,0.23145726890619478,0.2812908596409289,0.06745315313567196,0.6075258020493625,61.11494431011487,62.65664768000449,49.37210469325941,0.04151605737231079,4.355999946594238,0.07399988174438477,0.02165611980632831,0.0073818567119632306,1,-0.04519461157089921,0
2026-05-07,169084.8962241785,2860.649766379316,166340.4106033575,1.0164992115317382,167456.14309484974,1.0097264459769995,167450.674573597,1.0097594211235215,169595.4400207605,0.9969896372419005,148394.43276177335,1.139428838921611,1,-0.002526100507582063,0.035946586332733066,0.014252484598391346,0.0058117583453474175,-0.007444727638157844,0.075483076890692,52.340917375742194,-448.8075938463153,-584.1416792387422,135.3340853924269,0.23163451191231896,0.2600395177517862,0.06755060989766098,0.5678451200760773,59.10716446636716,62.47121175621711,49.68779689486509,0.0012672416738164216,4.392000198364258,0.08300018310546875,0.013076783878298137,0.00600125141558272,1,-0.030371063073854176,0
2026-05-08,169158.43945174187,2874.731352738109,167107.68953802853,1.0122720260173703,167249.9165367144,1.0114112039906968,167731.3800095042,1.008508005133904,169354.79965833423,0.9988405394651435,148695.92467038552,1.1376131513134313,1,0.00043494853298953196,0.024564094884400145,0.013119553788507154,-0.0006660087253081981,-0.01795857978127835,0.05239085336741711,52.46133124958474,-262.7594533820229,-519.8652340673984,257.1057806853755,0.22612039243523294,0.25318696448051503,0.06763758432850618,0.568873269605478,58.843216528222236,62.27937020289983,49.57765967346812,0.13798449499549026,4.363999843597412,0.11800003051757812,0.01295140511122761,-0.0207760811487937,0,-0.010615535878932603,0
2026-05-11,169396.02909905146,3062.325597481988,167491.5679132038,1.011370489927198,167233.3789278024,1.012931928931381,167953.01960593136,1.008591744861187,169072.01477999988,1.001916427857521,148994.96474784668,1.1369245221523476,1,0.0014045391295856025,-0.0006906502166917905,0.0378528301594625,0.009327439655260283,-0.0014622621333449937,0.040856018117055415,52.875565979317955,-95.04781074417406,-434.9017494027536,339.8539386585795,0.2176575295327538,0.25115577206630546,0.06642153241220636,0.5982966389919661,55.31613922319578,61.977933051875574,48.217601814817236,0.09440909526671049,4.409999847412109,0.15999984741210938,0.019675309160714027,-0.020327287632205926,0,-0.0412017384696175,0
2026-05-12,169609.22884363699,3080.8100761500505,167868.9012951371,1.0103671825756466,167424.70659955006,1.013047788993962,168061.04647120414,1.0092120238743016,168904.53797541204,1.0041721251345392,149278.78644263116,1.1361911018001138,1,0.001258587616955742,0.0031010021070321248,0.02729445008741238,0.02921410900568233,0.017211988051108795,0.019479693934554065,53.269068735199056,54.44075283638085,-337.0332489549267,391.47400179130756,0.204271912791907,0.2432979193946657,0.05668827345749828,0.6644732671971003,55.05345173812132,61.738874884625716,45.86709905332849,0.10908502497958095,4.4629998207092285,0.17100000381469727,0.024352657109318665,-0.028578802230597944,0,-0.03397257051562008,0
2026-05-13,170764.42480042786,3224.9575382257162,168946.9942087017,1.0107574011614617,167554.37052738242,1.0191582843404305,168063.1531335634,1.0160729560078985,168735.17801817795,1.0120262224278527,149565.55620366975,1.1417363003544125,1,0.0068109262960911465,0.009493971178092808,0.0073818567119632306,0.042597502550713706,0.011520939882805337,0.0003702367736575507,55.44025933072136,263.0933988861216,-217.00791938671705,480.1013182728386,0.1999247397102124,0.23205401289452704,0.057054509691178465,0.7824522917170457,52.950906414866054,61.389195451828826,46.59176748833278,0.08670393328284831,4.480999946594238,0.18699979782104492,0.02147127026512541,-0.02701749882622939,0,-0.05462057392569297,0
2026-05-14,170099.6171969975,3082.726769592749,169660.81985380765,1.0025863210113446,167687.15208920595,1.0143867021279493,168250.61582060615,1.0109895667684379,168587.20824126952,1.0089710777674399,149843.40640255093,1.1351825300876353,1,-0.003893127062075785,0.0041535099830152244,0.00600125141558272,0.02033926875734582,0.011847887583927408,0.03419276744415933,53.8885338828046,370.53639367836877,-99.49905677369989,470.03545045206863,0.1997826180592175,0.2050605924593122,0.05676970094121937,0.7155315049091687,55.178298275674194,61.08383735696501,46.31115834179551,0.05550338841435254,4.460999965667725,0.1380000114440918,0.02020566883772479,-0.02204400066351575,0,-0.03377272117131358,0
2026-05-15,165643.98998668918,2801.7397796062537,169108.08937181762,0.9795154720392356,167445.33971954597,0.9892421626312571,168269.96917550467,0.9843942493025799,168307.3622441716,0.9841755451337978,150100.3037200512,1.1035553285463577,1,-0.026194222442888493,-0.02337867393173143,-0.0207760811487937,-0.007929100274432499,-0.021428252822779048,0.003517440477134315,44.831769609322016,95.05809198183124,-60.58762702259368,155.6457190044249,0.22607564934716362,0.2196960607887772,0.053031167449828,0.2673592433779524,59.12183250930656,60.9099304032223,43.273572202018144,0.11673725068791851,4.59499979019165,0.2849998474121094,0.01696898220965304,-0.003676418886501498,0,-0.04229227901052368,0
2026-05-18,165952.6672918015,2806.1583155012536,168660.62809576376,0.9839443215969486,167320.14425155503,0.9918271827587143,168293.88719824876,0.9860885030025522,168066.21241476416,0.9874243306099699,150355.10835755,1.1037381376970574,1,0.0018634983686225404,-0.02817775139201184,-0.020327287632205926,0.016756097160912198,-0.011189449525690343,0.004342543241535823,45.514948746923125,-97.2319387627067,-67.91648937061629,-29.315449392090414,0.22415038121573805,0.21973605216594586,0.05271784285683907,0.32156825050480986,59.138740096352976,60.73210919679122,41.94735731954944,0.12752931996739214,4.623000144958496,0.2870001792907715,0.018249292208935453,-0.010228252199827037,0,-0.05286867419899999,0
2026-05-19,164762.00023603046,2732.9337875923766,168032.56535066213,0.9805361234127062,167317.95140865864,0.984723987168684,168287.263584592,0.9790521084396294,167733.16410557766,0.9822863660541392,150599.8809703187,1.0940380508567793,1,-0.007174738889116128,-0.0313793590422099,-0.028578802230597944,-0.0020643948342266016,-0.0001995974685320423,-0.001204580238130748,43.28813088096383,-341.7604523276095,-122.68528196201495,-219.07517036559457,0.2130632403401133,0.22072879184554328,0.054660666116255495,0.2085098308232549,60.28759312862036,60.5675987752802,41.85951875095356,0.07845488155657065,4.666999816894531,0.3129997253417969,0.021342409538109397,-0.01252030235659829,0,-0.0555748497180818,0
2026-05-20,166150.79715382057,2778.8027942702815,167568.96078705773,0.9915368357804681,167475.505424977,0.9920901371947205,168215.72676803038,0.9877245150980601,167434.38501433688,0.9923337857967084,150865.60447267114,1.1013166170949078,1,0.008429109356529851,0.0030596169965002584,-0.02701749882622939,-0.019835081419317002,0.014429125749320093,-0.012751895464503171,46.57162109448265,-418.6606965524261,-181.8803648800972,-236.78033167232888,0.21380205352077455,0.21390422757880556,0.054524626912073194,0.37442842646203317,59.79222328918866,60.44379517866167,46.156113434166976,-0.08065115399235112,4.572000026702881,0.15399980545043945,0.020289430992614044,-0.0258727176119542,0,-0.100015255327918,0
2026-05-21,166349.94112264313,2798.3411435602247,167103.34825548716,0.995491370216639,167451.5761349649,0.9934211726294301,168138.58374707584,0.9893620929558721,167174.3848546965,0.9950683609048722,151132.1335734876,1.100692071165368,1,0.0011985736585915507,0.002393898436974684,-0.02204400066351575,-0.016175040838119936,-0.002153090760152354,-0.013721288767669315,47.04507879964062,-458.2529850099527,-237.15488890606832,-221.09809610388436,0.20075256698889804,0.21382238691998204,0.05457596266661436,0.40593529271731477,59.44591191223574,60.31984162777895,47.14582326820624,-0.08299230271276636,4.585999965667725,0.1960000991821289,0.016980109733139237,-0.014429418672024519,0,-0.10262346396631739,0
2026-05-22,165035.01329346665,2769.0576031019637,166284.86089734986,0.9924836957667796,167322.71734318914,0.9863275944471409,168041.51163049246,0.982108597406355,166926.75529788915,0.9886672331164252,151390.98698563912,1.0901244293302732,1,-0.00790458848558917,0.001657014706334392,-0.003676418886501498,-0.024376118458172225,-0.011576368466932219,-0.0173397585666224,44.256362413700096,-588.9448556729476,-307.5128822594442,-281.4319734135034,0.20310595994153147,0.21465875713537536,0.05452645659913835,0.28458479367032374,59.59970392324665,60.215675067235296,46.82401932415589,-0.0523837928133708,4.558000087738037,0.18000030517578125,0.014930438279698643,0.014104392932133836,1,-0.06690797103577528,0
2026-05-25,164255.26155750698,2755.974455290465,165449.95294885122,0.9927791373158409,167391.88315332454,0.9812618059088054,167818.90760456675,0.9787649312111075,166698.64847315324,0.9853424911477926,151651.04665481247,1.0831132734044637,1,-0.004724765493084204,-0.011408525440649742,-0.010228252199827037,-0.03034762720759232,0.006356459373438428,-0.03906855809283705,42.642122510888704,-746.8295668310893,-395.3762191737733,-351.45334765731604,0.18067296147141226,0.20781010927265448,0.05627178080435741,0.2270202229095815,59.59970392324665,60.09816062474201,46.82401932415589,-0.09227588671101694,4.558000087738037,0.1119999885559082,0.00860349834867824,-0.011193817048853805,0,-0.04406073569135027,0
2026-05-26,162699.13017619745,2757.425697156184,165029.25869020954,0.9858805127496442,167231.63598632065,0.9728968398629195,167418.7284375723,0.9718096158929154,166445.87921271365,0.9774896858111581,151901.8736403754,1.0710804697602634,1,-0.009473860176860915,-0.021946571918255664,-0.01252030235659829,-0.04074128934227961,-0.014558850343316942,-0.06871817642624345,39.542352575305394,-986.1533730357478,-513.5316499461683,-472.6217230895795,0.1780237310327639,0.196888999920363,0.05961394580758673,0.09612882607060488,59.003994320449586,60.02858344540346,47.95292186503023,-0.08193993867688376,4.493000030517578,0.07700014114379883,-6.927847866078363e-05,0.007056197406869025,1,-0.03803932262398657,0
2026-05-27,161852.0244980587,2714.2341701587075,164443.4525768177,0.9842412206861901,166720.89739548325,0.9707962650544342,167130.7946667249,0.9684153349525287,166250.5560613965,0.9735427557805375,152150.37727248765,1.06376354366967,1,-0.005206577793141043,-0.019286748501955442,-0.0258727176119542,-0.0521912003204712,-0.04519461157089921,-0.05066579400081417,37.92611563605465,-1229.9949462608784,-656.8243092091103,-573.170637051768,0.13060821083122284,0.18599759685452788,0.06331995342363299,0.04842517002226578,59.630825621219415,59.99357474374704,50.1623803223415,-0.06731175223629993,4.480999946594238,0.125,0.0075853895365325386,-0.0025631473415768102,0,-0.025499915125689165,0
2026-05-28,163949.60817611788,2756.421687479852,164327.39656825876,0.9977010017804064,166378.54485894588,0.9854011424075909,166917.3439768978,0.9822203269590087,166270.94320495444,0.9860388412786282,152413.9596980366,1.075686298689016,1,0.01295988533084036,-0.001860843777488963,-0.014429418672024519,-0.03615533722076003,-0.030371063073854176,-0.0375896864193459,44.026932875376225,-1239.6932649680239,-773.3981003608931,-466.2951646071308,0.14621060461638904,0.1907680327591434,0.06496377143981909,0.2661938790464662,59.47914606775814,59.93722540778319,50.610795583925125,-0.062335156469784825,4.454999923706055,0.06299972534179688,0.015230160816614768,0.002471991744578572,1,-0.06801154848133029,0
2026-05-29,167362.73196851765,2755.3450666385734,164500.5301132155,1.0173993473050347,166258.83102673094,1.0066396529734365,166754.37378172268,1.0036482292667854,166387.08772726762,1.0058637016524339,152691.0615058901,1.0960872910171076,1,0.020818127169497824,0.028663962660830933,0.014104392932133836,0.010376120389073984,-0.010615535878932603,-0.028383475712208228,52.25058250449704,-960.892120801087,-810.896904448932,-149.995216352155,0.17365084814258358,0.19812800089019472,0.06508099421509886,0.5798050765671919,60.741115148412646,59.97199385920189,52.575549082621976,-0.08446864088514427,4.453000068664551,0.08900022506713867,0.01904665309311726,-0.05212751799727444,0,-0.09201335095845187,0
2026-06-01,162416.61821032062,2703.411762360539,163938.62684002655,0.9907159852498268,165793.5369674822,0.9796317828853369,166513.45794764234,0.975396344608915,166495.49330661123,0.9755015885698533,152944.96310101612,1.0619285193658108,1,-0.029553256570449826,0.0034883327163368616,-0.011193817048853805,-0.02130757606482636,-0.0412017384696175,-0.0426037528609704,42.50473612110137,-1126.0696196626232,-873.9314474916703,-252.13817217095288,0.20966616448517256,0.21111834090947257,0.06645181095986075,0.13464942875327215,60.07838704760901,59.961373646289076,48.89648031222162,-0.06026303712761971,4.474999904632568,0.06500005722045898,0.00611803987116577,-0.032248229742365075,0,-0.07397602922826163,0
2026-06-02,163847.1673566466,2730.0369028916884,163768.93456333797,1.000477702279234,165409.3995350162,0.9905553603195393,166417.05306728315,0.9845575578748078,166658.04954595168,0.9831338348374822,153198.14204227793,1.0695114521129758,1,0.008807898859668928,-0.0006248311332421874,0.007056197406869025,-0.005552450674750964,-0.03397257051562008,-0.01734531794229144,45.66161910432719,-1128.5316071588022,-924.8514794250967,-203.6801277337055,0.2144723837610002,0.20764761848915167,0.06758873677711016,0.273442277261096,60.01646614407375,59.90305668895964,48.20712243295668,-0.08240358332156705,4.454999923706055,-0.007999897003173828,0.0016772584043274197,-0.05030169673329876,0,-0.09014506859166194,0
2026-06-03,161437.17391173766,2655.478679766563,163366.35061394237,0.9881911011970658,164787.5828091035,0.9796683169917778,166170.97666824292,0.9715124575216513,166629.59455212997,0.9688385448314353,153439.1987068681,1.0521247195780068,1,-0.014708789195379213,-0.03540548117901565,-0.0025631473415768102,-0.028369549366164648,-0.05462057392569297,-0.04372891439144999,41.52510149609489,-1309.8499450227828,-1001.851172544634,-307.9987724781488,0.2162992218383735,0.2078334573417927,0.07032053814451719,0.10984150650197093,60.79400114925121,59.895536541141055,46.520517167918314,-0.049495151120094394,4.491000175476074,0.010000228881835938,-0.0038689859574247976,-0.07373760869167478,0,-0.10330137572483356,0
2026-06-04,164354.89025405614,2691.662450101736,163602.88776792216,1.0045965110787085,164404.60101290743,0.9996976315836357,166045.8765510567,0.989816150017549,166772.33983586752,0.9855044932259717,153690.46271101033,1.069389000169116,1,0.0180733858975608,0.011933951495194606,0.002471991744578572,-0.011993096331282205,-0.03377272117131358,-0.022324968991227268,47.70212816997409,-1204.2291061269934,-1042.326759261106,-161.90234686588747,0.23388013020344545,0.21512708386390852,0.0686554191240847,0.3769814209570666,61.060735994447015,59.844275785665346,48.4200339168284,-0.08035976475794315,4.477000236511231,0.016000270843506748,0.004897775977753316,-0.09173050036239816,0,-0.1176371419831932,0
2026-06-05,158638.52814575573,2505.44445082132,163143.81686045034,0.9723845573715593,163937.57022351184,0.9676764632382229,165691.4549715289,0.9574333701941051,166730.36487129214,0.9514675282346864,153910.60406993172,1.0307186376428994,1,-0.03478060250877957,-0.03178962013760789,-0.05212751799727444,-0.03875835206155098,-0.04229227901052368,-0.06281428218621365,39.00801648620996,-1563.7604221143702,-1146.613491831759,-417.14693028261127,0.25171348437303437,0.235352755062561,0.07601114531224172,-0.024738552053308053,63.31751960872679,59.88594404464596,48.214046393837066,-0.14114966336435908,4.535999774932861,-0.05900001525878906,0.0008400234422178965,-0.02928464349687321,0,-0.07523803562092135,0
2026-06-08,157178.9697922962,2464.8145318821475,162176.58280561864,0.9691841267902872,163352.65705687818,0.962206386012856,165336.4006542166,0.9506616157746123,166619.0074430133,0.9433435728877105,154118.79219753956,1.0198559666288736,1,-0.009200528840752287,-0.026376849992242324,-0.032248229742365075,-0.04308106600733341,-0.05286867419899999,-0.0634665523632505,37.14639841242113,-1944.055875404796,-1306.1019685463664,-637.9539068584297,0.25214136473000387,0.23552570633811165,0.08404040580868032,-0.03771265583186596,63.76908597255644,59.92557466245272,47.79189218452002,-0.1597644029567169,4.552000045776367,-0.0710000991821289,-0.010628253284298284,-0.0010237750024751913,0,-0.08012031896021765,0
2026-06-09,155605.3768336625,2363.0498567099594,160496.9606434965,0.9695222651555413,162742.21549672028,0.9561463591897481,165030.0834526895,0.9428909782880354,166403.74652197753,0.9351074124590768,154312.61142065647,1.0083775745942238,1,-0.010011472658925769,-0.05323549184857734,-0.05030169673329876,-0.04360043802848024,-0.0555748497180818,-0.05576335458729609,35.19616033843998,-2345.3824537381006,-1513.9580655847135,-831.4243881533871,0.2531523950871383,0.2318897391008924,0.09263320398591621,-0.04743766310062964,65.8493837484746,60.02215474591459,48.59864002955137,-0.18159042687585802,4.527999877929688,-0.13899993896484286,-0.0060444616751127445,0.005814636084765734,1,-0.06667401676572338,0
2026-06-10,149533.1827535441,2337.0416817364217,158656.469863957,0.9424965958322669,161634.3745367019,0.925132312864489,164554.93998083944,0.9087128151300444,165980.38567845538,0.9009087558286945,154472.1839009709,0.9680265985583973,1,-0.03902303508836591,-0.057396809581123476,-0.07373760869167478,-0.07611175567755935,-0.100015255327918,-0.08702926227457475,28.89248617528142,-3117.475654507376,-1834.661583369246,-1282.81407113813,0.28499168235601063,0.25560395717994505,0.11427592503412413,-0.21588717158670934,63.98396054285441,60.03043025053986,45.910250590740596,-0.08375741072672982,4.541999816894531,-0.03000020980834961,-0.012483770931873583,0.05478134488981157,1,-0.01689566195045722,0
2026-06-11,149278.53393404454,2318.0989036989236,156575.236517871,0.9533981059451017,160496.28072412865,0.9301058769743961,163973.92842954677,0.9103796887941471,165676.44162542195,0.9010245057746262,154618.93300701893,0.9654608981635389,1,-0.0017029585996257701,-0.0502639498699583,-0.09173050036239816,-0.08948526565744142,-0.10262346396631739,-0.10455559709442908,28.66065846844087,-3707.1790577538195,-2209.165078246161,-1498.0139795076584,0.2837624416885558,0.24798642874999693,0.1295069803424293,-0.0982310325038768,64.39696498432764,60.07837456218418,46.904572373680466,-0.0896730620288394,4.4629998207092285,-0.1230001449584961,-0.009155830108652618,0.023584151212683535,1,0.00046390042194066616,1
2026-06-12,153992.8554041386,2465.2736234190756,155511.76244535684,0.9902328478737937,159760.13686484008,0.9639003723088901,163541.42710401458,0.9416137435696769,165455.03094671006,0.9307233181306936,154782.0470855848,0.9949012711983978,1,0.031580705851364854,-0.010362890167012972,-0.02928464349687321,-0.07988562571322055,-0.06690797103577528,-0.07770978817662244,38.49905698374693,-3750.8791104578704,-2517.507884688503,-1233.3712257693674,0.32478881335124815,0.2678378194758412,0.13483638984042254,0.1669843647552158,62.46481280576773,60.12215927305555,49.93873635483503,-0.12132506631294493,4.486999988555908,-0.0710000991821289,-0.004302575698860167,-0.013180671429714352,0,-0.029050248307449955,0
2026-06-15,157018.05389210806,2528.179753241142,154463.64296507853,1.0165372956250103,159277.65635381348,0.98581343728033,163334.769753569,0.9613265695296153,165290.68949236267,0.949950988614898,154964.5835020446,1.0132512238839164,1,0.0196450574283471,0.050054917582408986,-0.0010237750024751913,-0.033238989813355935,-0.04406073569135027,-0.037984346594297724,43.85038374390246,-3501.045607291657,-2714.215429209134,-786.8301780825227,0.3393946155438022,0.2684453984691807,0.134182319622929,0.3253578357578016,62.10715582567613,60.12443748211772,53.8897844904317,-0.16407866174415386,4.468999862670898,-0.08900022506713867,-0.006364424581062567,-0.04213765241426204,0,-0.04125406010316934,0
2026-06-16,156510.1654727831,2512.3793465278277,154159.59115465387,1.0152476683450147,158865.0587069192,0.9851767704408777,163048.34734661996,0.959900348698797,165121.67862890367,0.9478474708613265,155135.9643018181,1.0088580438272292,1,-0.003234586130292705,0.04844388103338226,0.005814636084765734,-0.044779546709483364,-0.03803932262398657,-0.05204436416205971,43.17122208991399,-3305.9244675230293,-2832.557236871913,-473.3672306511162,0.33814243905273045,0.2657737676772292,0.13441403824661596,0.3207895755566444,62.29559468670407,60.11796598023559,57.257064136118345,-0.19000954791631963,4.427999973297119,-0.06500005722045898,-0.005365729606987446,-0.04749220112059438,0,-0.0365568043893284,0
2026-06-17,157724.81161043723,2544.9658546055307,154237.56855724545,1.022609556710546,158589.91118107777,0.9945450529343398,162655.4042882805,0.969686880682399,164910.23682809903,0.9564282645160965,155309.4326405727,1.0155520429686609,1,0.007760813069138006,0.024234606186790186,0.05478134488981157,-0.02299570917495175,-0.025499915125689165,-0.06954206793739193,45.35117317474166,-3018.4825781760446,-2869.7423051327396,-148.74027304330502,0.34035376059926625,0.25360041796698607,0.13106411605218624,0.3937610315396898,61.97521720096064,60.146641743263785,57.05690649888703,-0.13407757497441597,4.4629998207092285,-0.018000125885009766,-0.01059794152322191,-0.08219581766838124,0,-0.06132229852846216,0
2026-06-18,152799.14145115274,2384.3488848105985,153836.6777883155,0.9932555983912339,157846.54673274673,0.9680233404780159,162112.54579584632,0.9425497619633816,164592.9350220965,0.9283456876848302,155458.9071565409,0.9828908760904264,1,-0.031229520003804745,-0.02686896402278849,0.023584151212683535,-0.07030973514107663,-0.06801154848133029,-0.09631702852650748,38.84386846757015,-3151.8111097340297,-2926.156066052998,-225.65504368103166,0.3544512546849633,0.267130664637941,0.13175381149986984,0.19143125548058734,64.0842212405439,60.31254363573635,55.4295037450004,-0.1383577372400524,4.451000213623047,-0.0039997100830078125,-0.01238946882043912,-0.050906639158255884,0,-0.014442484151412471,0
2026-06-19,151963.12617453313,2371.303313522949,154183.81256274247,0.9855971495885427,156819.90634648115,0.9690295684706165,161539.36868660603,0.9407188316387984,164273.25400976778,0.925063103489125,155602.57408000506,0.9766106188988837,1,-0.005471334908559444,-0.02905267708659276,-0.013180671429714352,-0.04207932366271894,-0.09201335095845187,-0.10165211580894418,37.85115185983963,-3287.0433874686714,-2998.3335303361328,-288.7098571325387,0.33664810100946924,0.2669744954209533,0.1337719815359064,0.18623720763060386,64.0842212405439,60.487243792813736,55.4295037450004,-0.12316852176115345,4.451000213623047,-0.0019998550415039062,-0.01778591701001575,-0.03461530038686356,0,-0.020349337351917907,0
2026-06-22,150401.68171443854,2345.00930448305,154344.26224565593,0.9744559306976871,156018.91058008897,0.9639964870619517,160906.2237737856,0.9347163719775367,163862.619997351,0.9178522942991509,155740.9885334894,0.9657167527358879,1,-0.010275153581015606,-0.04642979009596793,-0.04213765241426204,-0.043118287941532496,-0.07397602922826163,-0.1121298266885955,36.00056635213764,-3480.095090345596,-3094.6858423380254,-385.40924800757057,0.3215126465595721,0.2672827841685913,0.13761282386277957,0.1536821301126518,64.13692322013999,60.7812699260452,56.170812782655716,-0.1881510772380136,4.508999824523926,0.03399991989135742,-0.007080818356033025,-0.0386693888621672,0,-0.036824133640950496,0
2026-06-23,149077.15321673217,2228.2174117566856,153642.01907602645,0.9702889490339524,155034.24297076135,0.9615756516761742,160221.8212528888,0.9304422584326623,163350.07295796502,0.9126237320695553,155869.1445604993,0.9564250425386093,1,-0.008806606964815722,-0.02435869860964124,-0.04749220112059438,-0.04195371490220945,-0.09014506859166194,-0.12105517940791632,34.461410646908035,-3697.3476141790743,-3215.2181967062356,-482.12941747283867,0.3160364364944375,0.26721330567447443,0.14380038041616489,0.1386932869595423,66.90422237424256,61.17629561391592,56.67804882089025,-0.2191766487152943,4.493000030517578,0.03800010681152344,-0.008904103627937698,-0.025802826280977298,0,-0.0026543878677901533,0
2026-06-24,144760.49175352594,2096.29707030416,151890.93877051468,0.9530554812900208,153922.4641602139,0.9404767039257409,159355.0234846587,0.9084149880437387,162835.48204056593,0.8889984537735018,155970.19049840517,0.9281292232249095,1,-0.02895588874661803,-0.047397250914243405,-0.08219581766838124,-0.03191727021476132,-0.10330137572483356,-0.1522795692211225,29.96506387411135,-4169.773752547335,-3406.1293078744557,-763.6444446728792,0.328189648738045,0.27446842190046095,0.15824127171231903,0.029976613111849633,69.05533275874325,61.713109825378496,56.99175799660484,-0.2674442949694701,4.401999950408936,-0.08900022506713778,-0.0008324315458397846,0.01551686421225229,1,0.023910570188623304,1
2026-06-25,145020.6506936076,2090.5387539670264,150249.57951634677,0.965198379658891,152633.514856184,0.9501232467210792,158519.0579345457,0.9148467861415644,162328.83247701946,0.8933758007169667,156072.60252940544,0.9291871112758848,1,0.0017971681149344665,-0.03577773173472676,-0.050906639158255884,-0.02852307782121033,-0.1176371419831932,-0.1474369367589181,30.553168547394947,-4471.635982515407,-3619.230642802646,-852.4053397127609,0.3121582113632011,0.27522465341186625,0.16504036781170833,0.09362833704578291,69.36998915515419,62.186166188027826,56.279201900031524,-0.22699916744150994,4.392000198364258,-0.08500003814697354,-0.017925541194780625,0.029838051302484958,1,0.007779773555792957,1
2026-06-26,146702.87691427482,2120.7686296554753,148675.017416895,0.9867352260192433,151837.80477408526,0.9661814930250702,157887.68749879856,0.9291597035734097,161817.85325882953,0.9065926531581275,156186.33075705505,0.9392811534990756,1,0.011599908100132117,-0.015926493437968814,-0.03461530038686356,-0.04733971891573774,-0.07523803562092135,-0.11434832663676131,34.38972905190593,-4522.98423075609,-3799.981360393335,-723.0028703627554,0.2984609676979462,0.2718986546496946,0.15663540774814283,0.1812197645464687,69.17439029434802,62.5212514475292,59.169429524779495,-0.23536555492721611,4.372000217437744,-0.1639995574951172,-0.014509822287192997,0.01919831336672484,1,0.0044829652493996175,1
2026-06-29,144585.74059869902,2082.565934386771,147501.67443797304,0.9802311814399082,150998.2561611788,0.957532519079989,157175.45660902848,0.9199002421755568,161316.68620614888,0.8962850899003147,156295.87615023353,0.925077130376245,1,-0.014431457379073365,-0.001207174365810082,-0.0386693888621672,-0.07917760400948326,-0.08012031896021765,-0.12875313811938993,31.994156194087196,-4680.55872699336,-3976.0968337133404,-704.4618932800199,0.3005379104419113,0.2729981754595842,0.15941881904029018,0.13488978572790736,69.42672892553011,62.86418440850177,57.086924413945766,-0.2250821726709915,4.374000072479248,-0.17799997329711914,-0.00621381874608995,0.04118442825830715,1,0.014584461982022345,1
2026-06-30,145230.5413298182,2138.8825255725865,146539.87660301375,0.9910649899293785,150306.60046092252,0.9662286345673554,156524.4079788214,0.9278459711501906,160886.5107573968,0.9026893593883301,156401.97755560008,0.928572282778135,1,0.004459642620698201,0.0014473155044245622,-0.025802826280977298,-0.07206959438635574,-0.06667401676572338,-0.11854346802194926,33.51322443432001,-4699.237732936221,-4120.725013557917,-578.5127193783037,0.3023745876170546,0.27406578484625116,0.15404122330535097,0.18687193034791696,67.90019535481395,63.11793781604156,58.10791366822866,-0.21201811332505804,4.418000221252441,-0.10999965667724698,-0.009382591707245425,0.03827096275990938,1,0.027477704748410492,1
2026-07-01,147006.72064736427,2163.653460416053,146054.8821648603,1.0065169918895938,150138.16965384388,0.9791428854254756,155886.27209527287,0.9430382718852774,160450.25585268522,0.9162136879503395,156506.13589826017,0.9393032407555498,1,0.01223006745883004,0.002071150474213246,0.01551686421225229,-0.06795437479770428,-0.01689566195045722,-0.11522109333446606,37.64510333846557,-4518.630196785962,-4200.306050203526,-318.3241465824358,0.2677946051819294,0.27578596676493794,0.1478364712589429,0.28342701429843264,67.94374576816449,63.38965523200742,59.52755604091589,-0.2382538846948734,4.474999904632568,-0.06699991226196289,-0.004638186936382849,0.007115613323975145,1,0.03227031409304959,1
2026-07-02,149347.78430892323,2195.2389867253514,146093.54374945903,1.0222750470414013,150142.78634550242,0.994705026755333,155319.53353481553,0.9615518467639892,160075.0536634708,0.9329860018219969,156613.72948647026,0.953605950120901,1,0.01592487507543705,0.0329357770033587,0.029838051302484958,-0.022587542766612012,0.00046390042194066616,-0.10220717061261164,42.69963370756186,-4138.882687520643,-4188.02137766695,49.138690146306544,0.2765677798829617,0.28140889352934495,0.1270585464834156,0.40776309644545455,68.03258561348864,63.67587768871586,60.062600795097225,-0.2168509501949536,4.485000133514404,0.02200031280517578,-0.002373344768909824,0.008333287093817532,1,-0.006575295115581858,0
2026-07-03,149519.32471707513,2197.7604315095264,146773.37702996604,1.018708758650068,149844.55096636486,0.9978295757357054,154802.34391560248,0.9658724857460321,159680.0166471805,0.9363684188951718,156726.554364012,0.9540139852102062,1,0.001148596940662161,0.029530864155612457,0.01919831336672484,-0.016081542404249083,-0.029050248307449955,-0.09401452617088835,43.06383072851281,-3780.5088207790686,-4106.518866289374,326.01004551030564,0.24008216454723547,0.28138253016089226,0.11867869473742318,0.4360456213101638,68.03258561348864,63.95697374505725,60.062600795097225,-0.19073981309960253,4.485000133514404,-0.0019998550415039062,-0.002433181521077854,-0.004337549432802956,0,0.0006351289497319446,1
2026-07-06,150540.42165956035,2236.703691304675,147561.91573938786,1.0201847875534016,149412.7088175284,1.007547636683364,154345.18258567093,0.9753490140581569,159334.21309413842,0.9448091451056874,156844.18962926266,0.9598087249224678,1,0.006829197124969433,0.024037683424505518,0.04118442825830715,0.0009224627247534922,-0.04125406010316934,-0.08349711155611883,45.29282276885286,-3375.1938264011696,-3960.253858311734,585.0600319105642,0.2246750276484317,0.28280348930212873,0.11172825425187478,0.512472449055333,67.30458855250448,64.21380323269918,60.795037409299404,-0.15108355353860292,4.479000091552734,0.010000228881835938,0.0010987224193357292,-0.03771180862796164,0,-0.007819387613319129,0
2026-07-07,150788.65396865315,2209.9638365245464,148145.59817572762,1.017840933685997,149031.27471725305,1.0117920165061611,153948.16671208612,0.9794767757816701,159054.08831592195,0.9480338139384915,156956.7233206723,0.9607021016906846,1,0.0016489412368869694,0.009647747145344221,0.03827096275990938,0.011480637475232314,-0.0365568043893284,-0.07320553093704729,45.84784709193059,-2999.373588754097,-3768.077804400207,768.7042156461098,0.2253604952103822,0.2823416691754136,0.10699441762497341,0.5435000283169839,68.23127667252376,64.52137931110165,59.020439497329065,-0.0737672634481491,4.52899980545044,0.1009998321533212,0.009096323525622285,-0.013974588162463553,0,-0.026817973714000853,0
2026-07-08,148052.76362751654,2109.382070963007,148640.8871798444,0.9960433258742847,148386.47151839166,0.9977510895200864,153488.1913497347,0.9645873231391912,158739.39385029138,0.9326781464665697,157048.5020240176,0.9427199987229083,1,-0.018143874019230677,-0.009808505304138126,0.007115613323975145,0.022742889541962352,-0.06132229852846216,-0.08525850024636339,40.920291928877816,-2888.994300559978,-3592.261103632161,703.2668030721829,0.22934610551376566,0.2859352747251858,0.10769732924112797,0.3784803878081502,70.18774154905935,64.87327650869632,55.52774875804118,-0.04258372487920792,4.568999767303467,0.10599994659423828,0.007427613154334267,0.001141714754119505,1,-0.011237499220805636,0
2026-07-09,150592.34227239504,2195.823179681668,149406.85874306966,1.0079345991161224,148239.35157314115,1.0158729154862292,153042.94915294397,0.9839874565008551,158417.0630862828,0.9506068307198323,157149.74735721186,0.9582728881522704,1,0.017153199863717328,0.00034489482799582305,0.008333287093817532,0.038419987444126225,-0.014442484151412471,-0.08147177692168805,46.65193196744835,-2567.0043190436845,-3387.209746714466,820.2054276707813,0.21140794782859237,0.2881940534818883,0.10759839891159075,0.5316175111601273,68.5812699598756,65.17668063843357,57.44727662931392,-0.05900779024941449,4.539000034332275,0.08799982070922852,0.010572536145941669,-0.029506571771358625,0,-0.011204807735025524,0
2026-07-10,148870.7772549555,2164.429008538471,149673.15254415415,0.9946391502045636,148033.19497850264,1.0056580706548588,152426.55066249188,0.9766722175888524,158055.12072797984,0.9418915158792543,157237.28911943056,0.9467905360660331,1,-0.011431955911314073,-0.012718972304748832,-0.004337549432802956,0.014777490300667218,-0.020349337351917907,-0.11049027759083574,43.56634269160706,-2422.812177434418,-3194.3302328584564,771.5180554240383,0.21511415741823092,0.2804078542644186,0.10511419556420787,0.4393678454451943,68.78062374195922,65.44466425821845,57.60677754225701,-0.06775450281196982,4.568999767303467,0.11799955368041992,0.011133153944511864,-0.010144613129147717,0,0.001454601045726145,1
2026-07-13,144863.27008716235,2084.2922950803063,149032.50765533114,0.9720246432556109,147663.9675366842,0.9810333049000185,151841.4390583866,0.9540430529735628,157688.03064161356,0.9186700442495933,157310.9049594263,0.9208723967643919,1,-0.026919367532621252,-0.021542951730226245,-0.03771180862796164,0.0019194803534161586,-0.036824133640950496,-0.10807605968268374,37.37010140494644,-2601.9179126079835,-3075.847768808362,473.9298562003787,0.23730969848540856,0.2783978938248119,0.09916994431308988,0.20572566568606587,69.50237758234739,65.75879727604305,51.26311725632372,0.04437315835827094,4.609000205993652,0.10000038146972656,0.010544836360804277,0.012640718018716024,1,0.021996870842208027,1
2026-07-14,148681.444629869,2147.1621675659662,148912.810500016,0.9984462997550705,147637.58696422668,1.0070704058980269,151335.91496749403,0.9824597463318921,157359.60278058585,0.9448514231265743,157396.47240081461,0.9446300947028052,0,0.026357092038646446,-0.012689208585849432,-0.013974588162463553,0.023761553654294998,-0.0026543878677901533,-0.09256017648304127,45.345770823384,-2408.007708410005,-2942.2797567286907,534.2720483186858,0.26262164333076904,0.28964399776760946,0.08808609056851865,0.48893620485935246,69.24555903287231,66.06643370566968,51.294430791106585,0.08373169416851,4.585000038146973,0.09200000762939453,0.016877370625985932,0.0036298990530077013,1,0.010120703693119015,1
2026-07-15,148221.79765213825,2089.1818086702683,148581.57849895567,0.9975785635712576,147868.34069080083,1.0023903491422583,150895.4024255074,0.9822817346957338,156933.7766664162,0.9444862718572278,157468.28626009414,0.9412803121977003,0,-0.003091488510049034,-0.004359348522146811,0.001141714754119505,0.008265452078811242,0.023910570188623304,-0.08186080033106025,44.60928563123662,-2265.3090713398706,-2806.885619650927,541.5765483110563,0.23085270017820914,0.28753707328091754,0.06797394337092523,0.4871541791953262,70.94729478995598,66.40487682702651,50.902011638788046,0.13164632667520215,4.545000076293945,0.14300012588500888,0.013044250531303536,0.023808077490650614,1,0.04790537405169193,1
2026-07-16,146148.8785169176,2046.3990475065054,147918.75343442205,0.9880348172465563,147943.5558790215,0.9878691751631855,150288.53536760277,0.9724552718505132,156475.056312271,0.93400751507163,157525.11206838186,0.9277814603520116,0,-0.013985251616537409,0.00887463350082962,-0.029506571771358625,-0.021419171411266036,0.007779773555792957,-0.11077255875378023,41.347752645968306,-2293.0537274838425,-2704.11924121751,411.06551373366756,0.23960048308581783,0.28239324949282246,0.06310563958847343,0.2998095368778344,71.41758529079772,66.75010513690486,50.5649176936994,0.0977474827346756,4.568999767303467,0.17699956893920898,0.021790388536410132,0.01516877897259783,1,0.06116395863570845,1
2026-07-17,147360.54081346845,2054.789892616076,147819.8644609866,0.9968926798222076,147987.40013896773,0.9957641033972445,149912.6024565265,0.9829763368706902,156039.09833950552,0.9443821605072691,157576.70589825764,0.9351670348320046,0,0.008290602766483746,-0.008884120138116902,-0.010144613129147717,-0.014438159801026251,0.0044829652493996175,-0.07109235987064355,43.92836994995029,-2192.002505906159,-2601.6958941552402,409.6933882490812,0.2372438991627051,0.2685193300462532,0.05805840393294378,0.45010101840188904,71.7156247168538,67.03004197384243,48.718634414518576,0.19153537287107336,4.540999889373779,0.16899967193603516,0.023853718615054254,0.015294107519133515,1,0.07959797462743956,1
2026-07-20,146694.44583560328,2074.8867855019516,147263.02211287347,0.9961390424485898,148127.98048809468,0.9903223236570986,149563.11832463677,0.9808196531259341,155585.06667423656,0.9428568497692107,157641.18853696206,0.9305591209825718,0,-0.004520171914327631,-0.010304502041727392,0.012640718018716024,-0.025547794948087454,0.014584461982022345,-0.06670436872405816,42.813162892017196,-2140.9870170820504,-2509.5541187406025,368.567101658552,0.22943868750122204,0.2678183435450221,0.05599164183934855,0.39002609017674966,70.69997594954694,67.26107163974211,48.25062766215723,0.17639580716513903,4.5980000495910645,0.2239999771118164,0.020395224997297623,0.018193203568997784,1,0.0882686719710466,1
2026-07-21,149221.14326493075,2153.720448852033,147313.07440001282,1.012952474671303,148394.0206171022,1.0055738273307033,149350.31053901234,0.9991351388985037,155177.30496266243,0.9616170567006251,157712.95383241802,0.9461565435106208,0,0.017224220146406122,0.021021473303043603,0.0036298990530077013,-0.010395415453793078,0.027477704748410492,-0.041028360964392,48.186623600684534,-1875.0589956685435,-2382.6550941261908,507.59609845764726,0.23862123749538014,0.2724727057753943,0.05614198952255509,0.6943506464225235,69.28528878570648,67.37560180764984,48.008476345347425,0.2217266713972572,4.627999782562256,0.20999956130981445,0.017924838100573215,-0.016595070916873844,0,0.07712625193929146,1
2026-07-22,151750.6736964439,2193.676160706697,148296.98920133876,1.0232889724444518,148710.2841537075,1.0204450523381008,149424.2269037757,1.015569408260458,154797.02994058275,0.9803203185144562,157775.8621094745,0.9618117224493443,0,0.016951555095796156,0.029791780477601337,0.023808077490650614,0.02497697427810852,0.03227031409304959,0.01482942382464092,52.95273048060533,-1443.5567336920358,-2194.83542203936,751.2786883473241,0.24303911960791505,0.2526195325645766,0.058223374533509745,0.9400176022444697,69.17642467565895,67.54868394540999,47.816420761735024,0.26611256215709167,4.6570000648498535,0.18200016021728516,0.014990806273275759,-0.035331987359442873,0,0.06528020425142977,1
2026-07-23,148365.7785522338,2117.2399935677927,148251.89404739087,1.0007681824611732,148644.81710326154,0.9981227831789528,149393.801724382,0.9931187026484216,154362.35316768746,0.9611526094776526,157817.45584793983,0.940110064219937,0,-0.022305635037779936,0.01139329241206255,0.01516877897259783,-0.01478537146419956,-0.006575295115581858,-0.0061144449758195885,46.75490860694488,-1359.0544973945362,-2027.6792371103952,668.624739715859,0.2545052427775381,0.2611734575941874,0.05509590371689745,0.5292214776371676,70.07508785041107,67.73795470761277,43.93317977946852,0.3421167442823414,4.703000068664551,0.21799993515014648,0.011943249316378912,0.0036342981777435224,1,0.07769438873330725,1
2026-07-24,149614.2887687473,2155.7864183788,148450.8213497636,1.0078373929386517,148651.14804003967,1.0064792014149007,149247.8495032023,1.0024552398360496,154041.75914332864,0.9712579861512631,157857.93162575352,0.9477780889936522,0,0.008415082161779885,0.002634650125408422,0.015294107519133515,0.004994341586048501,0.0006351289497319446,-0.02843357001141511,49.12042400145063,-1177.7649844778352,-1857.6963865838834,679.9314021060482,0.25699039984758615,0.24489874710735876,0.05495766890992842,0.6646173054762146,69.40125769913233,67.9691695373916,45.580563879332864,0.3001891743238285,4.678999900817871,0.1939997673034668,0.014130022950375576,-0.003522149721496115,0,0.07342722053679451,1
2026-07-27,149363.28775113175,2142.1560411128276,148910.02266893702,1.0030438856570618,148572.67244614442,1.005321404616141,148992.6906318364,1.002487351008454,153709.97155251526,0.9717215236104676,157887.75096749124,0.9460093442073625,0,-0.0016776540508340876,-0.015732292234087786,0.018193203568997784,0.031063896743886765,-0.007819387613319129,-0.048750866229918643,48.65245292893735,-1042.3300913246349,-1694.6231275320338,652.2930362073989,0.25537986771502647,0.23706800664845235,0.049933926299510774,0.6148287054742257,69.72568052091324,68.22312036056617,49.35237828142291,0.20510571747134598,4.640999794006348,0.16199970245361328,0.014204734393301832,-0.008793854513102883,0,0.08460946150650273,1
2026-07-28,146744.80781015224,2081.830990274669,148822.06081132044,0.9860420357718216,148303.08270224437,0.989492633169192,148667.1787097487,0.9870692985749759,153349.62770399768,0.9569296646315023,157918.237203536,0.9292454779685599,0,-0.017530947399486796,-0.010925502888193828,-0.016595070916873844,-0.01302541029607196,-0.026817973714000853,-0.06239439868414831,43.948534799220546,-1133.2233174357389,-1582.3431655127747,449.11984807703584,0.2645424712803628,0.24152654166457435,0.0468499566493373,0.23530155800858535,70.48833862744551,68.49621182525756,50.95508254187636,0.12521293851687343,4.604000091552734,0.07500028610229403,0.0017844628121332917,0.02345158044659934,1,0.09364586233412497,1
2026-07-29,146389.0208116142,2098.5822800237074,148778.42866503628,0.983939823300583,148192.16651451756,0.9878323817964648,148289.31901645462,0.9871851983848576,152954.39217715355,0.9570762808959729,157922.4631816769,0.9269676894743314,0,-0.0024245287029053264,-0.021557218790233756,-0.035331987359442873,-0.01236509656174456,-0.011237499220805636,-0.07187068846733624,43.33544543250497,-1219.903601965285,-1509.855252803277,289.951650837992,0.25459313710664305,0.23973501960115762,0.04779307946193769,0.19471002878579982,69.75615023654473,68.75557625977702,47.78948724287139,0.1488030867917347,4.622000217437744,0.053000450134277344,5.546857055027665e-05,0.0610250512650139,1,0.12866989467038326,1
2026-07-30,148904.9840308657,2136.0079565598303,148733.26306016982,1.001154556601279,148079.67596508228,1.0055734054008736,148159.51376911168,1.0050315382575818,152605.49303531798,0.9757511415162764,157982.00504513105,0.9425439561191016,0,0.01718683003207766,-0.003068382647211765,0.0036342981777435224,0.018858205016120122,-0.011204807735025524,-0.02548546662830531,48.77722995924831,-1073.209851819207,-1422.526172606463,349.316320787256,0.2546354609765147,0.22996092824610284,0.04759437074022266,0.5524162723909621,69.71181149912681,68.94316260172977,49.05012892970615,0.15968360452894736,4.663000106811523,0.12400007247924805,-0.0013895169663690199,0.04152270984451545,1,0.11223931056903513,1
2026-07-31,149087.32484322862,2090.5985064278516,148352.78465256764,1.0049513070643143,148094.11247096714,1.0067066296943856,148063.65372473488,1.0069137232044594,152286.53926631325,0.9789921391706856,158048.80562092006,0.9432992818738185,0,0.0012245447225940342,0.015963202160494516,-0.003522149721496115,0.01171808966109844,0.001454601045726145,-0.018924336473583603,49.15830818699254,-931.5028334613598,-1324.3215047774424,392.8186713160826,0.25021785311371125,0.22958703532394317,0.047330358431578325,0.5817298360632143,71.3132265149186,69.18412944420893,48.5059653805193,0.18568819250560797,4.744999885559082,0.17600011825561523,0.003088382741272211,0.0670936752639062,1,0.14070502703327192,1
2026-08-03,148049.80872904958,2087.174744620309,148307.64610639846,0.9982614694244158,148306.54838042628,0.998268858292635,147985.25795855524,1.0004361973036018,151962.4302097441,0.9742527052555412,158099.08561512132,0.9364368437238413,0,-0.006959116848263447,0.011345030578301385,-0.008793854513102883,0.009239360670582064,0.021996870842208027,-0.015637278510318597,47.015006879759376,-892.6282175490051,-1237.982847331755,345.35462978274995,0.22317216625299072,0.22856347262759266,0.04564027692686039,0.4500193787393716,70.93311621754745,69.41066921078918,50.91486415739216,0.028154555482804877,4.685999870300293,0.07699966430664062,0.0008098803643667996,0.07830581562728023,1,0.15205452237449557,1
2026-08-04,150186.20547563277,2172.032583746446,148389.3484930964,1.0121090698273398,148406.8657701439,1.0119896050378474,148022.22636718527,1.0146192849652154,151712.17171573278,0.9899417019554683,158161.04210154468,0.9495777435457728,0,0.014430256715110445,0.008604288520668302,0.02345158044659934,0.006467328889101287,0.010120703693119015,0.007439451552232468,51.686213888103666,-681.5736843569321,-1126.7010147367905,445.12733037985845,0.20381748342993036,0.2310669181588773,0.04456925419147109,0.7764620776042752,69.14546613940858,69.48537733629472,54.805335641801726,-0.04499621703560985,4.626999855041504,0.04199981689453125,-0.010044771511276807,0.07020488496947097,1,0.13513918866814234,1
2026-08-05,155322.41831127813,2240.3991139673094,149240.6528588316,1.0407513994072335,148880.2404807532,1.0432708720090882,148374.290585777,1.046828380429454,151581.5795919972,1.0246787157737103,158267.96288842312,0.9813888766659519,0,0.03419896534025346,0.041821754294712576,0.0610250512650139,0.023536927565666055,0.04790537405169193,0.07296138904899041,60.66472306593877,-98.72396708250744,-921.1056052059339,822.3816381234265,0.24443442431329354,0.23394451643646774,0.06098469364631407,1.2277775021280657,69.32801273686066,69.49446666889864,57.2347796515367,-0.05502509217813567,4.617000102996826,0.07200002670288086,-0.013773377978372081,0.040783361656568706,1,0.06322610546249163,1
2026-08-06,155087.92247718154,2216.123947545979,150432.52638269291,1.0309467387567868,149476.17674477078,1.0375427432960957,148709.86631189616,1.0428892602990334,151404.34587801847,1.024329398061868,158376.83876511484,0.9792336031355505,0,-0.0015097359199407467,0.04753882364692963,0.04152270984451545,0.04530791393098199,0.06116395863570845,0.06941957393946296,60.11544027343923,340.343510877894,-668.8157819891684,1009.1592928670624,0.23372883187026672,0.2342214791765199,0.07124005938049761,1.0787869702700326,69.98161030044986,69.51485404040848,55.62944813909095,-0.021025916363278663,4.670000076293945,0.10100030899047852,-0.014728661577588675,0.030982712721013383,1,0.08877944224080458,1
2026-08-07,159090.1414022247,2290.041708419443,152246.97218135156,1.0449478181590486,150258.15011735455,1.0587787835666296,149122.77512816113,1.0668399998960405,151238.8940666926,1.0519128851343615,158502.7546137461,1.00370584593252,0,0.02580612894361267,0.059285977020283376,0.0670936752639062,0.06333521157276523,0.07959797462743956,0.08443777483101655,65.8060571668679,999.7290159969998,-335.10682239193477,1334.8358383889345,0.24989394143182878,0.24256959523952124,0.09339417403526473,1.190100358114191,69.47041218280458,69.52472143669037,56.276543592760106,-0.05224872918182899,4.659999847412109,0.11899995803833008,-0.013867263553549725,0.009490900756594423,1,0.03130503925676753,1
2026-08-10,159642.96975504063,2351.67888720405,153780.970141948,1.038119148342488,151121.38504531703,1.0563890061434271,149624.68276670587,1.0669561118064672,151183.421097587,1.0559555313409206,158627.97597824113,1.0063985798881954,0,0.003474937843057413,0.027816663497369554,0.07830581562728023,0.06882335116402105,0.0882686719710466,0.10414048504363427,66.5167089258315,1549.0489354346355,41.72432917337932,1507.3246062612561,0.2464008675587274,0.23699207110774131,0.10636729961127057,1.0912984822378897,67.88468043882929,69.47331982046701,53.813470632677436,-0.013216461121576817,4.698999881744385,0.10099983215332031,-0.011159612562074095,0.01476961588207204,1,0.01579335421860839,1
2026-08-11,160730.0107550509,2344.086236835666,155444.21098649403,1.034004481318485,151888.64287799172,1.0582095389723196,150141.33174754697,1.070524744147788,151121.0779655551,1.063584331973108,158759.69347672272,1.012410689610062,0,0.006809200565977003,0.03637993331620959,0.07020488496947097,0.095302880923676,0.07712625193929146,0.10672320906684107,67.92817868317275,2048.4903317420394,443.07752968711134,1605.412802054928,0.24132954055469055,0.23717981178799152,0.1223883438213382,1.0381002674407167,68.56830104064015,69.49559000999456,53.37860890025791,-0.020139048876643306,4.684000015258789,0.0560002326965332,-0.01132664167276487,-0.0015128405287802016,0,-0.012994505201138762,0
2026-08-12,161656.98867063984,2372.1150400979504,157388.09383529265,1.0271233657598942,152549.06387627142,1.059704888138518,150629.67401498946,1.0732081160485882,151125.47426073314,1.0696872215715063,158892.03075666245,1.0174014889281127,0,0.0057672982863270494,0.01613454640112133,0.040783361656568706,0.10429721965743433,0.06528020425142977,0.0996571310397314,69.12348671352744,2490.3929080783855,852.5406053653662,1637.8523027130193,0.2357086767721417,0.2358470471182732,0.1363770071782014,0.9931188000151439,68.14888229935875,69.5024278943677,53.650776750912016,-0.0409997133814991,4.682000160217285,0.02500009536743164,-0.009974980190209037,0.022070756476693543,1,-0.01624102588006382,0
2026-08-13,159892.96702579083,2346.5606856130903,158774.7740567438,1.0070426361850617,153317.54310784192,1.042887616020065,150981.1801055517,1.0590258131113353,151036.23579616784,1.0586397772887803,159024.94786835427,1.0054583835371236,0,-0.01091212733427216,0.0015659773251137654,0.030982712721013383,0.07379190875603947,0.07769438873330725,0.07060823008297912,64.21852370378805,2667.512653959915,1215.535015084276,1451.977638875639,0.21636912048692497,0.23616759690462452,0.14013420975839377,0.8627706196652644,68.13928487067896,69.50598453627404,54.4049218743304,-0.11866799166600994,4.640999794006348,-0.062000274658203125,-0.012560434111055785,0.0358052631049679,1,0.017806615730412645,1
2026-08-14,160600.05014562578,2352.1232171871993,159528.72146165062,1.006715584969022,154049.9271996338,1.0425194809569995,151350.53761983674,1.0611131791881838,151075.46623616523,1.0630452061261322,159155.882345845,1.0090739203508836,0,0.0044222277751646555,-0.0008085646782116651,0.009490900756594423,0.07722135543382547,0.07342722053679451,0.07410898523998766,65.28197202935709,2832.2881720708974,1538.8856464816004,1293.402525589297,0.21588189565023772,0.23620943304594144,0.1445404075510538,0.8522304463798585,68.27875723926108,69.51419025713312,53.85072478718403,-0.0773709127937372,4.696000099182129,0.017000198364257812,-0.015232737450256217,0.058932800839136545,1,-0.0007271708634664087,0
2026-08-17,162000.8350965958,2394.3619611802437,160516.2804072812,1.0092486237878662,154892.43035599808,1.0458925250527742,151732.55140107128,1.0676735716938062,151171.90354225124,1.0716332287984849,159295.46614273387,1.0169833393213956,0,0.008722194978767694,0.0021270124402510415,0.01476961588207204,0.09423197832749941,0.08460946150650273,0.07612847971791004,67.35210840972715,3040.852540787135,1839.2790253427074,1201.5735154444274,0.21445089183022825,0.23657486424558374,0.1481074627798232,0.8699704551594187,67.65929200374168,69.5260137055077,52.94319757703617,0.022878578570202812,4.723999977111816,0.08300018310546875,-0.01156702919089414,0.0528430398601365,1,-0.010044949877133225,0
2026-08-18,160486.85188058938,2321.3341793103914,160715.81047561902,0.9985753822579617,155808.56662736053,1.0300258538698817,152055.82466480247,1.0554469204607755,151269.53304318976,1.0609330818438365,159423.43888467076,1.0066703679418678,0,-0.009345527232027417,0.0037142650226933416,-0.0015128405287802016,0.06858583564539056,0.09364586233412497,0.06431649634562264,62.98103614203892,3048.8304928829602,2081.189318850758,967.6411740322023,0.20080863230728085,0.23907385305083442,0.15021364923153582,0.7737392971936854,69.1356088703075,69.55615811210049,52.04379527365386,0.07166288357415285,4.705999851226807,0.10199975967407227,-0.0008353180035566288,0.062281709903590166,1,-0.008452949540527888,0
2026-08-19,165224.88070034515,2389.477694818241,161513.22632494825,1.0229804980053425,157064.29061994262,1.0519570046647277,152628.2285672301,1.0825316014695567,151583.3670021258,1.089993473347429,159556.34665117098,1.0355268478386945,0,0.02952284728770871,0.02879719246990131,0.022070756476693543,0.06375423777668532,0.12866989467038326,0.11598646760847808,69.62483854184238,3398.2989310823323,2344.611241297073,1053.6876897852594,0.21843378064372546,0.24371672006992134,0.1617331055278796,0.9154498262365438,69.14686044407694,69.52146207526773,52.95700463319785,0.016220728882696545,4.652999877929688,0.030999660491944248,0.0022771977044788727,-0.0004964796335830135,0,-0.028787328542812407,0
2026-08-20,165617.97677878322,2464.5248481353783,162211.50718548143,1.0210001722590905,158178.49013647047,1.0470322269222208,153129.08305077636,1.0815579475772452,151910.15585902057,1.0902363692687151,159691.79512382863,1.037110119842784,0,0.0023791578893677112,0.022327919976650845,0.0358052631049679,0.0678973200066626,0.11223931056903513,0.09977688293877152,70.10422738939704,3664.7300278822368,2608.634998614106,1056.095029268131,0.21587175636508474,0.24041028818033264,0.16719047371245144,0.8816239972011569,67.20077377253982,69.47544553568989,52.048272879294856,0.050723838723774506,4.696000099182129,0.03299999237060547,-0.0024297582140723195,0.01955442891645398,1,-0.039775915671486306,0
2026-08-21,170064.6609156133,2523.9738644528193,163412.60322047764,1.0407071276268736,159576.97920796275,1.0657217711458422,153835.54583946493,1.1054965221957496,152231.59196925006,1.117144337227751,159835.0275554529,1.0640011987147895,0,0.026849042738696927,0.0596797115950054,0.058932800839136545,0.0689830269598033,0.14070502703327192,0.1423642977584596,74.9251478435798,4186.430276713247,2924.1940542339344,1262.2362224793123,0.2282927374252788,0.2455914741708899,0.18082949775859813,0.9713738492481002,67.37972342278353,69.42874885838403,53.76292475143151,0.02822722855006532,4.73799991607666,-0.006999969482421875,0.0009134402171078193,-0.035246572445768676,0,-0.05881233757505955,0
2026-08-24,170561.45168298064,2488.49525486374,164936.67245721904,1.0341026597782281,161077.7554048915,1.0588765112491823,154692.1518926589,1.1025863277235517,152502.4599250675,1.118417707929344,159982.9346824125,1.0661227837929583,0,0.0029211875335690696,0.032298833928734894,0.0528430398601365,0.06839312714298384,0.15205452237449557,0.17739611690634915,75.40238591920252,4587.091213488078,3256.7734860847636,1330.3177274033146,0.21934666440307848,0.22686711957016786,0.1901851385514107,0.9264074220914227,68.5399947406496,69.39666943032742,55.261730226802094,0.05812803100835273,4.703999996185303,0.018000125885009766,0.0031247008590549186,-0.04923260135998231,0,-0.08009156106561399,0
2026-08-25,170482.2474327567,2492.538035005936,166348.41492680917,1.024850447224077,162430.82486869974,1.049568316669975,155418.84531942182,1.096921335906055,152781.90156426697,1.115853682191828,160145.5766740944,1.0645454652781203,0,-0.0004643736872687043,0.029370426740997546,0.062281709903590166,0.06067464707986625,0.13513918866814234,0.14662759604710018,75.15678806343382,4842.406523325248,3573.900093532861,1268.5064297923868,0.2218860941281476,0.21866768610475407,0.18982238382904834,0.8820717933651049,68.39704952781868,69.36838578015899,56.999756740567136,0.08697379252013193,4.638999938964844,0.012000083923339844,0.004106743149805858,-0.0694549949730795,0,-0.075964820172581,0
2026-08-26,165142.84991211625,2412.924695166001,166797.27418616923,0.9900812271535899,163085.52030875566,1.0126150353475012,155982.88039475444,1.05872419777209,152930.26233030055,1.0798572329356162,160285.87708142318,1.030301938755501,0,-0.03131937548363484,-0.02894082154986488,-0.0004964796335830135,0.021563319162022143,0.06322610546249163,0.11416034974619604,60.78356669032859,4561.320920857979,3771.384258997885,789.9366618600943,0.24680835204496143,0.241480156456111,0.1763324626060456,0.6862508069393801,68.44094647484474,69.28484083632193,56.588831505119316,0.09319332654173196,4.664000034332275,0.04699993133544922,-0.016310697993835443,-0.03700636498293275,0,-0.032460676276584,0
2026-08-27,168856.54173299085,2513.623709319558,167992.94416508375,1.0051406776171412,164003.42825914294,1.0295915367462898,156739.80250195687,1.0773048009351849,153251.4103359373,1.101827000239972,160446.44728851292,1.052416831825232,0,0.0224877542252111,-0.009995869132016222,0.01955442891645398,0.05605984349364279,0.08877944224080458,0.15537350300943076,65.69730905972706,4585.365213229932,3934.1804498442943,651.1847633856378,0.25622129879745864,0.2413777263295876,0.16955517552174948,0.792060177674294,67.17653923477215,69.14347263445441,55.83622732076644,0.08073486595749202,4.671999931335449,0.0019998550415039062,0.003712735031020875,-0.03622259476951739,0,-0.049728724398000024,0
2026-08-28,164070.46452418604,2426.5218787160557,167828.02756848958,0.9776106345361767,164335.449800607,0.9983875342980321,157296.7999589808,1.0430629521196342,153493.55710293038,1.0689078266272958,160580.9591478782,1.0217305052530816,0,-0.028344043764516602,-0.037609680803273426,-0.035246572445768676,0.021609049159159177,0.03130503925676753,0.11339483160467845,55.96493454899779,4170.15312691321,3981.3749852580777,188.77814165513246,0.27554782512176784,0.2596184485854854,0.1547841505584701,0.5972079659867189,67.61548946286507,69.00680145932145,54.315345556484345,0.06676900998115687,4.71999979019165,0.059999942779541016,0.0016629683797468875,-0.02186376485311048,0,-0.019815109135587816,0
2026-08-31,162164.26772489256,2396.22449668304,167334.6405607909,0.9691015989362944,164503.5363319305,0.9857798278432275,157812.46068862375,1.02757581383168,153728.80882313944,1.0548723363325991,160710.3060804256,1.009047096480168,0,-0.011618159336731049,-0.018036398117198482,-0.04923260135998231,0.001008838184070493,0.01579335421860839,0.10545608459249989,52.621396138209285,3645.2601165856468,3914.1520115235917,-268.8918949379449,0.281175850621327,0.26237557499864045,0.13244237746033244,0.4916345583710549,67.67490606448546,68.90596579648607,52.25629533950855,0.044198283260765914,4.757999897003174,0.05900001525878906,0.001785582067861613,-0.011042647816433271,0,-0.015288467898856517,0
2026-09-01,158641.4037943153,2331.7009047763295,165702.74668631976,0.9573854807285012,164364.29586788142,0.965181659171489,158126.46937293658,1.0032564720088972,153920.09383469113,1.0306737726179847,160817.17922004175,0.9864705037342472,0,-0.021724045500293054,-0.060495956116574545,-0.0694549949730795,-0.011499060917757875,-0.012994505201138762,0.06312952925618309,47.02933431079661,2911.4515457521193,3713.6119183692977,-802.1603726171784,0.2949022865445848,0.2688488179945625,0.11434035386787178,0.27832839866730524,68.03677241231676,68.86434858403976,48.72976992696118,0.08437505444655247,4.796000003814697,0.1119999885559082,-0.002959171889330592,0.0030815462654574244,1,0.0017051510492942512,1
2026-09-02,159031.5133339468,2331.5807416015073,164055.6126364578,0.9693756329224513,164189.2641787686,0.9685865524118187,158369.16402752,1.004182312323829,154205.51426629952,1.0312958916586679,160916.2155017852,0.9882876802567017,0,0.002459065100919533,-0.030712116314490334,-0.03700636498293275,-0.03748447170998881,-0.01624102588006382,0.04797896088466258,47.69223903387172,2334.471215118072,3437.7837777190525,-1103.3125626009805,0.2939043289837974,0.2651862345928266,0.10819930179674336,0.27762106727461405,68.2075943131417,68.8320542386225,48.50675743309668,0.09295071220359596,4.796000003814697,0.11399984359741211,-0.004452697943324813,0.009035847123035623,1,-0.014223715465672027,0
2026-09-03,162740.11964761463,2400.7564479566704,162949.5943814375,0.998714481403786,164379.07435355682,0.9900294200317917,158848.30873069938,1.0245001721958096,154559.90364537967,1.052925861166448,161029.82585142914,1.0106209752581081,0,0.02331994606553378,0.003551040748995149,-0.03622259476951739,-0.017376478007653517,0.017806615730412645,0.09688447858830318,53.63289629993215,2151.660676650441,3180.5591575053304,-1028.8984808548894,0.3062127098291898,0.26225266010682674,0.098025659928529,0.46284808202760264,67.78701762258972,68.75578523102847,49.72507941451398,0.12369234525240369,4.76200008392334,0.12100028991699219,-0.008984259221916702,-0.0227955439316333,0,-0.04072366409430217,0
2026-09-04,160483.26646848864,2367.7428403372123,162283.9396037764,0.9889041815247757,164371.288775081,0.9763460983024075,159210.6079873574,1.0079935533016262,154835.51143646394,1.0364758380014278,161127.8683606996,0.9959994388384265,0,-0.013867835319359534,0.011610226776367805,-0.02186376485311048,-0.05633971452704667,-0.0007271708634664087,0.07264665553796856,49.9175532994931,1803.8788253663224,2905.2230910775293,-1101.3442657112068,0.3120323194158817,0.2663362804393969,0.09636379715378991,0.31447378603906934,67.77901034354005,68.70171031917539,48.935285672658615,0.11019419493824856,4.783999919891357,0.08799982070922852,-0.009499836297963804,-0.002620247016937416,0,-0.017691210735963026,0
2026-09-07,160373.54482799678,2366.12402589991,161072.08290306295,0.9956631958656263,164262.8027571744,0.9763229540474418,159577.61655658623,1.0049877187577139,155151.26752104991,1.0336592629269905,161225.26424743916,0.9947172087239676,0,-0.0006836952095151672,0.008438777107225848,-0.011042647816433271,-0.059731590898510434,-0.010044949877133225,0.07371461382940536,49.73715920798017,1502.0904198438802,2624.5965568307997,-1122.5061369869195,0.3097445478683886,0.26621712788220936,0.09552250145304543,0.3035139951463793,67.77901034354005,68.63682131326296,48.935285672658615,0.08260359002288276,4.783999919891357,0.059999942779541016,-0.010686234090025115,-0.021653359796017457,0,-0.020508000999412634,0
2026-09-08,159130.2646197246,2376.6295758711276,160366.34005956847,0.9922921765291599,164172.36360645012,0.9692877724608246,159990.46511690534,0.9946234264863709,155429.26198684805,1.0238114920290216,161299.64384688457,0.9865506260558189,0,-0.007752402115982604,-0.0221817154596331,0.0030815462654574244,-0.06658747748799865,-0.008452949540527888,0.08440132904460751,47.636432025021975,1149.3496248875745,2329.5471704421548,-1180.1975455545803,0.308993100107486,0.26128345661491037,0.09738541868831228,0.234056563322308,66.95627548899658,68.51908587531466,47.71579123077609,0.09524365558467363,4.806000232696533,0.10000038146972656,-0.012562967314280304,-0.010046300492461802,0,,0
2026-09-09,160468.49777617733,2444.1344215060126,160124.087209752,1.0021508979218983,163855.2714115056,0.9793307007693227,160459.78101572406,1.0000543236466988,155698.4975294243,1.03063613536702,161377.46128827837,0.994367469255962,0,0.00840967090484468,-9.202636908067774e-05,0.009035847123035623,-0.02830490171646216,-0.028787328542812407,0.09617850359612556,50.08046284274266,966.6413948822883,2056.9660153301816,-1090.3246204478933,0.2832496849948179,0.26127509003178995,0.09829096039341192,0.3234863764803039,65.6545304390169,68.38236521539706,46.44143730908943,0.11907259702522044,4.836999893188477,0.18400001525878817,-0.010367751116006296,-0.004276829807480564,0,,0
2026-09-10,159030.37010074817,2319.585283742804,160179.65382495668,0.9928250330378137,163416.0976329699,0.9731622061978741,160797.2938847202,0.9890114830835476,155892.14924526078,1.020130717747371,161455.13710776102,0.9849817909144973,0,-0.008962056075548674,-0.008375288634351663,-0.0227955439316333,-0.058192424950764376,-0.039775915671486306,0.06799897354532902,47.51391925959724,697.7556292327063,1785.1239381106866,-1087.3683088779803,0.2840534864179743,0.2600967685528185,0.09936977915014233,0.23936754428773532,68.55982886805882,68.34396579436147,43.00643696599083,0.1667995129279276,4.943999767303467,0.2479996681213379,-0.004023216061035173,0.008986655848804093,1,,0
2026-09-11,160062.7606682562,2343.598588722366,160326.97487271522,0.9983520290040476,162749.3042831461,0.9834927490060668,161163.14174555443,0.9931722534980392,156103.01796428443,1.0253662149240301,161533.54132905838,0.9908948900104526,0,0.006491782461764961,0.005859954112185983,-0.002620247016937416,-0.02442672340541252,-0.05881233757505955,0.07361749790982364,49.5141551040686,561.4944549297506,1540.3980414744995,-978.9035865447488,0.25710165793166995,0.2603510414027284,0.09988273775524639,0.3056322735184978,68.29785673878408,68.2434534684903,44.06696419608177,0.14920751042315872,4.974999904632568,0.2369999885559082,-0.0008112766821525286,0.004727081379189091,1,,0
2026-09-14,156900.91876007343,2289.86152104589,159492.80331735217,0.9837492068396245,161838.6020882856,0.9694900767524018,161458.17874658856,0.9717743627365708,156230.2279062947,1.0042929647019463,161592.30670626022,0.9709677518576753,0,-0.019753763429933402,-0.022232270293201073,-0.021653359796017457,-0.03245689718618083,-0.08009156106561399,0.05978467724482206,43.98541062156862,196.11162250195048,1271.5407576799898,-1075.4291351780394,0.2629884777550602,0.26694791098869747,0.10577908972146552,0.14756444167753838,68.51982852043334,68.16301054525316,42.92237822762174,0.19268317658866363,4.960999965667725,0.2569999694824219,-0.006974934687965173,0.01774435602651181,1,,0
2026-09-15,157531.59416390987,2299.129511450495,159071.13584526948,0.9903216779513214,160975.22520369582,0.978607695467247,161703.0250361978,0.9742031364511942,156365.0867101998,1.00746015289124,161656.9144619655,0.9744810154778364,0,0.004019577506750194,-0.009424463615904322,-0.010046300492461802,-0.006995712366768547,-0.075964820172581,0.048908544330117376,45.29747441134688,-42.081580062775174,1008.8162901314369,-1050.897870194212,0.2651431635958025,0.26445404555229657,0.10927248765251993,0.2022724278719213,68.51792966723036,68.14209266284723,40.94112944988295,0.2849684439870346,4.995999813079834,0.35699987411499023,0.0011732245295106303,0.008762160973947886,1,,0
2026-09-16,159782.20132172655,2341.2144684668033,158986.6582015166,1.0050038357256468,160617.8486310032,0.9947972948436358,161851.68446987943,0.9872137064564317,156599.67546408402,1.0203226848855917,161736.2737376013,0.9879181560776835,0,0.014286703373768583,-0.001752808369406611,-0.004276829807480564,0.004720372535243378,-0.032460676276584,0.028713067044260576,49.81505330538407,-48.685010165849235,797.3160300719798,-846.001040237829,0.24946531756782697,0.24905654527312862,0.10975509544116084,0.34448317193318323,68.24757128033558,68.10607794762973,42.834130497756775,0.24565239114196058,5.00600004196167,0.34200000762939453,0.026153970623281175,-0.018855084975646696,0,,0
2026-09-17,160459.52130635155,2387.727479020672,159176.5520138919,1.0080600394733246,160058.0472692272,1.0025083027312527,162030.7377641851,0.9903029728833288,156797.01904476315,1.0233582391036582,161814.32067109775,0.9916274445974411,0,0.004239020235183855,0.022680571754457368,0.008986655848804093,-0.014013743791028932,-0.049728724398000024,0.0346358294274034,51.123269122233495,0.7274010358960368,637.998304264763,-637.2709032288669,0.22734630832413336,0.24909781569128506,0.10900926380329219,0.39603251322021527,67.20177353309734,68.0134167220513,43.17240739051368,0.2200407656101635,4.947000026702881,0.27500009536743164,0.007356190799025386,-0.027089546264032593,0,,0
2026-09-18,160819.3903637127,2418.923713983985,159226.67952639694,1.0100027887415168,159841.30899186234,1.0061190775902626,162088.3793962347,0.9921710054894196,157035.9913069383,1.0240925600894861,161897.8407865434,0.9933386979246215,0,0.0022427404396532236,0.020870709886817496,0.004727081379189091,0.0020944482413689514,-0.019815109135587816,0.010869617351813021,51.84158165410822,68.14004229646525,524.0266518711035,-455.8866095746382,0.19956340481908272,0.2380325251521129,0.09972447452632198,0.43696856280724766,66.48386198853112,67.91386504890886,44.116647733462706,0.20263790427671458,4.998000144958496,0.2780003547668457,0.003444041537232989,-0.01974430555129303,0,,0
2026-09-21,159685.02452343897,2397.697594855153,159320.20158678133,1.0022898724268745,159676.02611176542,1.0000563541809793,162089.78122184795,0.9851640450108471,157332.42639566382,1.0149530403977802,161961.64208264925,0.9859434769249343,0,-0.007053663353083439,-0.0006081828732094063,0.01774435602651181,-0.004293228694896345,-0.015288467898856517,0.00026343013076535193,49.37815590565441,29.688967224647058,425.1591149418122,-395.47014771716516,0.19614645169954475,0.23883184787400838,0.08664011051547937,0.38494602608762757,66.59931797223152,67.8710196333556,45.77051532856745,0.11683764451345935,4.9629998207092285,0.2049999237060547,0.006634464612655933,-0.016284686186539665,0,,0
2026-09-22,158911.91135045668,2394.063670337221,159155.7945413814,0.9984676449159299,159694.05994884155,0.9951022060642992,162029.17790836145,0.980761078972654,157537.0357300756,1.0087273168116277,162015.1950882227,0.9808457241552178,0,-0.004841488269107019,-0.009644862101639728,0.008762160973947886,-0.0013721668206215787,0.0017051510492942512,-0.011311511746023406,47.71404566965338,-62.44770045953919,327.637751861542,-390.08545232108116,0.17504026278269205,0.23838219559244989,0.0690946411439286,0.33768649990738303,66.37747914434645,67.79799223681248,46.267048014932584,0.04843709884792924,4.9679999351501465,0.17199993133544922,0.006282909816324622,,0,,0
2026-09-23,156769.4943382095,2337.239349289684,159137.01962397227,0.9851227244838628,159543.25868245904,0.9826143431746609,161866.26143061378,0.968512480319507,157707.989663797,0.9940491580192723,162054.1902305045,0.9673893289351045,0,-0.013481789968043278,-0.025182883832253422,-0.018855084975646696,-0.023051274793680854,-0.014223715465672027,-0.030233733614747238,43.35371740401632,-304.82795446022647,201.1446105971883,-505.9725650574147,0.1832884783218608,0.24066321353935044,0.06746412595788899,0.17393267928525108,67.0746427332822,67.7621842512766,46.85763596678716,0.012635990538243158,5.113999843597412,0.31799983978271484,0.00773624036314402,,0,,0
2026-09-24,156112.74568041862,2304.896839688859,158934.32698347353,0.9822468729279088,159101.43375131264,0.9812152034056113,161740.25405243473,0.9652065071556539,157907.267007067,0.9886356001173265,162088.75721745784,0.9631312397008399,0,-0.004189263099707685,-0.022370781816775875,-0.027089546264032593,-0.018346334844603573,-0.04072366409430217,-0.02364219900155118,42.08410570386006,-543.6433973390958,52.18700900993147,-595.8304063490273,0.14943173875350052,0.23901882904330746,0.049763711427822516,0.053728149977802994,67.73090360913174,67.74857154255835,45.42860133418405,0.036254079386145666,5.162000179290772,0.40000009536743253,0.01326629681222613,,0,,0
2026-09-25,157644.1231817989,2364.0416456243747,158628.88724919813,0.993792025623604,158912.1575322,0.9920205327893545,161641.72315364052,0.9752687617166647,158112.93865443364,0.9970349328990756,162122.39076835586,0.9723772418767521,0,0.009809432885865554,-0.00797793040108774,-0.01974430555129303,-0.015110557111220446,-0.017691210735963026,-0.018405517066442778,46.051383717139494,-602.3929790020338,-78.72898859246158,-523.6639904095723,0.1491690806200025,0.24052484131788351,0.04366761431065114,0.25667513629149774,66.68415654654436,67.69541818613446,46.76117329316316,0.010166159499876093,5.184000015258789,0.40000009536743164,0.01763478274349395,,0,,0
2026-09-27,157084.60401038488,2355.651059308496,158146.75620691717,0.9932837560376984,158692.89481102588,0.9898653887273517,161477.84878410015,0.9727935143625233,158320.74181792926,0.9921921929284164,162159.27933293616,0.9687056125099555,0,-0.003549254866727747,0.002010019063374502,-0.016284686186539665,0.001170708570498169,-0.020508000999412634,-0.030346949034426585,44.84272345847689,-686.1909842467285,-200.221387723315,-485.9695965234135,0.14947064751143296,0.2390577656784116,0.042105889458801164,0.20163352873714788,66.68415654654436,67.66291367089455,46.76117329316316,0.010166159499876093,5.184000015258789,0.40000009536743164,0.014716694481322401,,0,,0
