date,gold_close,gold_high,gold_low,gold_volume,silver_close,silver_high,silver_low,silver_volume,usdinr_close,usdinr_high,usdinr_low,usdinr_volume,crude_oil_close,crude_oil_high,crude_oil_low,crude_oil_volume,us_10y_yield_close,us_10y_yield_high,us_10y_yield_low,us_10y_yield_volume
2023-09-25,1890.9000244140625,1921.699951171875,1890.300048828125,238525.0,22.476999282836914,22.476999282836914,22.476999282836914,421.0,82.97480010986328,83.17040252685547,82.89569854736328,0.0,93.68000030517578,94.16999816894531,90.4000015258789,504630.0,4.541999816894531,4.546000003814697,4.499000072479248,0.0
2023-09-26,1890.9000244140625,1921.699951171875,1890.300048828125,238525.0,22.476999282836914,22.476999282836914,22.476999282836914,421.0,83.0282974243164,83.4021987915039,83.0353012084961,0.0,93.68000030517578,94.16999816894531,90.4000015258789,504630.0,4.558000087738037,4.564000129699707,4.482999801635742,0.0
2023-09-27,1890.9000244140625,1921.699951171875,1890.300048828125,238525.0,22.476999282836914,22.476999282836914,22.476999282836914,421.0,83.29869842529297,83.31629943847656,83.1593017578125,0.0,93.68000030517578,94.16999816894531,90.4000015258789,504630.0,4.625999927520752,4.64300012588501,4.491000175476074,0.0
2023-09-28,1878.5999755859375,1896.800048828125,1874.5,231419.0,22.514999389648438,22.614999771118164,22.399999618530273,120.0,83.22270202636719,83.34480285644531,83.09850311279297,0.0,91.70999908447266,95.02999877929688,91.38999938964844,406709.0,4.5970001220703125,4.688000202178955,4.5970001220703125,0.0
2023-09-29,1866.0999755859375,1896.699951171875,1862.300048828125,245131.0,22.236000061035156,23.459999084472656,22.236000061035156,120.0,83.19300079345703,83.22650146484375,83.00330352783203,0.0,90.79000091552734,93.0999984741211,90.3499984741211,355782.0,4.572999954223633,4.574999809265137,4.507999897003174,0.0
2023-10-02,1847.199951171875,1864.699951171875,1842.699951171875,202147.0,21.218000411987305,22.174999237060547,21.218000411987305,131.0,83.03479766845703,83.28790283203125,82.91519927978516,0.0,88.81999969482422,91.87999725341797,88.45999908447266,334493.0,4.683000087738037,4.703000068664551,4.626999855041504,0.0
2023-10-03,1841.5,1849.300048828125,1830.9000244140625,216784.0,21.17799949645996,21.17799949645996,20.78499984741211,34.0,83.3593978881836,83.36090087890625,83.1343002319336,0.0,89.2300033569336,90.2699966430664,87.76000213623047,350659.0,4.802000045776367,4.806000232696533,4.695000171661377,0.0
2023-10-04,1834.800048828125,1846.800048828125,1831.5999755859375,195048.0,20.95599937438965,21.184999465942383,20.760000228881836,30.0,83.22979736328125,83.3302001953125,83.18229675292969,0.0,84.22000122070312,89.58999633789062,84.16000366210938,459995.0,4.735000133514404,4.794000148773193,4.7270002365112305,0.0
2023-10-05,1831.800048828125,1843.5,1826.199951171875,172464.0,20.847999572753906,21.075000762939453,20.847999572753906,117.0,83.44979858398438,84.6969985961914,83.18489837646484,0.0,82.30999755859375,84.91999816894531,82.1500015258789,465997.0,4.7170000076293945,4.7769999504089355,4.703999996185303,0.0
2023-10-06,1845.199951171875,1849.0,1823.5,231024.0,21.540000915527344,21.540000915527344,20.924999237060547,15.0,83.22489929199219,83.34130096435547,83.08439636230469,0.0,82.79000091552734,83.27999877929688,81.5,461139.0,4.783999919891357,4.88700008392334,4.739999771118164,0.0
2023-10-09,1864.300048828125,1877.300048828125,1857.5,187802.0,21.740999221801758,21.740999221801758,21.740999221801758,0.0,83.12460327148438,83.33519744873047,83.07929992675781,0.0,86.37999725341797,87.23999786376953,84.66999816894531,435037.0,4.796999931335449,4.796999931335449,4.796999931335449,0.0
2023-10-10,1875.300048828125,1879.0999755859375,1866.0999755859375,157340.0,21.775999069213867,21.860000610351562,21.71500015258789,12.0,83.27030181884766,83.27030181884766,83.15599822998047,0.0,85.97000122070312,86.73999786376953,85.12000274658203,337654.0,4.65500020980835,4.7129998207092285,4.618000030517578,0.0
2023-10-11,1887.300048828125,1890.9000244140625,1871.699951171875,169964.0,21.957000732421875,21.957000732421875,21.957000732421875,3.0,83.25029754638672,83.32230377197266,83.11000061035156,0.0,83.48999786376953,86.51000213623047,83.11000061035156,425395.0,4.59499979019165,4.624000072479248,4.564000129699707,0.0
2023-10-12,1883.0,1898.300048828125,1880.5999755859375,163475.0,21.79199981689453,22.19499969482422,21.79199981689453,20.0,83.21800231933594,83.29989624023438,83.01920318603516,0.0,82.91000366210938,85.19999694824219,82.30999755859375,373492.0,4.711999893188477,4.728000164031982,4.5320000648498535,0.0
2023-10-13,1941.5,1946.199951171875,1881.5,312994.0,22.726999282836914,22.726999282836914,22.475000381469727,13.0,83.26239776611328,83.29660034179688,83.07890319824219,0.0,87.69000244140625,87.83000183105469,83.3499984741211,356863.0,4.629000186920166,4.650000095367432,4.585999965667725,0.0
2023-10-16,1934.300048828125,1943.0,1921.199951171875,182823.0,22.610000610351562,22.610000610351562,22.604999542236328,2.0,83.28230285644531,83.28250122070312,83.097900390625,0.0,86.66000366210938,88.33000183105469,86.31999969482422,235780.0,4.711999893188477,4.724999904632568,4.665999889373779,0.0
2023-10-17,1935.699951171875,1944.5,1924.5999755859375,165063.0,22.863000869750977,22.863000869750977,22.649999618530273,22.0,83.19950103759766,83.28109741210938,81.51699829101562,0.0,86.66000366210938,87.75,85.5999984741211,197124.0,4.8470001220703125,4.860000133514404,4.761000156402588,0.0
2023-10-18,1968.300048828125,1975.800048828125,1935.9000244140625,270045.0,22.944000244140625,22.944000244140625,22.764999389648438,8.0,83.26429748535156,83.30269622802734,83.19219970703125,0.0,88.31999969482422,89.87999725341797,87.19999694824219,92797.0,4.9039998054504395,4.927999973297119,4.834000110626221,0.0
2023-10-19,1980.5,1990.199951171875,1957.0,264821.0,22.886999130249023,22.886999130249023,22.770000457763672,9.0,83.26860046386719,83.2927017211914,82.71900177001953,0.0,89.37000274658203,90.68000030517578,86.5999984741211,72058.0,4.98799991607666,4.995999813079834,4.894000053405762,0.0
2023-10-20,1994.4000244140625,2009.199951171875,1983.699951171875,289109.0,23.35099983215332,23.6299991607666,23.35099983215332,7.0,83.12229919433594,83.19619750976562,83.01899719238281,0.0,88.75,90.77999877929688,88.33000183105469,311917.0,4.923999786376953,4.993000030517578,4.892000198364258,0.0
2023-10-23,1987.800048828125,1994.300048828125,1971.0,212290.0,23.07200050354004,23.239999771118164,23.07200050354004,5.0,83.15979766845703,83.19039916992188,83.04049682617188,0.0,85.48999786376953,88.29000091552734,85.3499984741211,315517.0,4.8379998207092285,4.997000217437744,4.830999851226807,0.0
2023-10-24,1986.0999755859375,1992.0,1964.5999755859375,200943.0,22.979999542236328,22.979999542236328,22.850000381469727,2.0,83.02940368652344,83.09429931640625,82.9478988647461,0.0,83.73999786376953,86.30000305175781,82.94000244140625,370591.0,4.840000152587891,4.888999938964844,4.827000141143799,0.0
2023-10-25,1994.9000244140625,1998.5999755859375,1973.5999755859375,240655.0,22.87700080871582,22.87700080871582,22.579999923706055,6.0,82.98780059814453,83.18730163574219,81.20500183105469,0.0,85.38999938964844,85.55999755859375,82.08000183105469,429459.0,4.953000068664551,4.959000110626221,4.85099983215332,0.0
2023-10-26,1997.4000244140625,2003.699951171875,1981.5999755859375,214053.0,22.78700065612793,22.989999771118164,22.78700065612793,14.0,83.1709976196289,83.27169799804688,83.14179992675781,0.0,83.20999908447266,85.58999633789062,82.55999755859375,341792.0,4.84499979019165,4.982999801635742,4.8420000076293945,0.0
2023-10-27,1998.5,2019.699951171875,1986.4000244140625,213757.0,22.770000457763672,22.770000457763672,22.770000457763672,68.0,83.28250122070312,83.28939819335938,83.1416015625,0.0,85.54000091552734,85.9000015258789,83.0999984741211,333760.0,4.84499979019165,4.892000198364258,4.8429999351501465,0.0
2023-10-30,2005.5999755859375,2016.800048828125,1999.699951171875,181339.0,23.281999588012695,23.565000534057617,23.094999313354492,208.0,83.41339874267578,83.41339874267578,83.2239990234375,0.0,82.30999755859375,85.30000305175781,81.81999969482422,356928.0,4.875,4.921999931335449,4.867000102996826,0.0
2023-10-31,1994.300048828125,2017.699951171875,1987.4000244140625,214776.0,22.840999603271484,23.30500030517578,22.840999603271484,85.0,83.29650115966797,83.33100128173828,83.2249984741211,0.0,81.0199966430664,83.37000274658203,80.73999786376953,346007.0,4.875,4.880000114440918,4.802999973297119,0.0
2023-11-01,1987.5,2005.9000244140625,1978.199951171875,197629.0,22.684999465942383,23.010000228881836,22.639999389648438,68.0,83.2771987915039,83.34929656982422,83.1978988647461,0.0,80.44000244140625,83.41999816894531,80.30000305175781,321592.0,4.789000034332275,4.9029998779296875,4.7779998779296875,0.0
2023-11-02,1993.5,1999.199951171875,1986.300048828125,158650.0,22.750999450683594,22.750999450683594,22.750999450683594,31.0,85.19400024414062,83.32589721679688,83.17050170898438,0.0,82.45999908447266,82.83000183105469,80.22000122070312,307122.0,4.669000148773193,4.703000068664551,4.625999927520752,0.0
2023-11-03,1999.199951171875,2011.9000244140625,1989.300048828125,222189.0,23.201000213623047,23.201000213623047,23.201000213623047,16.0,83.24729919433594,83.3280029296875,83.14540100097656,0.0,80.51000213623047,83.5999984741211,80.0999984741211,457281.0,4.558000087738037,4.64300012588501,4.484000205993652,0.0
2023-11-06,1988.5999755859375,2000.0999755859375,1984.199951171875,146279.0,23.14900016784668,23.14900016784668,23.14900016784668,5.0,83.15850067138672,83.25969696044922,82.97660064697266,0.0,80.81999969482422,82.23999786376953,80.66000366210938,271131.0,4.6620001792907715,4.668000221252441,4.610000133514404,0.0
2023-11-07,1973.5,1985.199951171875,1962.800048828125,218948.0,22.507999420166016,22.774999618530273,22.5049991607666,42.0,83.2228012084961,83.28089904785156,83.14450073242188,0.0,77.37000274658203,81.05000305175781,77.08999633789062,396289.0,4.571000099182129,4.626999855041504,4.544000148773193,0.0
2023-11-08,1957.800048828125,1977.5,1953.199951171875,189359.0,22.64699935913086,22.739999771118164,22.329999923706055,95.0,83.23269653320312,83.31529998779297,83.1843032836914,0.0,75.33000183105469,77.52999877929688,74.91000366210938,429647.0,4.5229997634887695,4.572999954223633,4.502999782562256,0.0
2023-11-09,1969.800048828125,1971.5,1948.300048828125,214077.0,22.83099937438965,22.924999237060547,22.5049991607666,73.0,83.21769714355469,83.30909729003906,83.21869659423828,0.0,75.73999786376953,77.16000366210938,75.20999908447266,303430.0,4.630000114440918,4.6539998054504395,4.526000022888184,0.0
2023-11-10,1937.699951171875,1965.5999755859375,1936.9000244140625,229637.0,22.21500015258789,22.6200008392334,22.21500015258789,33.0,83.31939697265625,83.52580261230469,83.23169708251953,0.0,77.16999816894531,77.7300033569336,75.30999755859375,266998.0,4.627999782562256,4.638000011444092,4.566999912261963,0.0
2023-11-13,1950.199951171875,1953.5,1935.5999755859375,183702.0,22.298999786376953,22.298999786376953,22.010000228881836,4.0,83.29889678955078,83.39910125732422,83.21820068359375,0.0,78.26000213623047,78.63999938964844,76.20999908447266,262903.0,4.631999969482422,4.696000099182129,4.624000072479248,0.0
2023-11-14,1966.5,1975.300048828125,1938.800048828125,180741.0,23.07900047302246,23.165000915527344,22.260000228881836,282.0,83.19760131835938,83.33300018310547,82.90899658203125,0.0,78.26000213623047,79.7699966430664,77.79000091552734,263002.0,4.440999984741211,4.616000175476074,4.432000160217285,0.0
2023-11-15,1964.300048828125,1979.199951171875,1958.800048828125,142924.0,23.485000610351562,23.485000610351562,23.485000610351562,0.0,82.98159790039062,83.20590209960938,82.9219970703125,0.0,76.66000366210938,78.7699966430664,76.30999755859375,282301.0,4.534999847412109,4.559000015258789,4.445000171661377,0.0
2023-11-16,1987.300048828125,1991.0999755859375,1959.0,186810.0,23.892000198364258,23.895000457763672,23.575000762939453,7.0,83.18620300292969,83.26439666748047,82.99330139160156,0.0,72.9000015258789,76.62999725341797,72.16000366210938,125165.0,4.445000171661377,4.48799991607666,4.432000160217285,0.0
2023-11-17,1984.699951171875,1996.4000244140625,1981.0999755859375,133120.0,23.80900001525879,24.155000686645508,23.80900001525879,37.0,83.12030029296875,83.28369903564453,83.13639831542969,0.0,75.88999938964844,75.98999786376953,72.75,101484.0,4.440999984741211,4.468999862670898,4.4039998054504395,0.0
2023-11-20,1980.300048828125,1987.800048828125,1967.199951171875,177887.0,23.57900047302246,23.57900047302246,23.459999084472656,2.0,83.29149627685547,83.41449737548828,83.20369720458984,0.0,77.5999984741211,78.22000122070312,75.6500015258789,270638.0,4.421999931335449,4.48199987411499,4.409999847412109,0.0
2023-11-21,2001.5999755859375,2009.800048828125,1979.9000244140625,230024.0,23.843000411987305,23.843000411987305,23.764999389648438,11.0,83.32219696044922,83.37079620361328,83.23699951171875,0.0,77.7699966430664,77.91999816894531,76.91999816894531,238629.0,4.418000221252441,4.442999839782715,4.390999794006348,0.0
2023-11-22,1992.800048828125,2008.300048828125,1988.5999755859375,199370.0,23.672000885009766,23.672000885009766,23.672000885009766,37.0,83.345703125,83.34609985351562,83.25959777832031,0.0,77.0999984741211,77.97000122070312,73.79000091552734,389325.0,4.415999889373779,4.447000026702881,4.364999771118164,0.0
2023-11-23,1993.300048828125,1999.5,1990.9000244140625,199370.0,23.672000885009766,23.672000885009766,23.672000885009766,37.0,83.54830169677734,83.35379791259766,83.17829895019531,0.0,77.0999984741211,77.97000122070312,73.79000091552734,389325.0,4.415999889373779,4.447000026702881,4.364999771118164,0.0
2023-11-24,2003.0,2004.5,1990.9000244140625,214880.0,24.32900047302246,24.32900047302246,24.260000228881836,4.0,83.34400177001953,83.4072036743164,83.29650115966797,0.0,75.54000091552734,77.08999633789062,75.06999969482422,281147.0,4.4720001220703125,4.492000102996826,4.4629998207092285,0.0
2023-11-27,2012.4000244140625,2018.9000244140625,2001.4000244140625,251250.0,24.672000885009766,24.850000381469727,24.672000885009766,14.0,83.31449890136719,83.42859649658203,83.30850219726562,0.0,74.86000061035156,76.2300033569336,74.05999755859375,289562.0,4.388999938964844,4.460999965667725,4.388999938964844,0.0
2023-11-28,2040.0,2044.0999755859375,2011.5,174665.0,24.93000030517578,24.93000030517578,24.93000030517578,59633.0,83.364501953125,83.42250061035156,83.30599975585938,0.0,76.41000366210938,77.0199966430664,74.63999938964844,286618.0,4.335999965667725,4.421999931335449,4.331999778747559,0.0
2023-11-29,2047.0999755859375,2052.10009765625,2036.0,15290.0,25.07200050354004,25.30500030517578,24.850000381469727,5716.0,83.41809844970703,83.41809844970703,83.25540161132812,0.0,77.86000061035156,78.08999633789062,75.66999816894531,322170.0,4.270999908447266,4.322999954223633,4.252999782562256,0.0
2023-11-30,2038.0999755859375,2047.0999755859375,2033.0999755859375,151918.0,25.292999267578125,25.325000762939453,24.96500015258789,882.0,83.3302993774414,83.41130065917969,83.18699645996094,0.0,75.95999908447266,79.5999984741211,75.05000305175781,559169.0,4.3520002365112305,4.3520002365112305,4.271999835968018,0.0
2023-12-01,2089.699951171875,2095.699951171875,2052.60009765625,241615.0,25.499000549316406,25.565000534057617,25.155000686645508,491.0,83.35269927978516,83.36129760742188,83.2489013671875,0.0,74.06999969482422,76.76000213623047,73.93000030517578,358976.0,4.22599983215332,4.3480000495910645,4.210999965667725,0.0
2023-12-04,2042.199951171875,2152.300048828125,2038.4000244140625,378224.0,24.55500030517578,25.934999465942383,24.450000762939453,194.0,83.21859741210938,83.4541015625,83.19770050048828,0.0,73.04000091552734,75.02999877929688,72.62999725341797,388832.0,4.288000106811523,4.298999786376953,4.239999771118164,0.0
2023-12-05,2036.300048828125,2059.60009765625,2027.5999755859375,209549.0,24.201000213623047,24.655000686645508,24.0,369.0,83.41709899902344,83.43160247802734,83.32879638671875,0.0,72.31999969482422,74.12000274658203,72.0199966430664,358703.0,4.171000003814697,4.228000164031982,4.164999961853027,0.0
2023-12-06,2047.9000244140625,2053.39990234375,2035.300048828125,154219.0,23.888999938964844,24.354999542236328,23.888999938964844,76.0,83.31590270996094,83.37229919433594,83.28800201416016,0.0,69.37999725341797,72.5999984741211,69.11000061035156,436803.0,4.120999813079834,4.182000160217285,4.107999801635742,0.0
2023-12-07,2046.4000244140625,2057.199951171875,2036.5999755859375,173977.0,23.73200035095215,23.934999465942383,23.73200035095215,107.0,83.28959655761719,83.3917007446289,83.29280090332031,0.0,69.33999633789062,70.4800033569336,68.80000305175781,339000.0,4.129000186920166,4.179999828338623,4.105999946594238,0.0
2023-12-08,2014.5,2050.39990234375,2010.5999755859375,237289.0,22.97100067138672,23.815000534057617,22.969999313354492,164.0,83.35489654541016,83.4540023803711,81.0260009765625,0.0,71.2300033569336,71.62999725341797,69.5,302250.0,4.244999885559082,4.2779998779296875,4.182000160217285,0.0
2023-12-11,1993.699951171875,2023.699951171875,1991.199951171875,160072.0,22.773000717163086,23.049999237060547,22.7549991607666,54.0,83.43009948730469,83.44100189208984,83.3572998046875,0.0,71.31999969482422,71.80999755859375,70.3499984741211,274414.0,4.238999843597412,4.293000221252441,4.229000091552734,0.0
2023-12-12,1993.199951171875,2012.5,1992.300048828125,148532.0,22.72800064086914,22.78499984741211,22.72800064086914,3.0,83.34349822998047,83.42379760742188,83.33940124511719,0.0,68.61000061035156,71.95999908447266,68.22000122070312,324530.0,4.205999851226807,4.250999927520752,4.1529998779296875,0.0
2023-12-13,1997.300048828125,2043.300048828125,1987.9000244140625,192679.0,22.638999938964844,23.665000915527344,22.524999618530273,89.0,83.39600372314453,83.44259643554688,83.3468017578125,0.0,69.47000122070312,69.88999938964844,67.70999908447266,306996.0,4.0329999923706055,4.190999984741211,4.008999824523926,0.0
2023-12-14,2044.9000244140625,2062.89990234375,2039.0999755859375,231095.0,24.09600067138672,24.204999923706055,23.764999389648438,125.0,83.2853012084961,83.36409759521484,83.24440002441406,0.0,71.58000183105469,72.45999908447266,69.54000091552734,275688.0,3.930000066757202,3.98799991607666,3.884999990463257,0.0
2023-12-15,2035.699951171875,2059.60009765625,2029.199951171875,172147.0,23.8700008392334,24.010000228881836,23.8700008392334,4.0,83.29660034179688,83.3302001953125,82.94219970703125,0.0,71.43000030517578,72.22000122070312,70.30000305175781,95513.0,3.927999973297119,3.9709999561309814,3.8940000534057617,0.0
2023-12-18,2040.5,2048.0,2029.5,141406.0,23.83099937438965,23.83099937438965,23.81999969482422,76.0,83.04170227050781,83.15470123291016,82.9188003540039,0.0,72.47000122070312,74.26000213623047,70.63999938964844,73941.0,3.9539999961853027,3.9709999561309814,3.9070000648498535,0.0
2023-12-19,2052.10009765625,2061.0,2034.800048828125,134781.0,24.040000915527344,24.065000534057617,23.959999084472656,32.0,83.11119842529297,83.27420043945312,83.06500244140625,0.0,73.44000244140625,74.01000213623047,71.8499984741211,230042.0,3.921999931335449,3.927999973297119,3.8959999084472656,0.0
2023-12-20,2047.699951171875,2056.89990234375,2040.5999755859375,122567.0,24.347000122070312,24.385000228881836,23.96500015258789,928.0,83.09159851074219,83.22720336914062,83.03309631347656,0.0,74.22000122070312,75.37000274658203,73.5999984741211,273364.0,3.877000093460083,3.921999931335449,3.872999906539917,0.0
2023-12-21,2051.300048828125,2058.0,2043.300048828125,119952.0,24.30699920654297,24.3700008392334,24.30699920654297,89.0,83.26719665527344,83.32969665527344,83.14199829101562,0.0,73.88999938964844,74.58000183105469,72.44000244140625,251982.0,3.8940000534057617,3.9049999713897705,3.8289999961853027,0.0
2023-12-22,2069.10009765625,2083.0,2058.199951171875,170150.0,24.290000915527344,24.575000762939453,24.165000915527344,81.0,83.13159942626953,83.27449798583984,83.04229736328125,0.0,73.55999755859375,74.9800033569336,73.38999938964844,222600.0,3.9010000228881836,3.9189999103546143,3.8489999771118164,0.0
2023-12-25,2069.10009765625,2083.0,2058.199951171875,170150.0,24.290000915527344,24.575000762939453,24.165000915527344,81.0,83.16500091552734,83.17230224609375,83.16500091552734,0.0,73.55999755859375,74.9800033569336,73.38999938964844,222600.0,3.9010000228881836,3.9189999103546143,3.8489999771118164,0.0
2023-12-26,2069.800048828125,2080.5,2065.10009765625,79573.0,24.143999099731445,24.28499984741211,24.09000015258789,227.0,83.17230224609375,83.2146987915039,83.10420227050781,0.0,75.56999969482422,76.18000030517578,73.12999725341797,208715.0,3.885999917984009,3.9079999923706055,3.881999969482422,0.0
2023-12-27,2093.10009765625,2095.800048828125,2072.800048828125,128179.0,24.375,24.375,24.149999618530273,540.0,83.18280029296875,83.34919738769531,83.12120056152344,0.0,74.11000061035156,75.66000366210938,73.7699966430664,253323.0,3.7890000343322754,3.8519999980926514,3.7850000858306885,0.0
2023-12-28,2083.5,2098.199951171875,2074.60009765625,129544.0,24.134000778198242,24.420000076293945,24.0,203.0,83.26719665527344,83.33570098876953,83.1592025756836,0.0,71.7699966430664,74.4000015258789,71.72000122070312,262748.0,3.8499999046325684,3.8610000610351562,3.799999952316284,0.0
2023-12-29,2071.800048828125,2084.10009765625,2067.60009765625,105724.0,23.85300064086914,23.885000228881836,23.55500030517578,20.0,82.302001953125,83.25299835205078,82.70240020751953,0.0,71.6500015258789,72.62000274658203,71.25,214486.0,3.865999937057495,3.8980000019073486,3.8469998836517334,0.0
2024-01-01,2071.800048828125,2084.10009765625,2067.60009765625,105724.0,23.85300064086914,23.885000228881836,23.55500030517578,20.0,83.24859619140625,83.23799896240234,83.1500015258789,0.0,71.6500015258789,72.62000274658203,71.25,214486.0,3.865999937057495,3.8980000019073486,3.8469998836517334,0.0
2024-01-02,2073.39990234375,2088.10009765625,2064.300048828125,157555.0,23.732999801635742,24.06999969482422,23.732999801635742,20.0,83.20259857177734,83.34300231933594,83.1697998046875,0.0,70.37999725341797,73.63999938964844,70.05999755859375,330992.0,3.946000099182129,3.9730000495910645,3.9179999828338623,0.0
2024-01-03,2042.800048828125,2074.300048828125,2038.300048828125,221680.0,22.945999145507812,23.264999389648438,22.93000030517578,458.0,83.25700378417969,83.33370208740234,83.24620056152344,0.0,72.69999694824219,73.2300033569336,69.27999877929688,334861.0,3.9070000648498535,4.007999897003174,3.8940000534057617,0.0
2024-01-04,2050.0,2058.10009765625,2043.300048828125,130263.0,22.98900032043457,23.045000076293945,22.704999923706055,24.0,83.31809997558594,83.36029815673828,83.20210266113281,0.0,72.19000244140625,74.0,71.05999755859375,344467.0,3.990999937057495,4.00600004196167,3.9709999561309814,0.0
2024-01-05,2049.800048828125,2071.10009765625,2030.800048828125,214684.0,23.121999740600586,23.121999740600586,22.864999771118164,5.0,83.2406005859375,83.27159881591797,83.03500366210938,0.0,73.80999755859375,74.23999786376953,72.20999908447266,325525.0,4.041999816894531,4.098999977111816,3.953000068664551,0.0
2024-01-08,2033.5,2053.300048828125,2022.699951171875,220988.0,23.1200008392334,23.1200008392334,22.834999084472656,53.0,83.19110107421875,83.189697265625,83.0282974243164,0.0,70.7699966430664,73.94999694824219,70.12999725341797,392249.0,4.001999855041504,4.063000202178955,3.9660000801086426,0.0
2024-01-09,2033.0,2048.60009765625,2031.9000244140625,218745.0,22.90399932861328,23.139999389648438,22.90399932861328,19.0,83.05069732666016,83.1343994140625,83.02069854736328,0.0,72.23999786376953,72.93000030517578,70.47000122070312,363445.0,4.019000053405762,4.052999973297119,3.996000051498413,0.0
2024-01-10,2027.800048828125,2046.199951171875,2025.9000244140625,205007.0,22.884000778198242,23.0,22.799999237060547,10.0,83.131103515625,83.18219757080078,82.95480346679688,0.0,71.37000274658203,73.58999633789062,71.01000213623047,352772.0,4.03000020980835,4.038000106811523,3.984999895095825,0.0
2024-01-11,2019.199951171875,2056.10009765625,2017.300048828125,301337.0,22.53700065612793,23.084999084472656,22.53499984741211,109.0,83.02559661865234,83.11000061035156,82.93329620361328,0.0,72.0199966430664,73.80999755859375,71.16999816894531,373645.0,3.9769999980926514,4.067999839782715,3.9730000495910645,0.0
2024-01-12,2051.60009765625,2067.300048828125,2033.0999755859375,272352.0,23.16200065612793,23.3799991607666,22.825000762939453,44.0,83.07610321044922,83.09400177001953,82.77909851074219,0.0,72.68000030517578,75.25,72.36000061035156,403636.0,3.950000047683716,4.006999969482422,3.9159998893737793,0.0
2024-01-15,2051.60009765625,2067.300048828125,2033.0999755859375,272352.0,23.16200065612793,23.3799991607666,22.825000762939453,44.0,82.87210083007812,82.8949966430664,82.80999755859375,0.0,72.68000030517578,75.25,72.36000061035156,403636.0,3.950000047683716,4.006999969482422,3.9159998893737793,0.0
2024-01-16,2030.199951171875,2062.800048828125,2027.5999755859375,285254.0,22.933000564575195,22.933000564575195,22.933000564575195,0.0,82.8593978881836,83.1404037475586,82.82730102539062,0.0,72.4000015258789,73.55999755859375,71.2300033569336,430437.0,4.065999984741211,4.083000183105469,3.990000009536743,0.0
2024-01-17,2006.5,2036.0999755859375,2004.5999755859375,254292.0,22.516000747680664,22.90999984741211,22.510000228881836,17.0,83.08899688720703,83.21399688720703,83.01750183105469,0.0,72.55999755859375,72.94999694824219,70.5,315679.0,4.105999946594238,4.129000186920166,4.074999809265137,0.0
2024-01-18,2021.5999755859375,2025.5999755859375,2007.699951171875,171928.0,22.66699981689453,22.66699981689453,22.59000015258789,5.0,83.17759704589844,83.1886978149414,83.0552978515625,0.0,74.08000183105469,74.37999725341797,72.18000030517578,86646.0,4.144000053405762,4.1539998054504395,4.090000152587891,0.0
2024-01-19,2029.300048828125,2041.9000244140625,2022.199951171875,172805.0,22.570999145507812,22.570999145507812,22.514999389648438,2.0,83.16059875488281,83.23079681396484,83.04199981689453,0.0,73.41000366210938,74.91000366210938,73.19999694824219,78234.0,4.145999908447266,4.197999954223633,4.131999969482422,0.0
2024-01-22,2022.199951171875,2034.0999755859375,2017.4000244140625,152756.0,22.163000106811523,22.163000106811523,21.924999237060547,28.0,83.12470245361328,83.18049621582031,83.0248031616211,0.0,75.19000244140625,75.75,72.88999938964844,372284.0,4.093999862670898,4.111000061035156,4.074999809265137,0.0
2024-01-23,2025.800048828125,2039.300048828125,2020.800048828125,156699.0,22.333999633789062,22.333999633789062,22.333999633789062,0.0,83.09510040283203,83.18099975585938,81.51370239257812,0.0,74.37000274658203,75.25,73.41000366210938,306060.0,4.142000198364258,4.15500020980835,4.120999813079834,0.0
2024-01-24,2016.0,2037.9000244140625,2011.699951171875,234459.0,22.7549991607666,22.90999984741211,22.7549991607666,46.0,83.22139739990234,83.22250366210938,83.07099914550781,0.0,75.08999633789062,75.83000183105469,73.94000244140625,323726.0,4.177999973297119,4.188000202178955,4.085999965667725,0.0
2024-01-25,2017.800048828125,2025.5999755859375,2004.0,196670.0,22.808000564575195,22.8700008392334,22.808000564575195,48.0,83.09760284423828,83.15039825439453,83.0780029296875,0.0,77.36000061035156,77.51000213623047,75.16000366210938,320177.0,4.131999969482422,4.185999870300293,4.122000217437744,0.0
2024-01-26,2017.300048828125,2028.0999755859375,2015.5999755859375,119588.0,22.7549991607666,22.84000015258789,22.7549991607666,111.0,83.14610290527344,83.18589782714844,83.0740966796875,0.0,78.01000213623047,78.26000213623047,76.05999755859375,365456.0,4.159999847412109,4.165999889373779,4.10699987411499,0.0
2024-01-29,2025.4000244140625,2037.199951171875,2018.800048828125,150708.0,23.13800048828125,23.204999923706055,23.094999313354492,333.0,83.12129974365234,83.1613998413086,83.12210083007812,0.0,76.77999877929688,79.29000091552734,76.41000366210938,331925.0,4.091000080108643,4.122000217437744,4.089000225067139,0.0
2024-01-30,2031.5,2048.5,2028.0999755859375,26907.0,23.10700035095215,23.274999618530273,23.065000534057617,78.0,83.1530990600586,83.21260070800781,83.09100341796875,0.0,77.81999969482422,78.13999938964844,75.8499984741211,347242.0,4.059000015258789,4.103000164031982,4.040999889373779,0.0
2024-01-31,2048.39990234375,2055.0,2030.0,238373.0,23.051000595092773,23.051000595092773,23.051000595092773,0.0,83.10970306396484,83.12560272216797,83.0009994506836,0.0,75.8499984741211,78.11000061035156,75.5199966430664,344493.0,3.9670000076293945,4.03000020980835,3.944000005722046,0.0
2024-02-01,2071.10009765625,2083.199951171875,2046.4000244140625,260921.0,23.1299991607666,23.1299991607666,22.549999237060547,12.0,83.05359649658203,83.0791015625,82.91190338134766,0.0,73.81999969482422,76.94999694824219,73.69999694824219,577936.0,3.86299991607666,3.927000045776367,3.816999912261963,0.0
2024-02-02,2053.699951171875,2074.699951171875,2044.199951171875,219800.0,22.701000213623047,23.155000686645508,22.55500030517578,20.0,82.92759704589844,83.03309631347656,82.81500244140625,0.0,72.27999877929688,74.5199966430664,71.79000091552734,467768.0,4.0329999923706055,4.053999900817871,3.88700008392334,0.0
2024-02-05,2042.9000244140625,2059.10009765625,2030.800048828125,170431.0,22.334999084472656,22.489999771118164,22.28499984741211,36.0,82.99929809570312,83.09100341796875,82.95469665527344,0.0,72.77999877929688,73.27999877929688,71.41000366210938,350843.0,4.164000034332275,4.177000045776367,4.110000133514404,0.0
2024-02-06,2051.39990234375,2055.300048828125,2038.800048828125,126384.0,22.39299964904785,22.454999923706055,22.334999084472656,405.0,83.10369873046875,83.06999969482422,82.9822998046875,0.0,73.30999755859375,73.81999969482422,72.37999725341797,310955.0,4.090000152587891,4.1620001792907715,4.078999996185303,0.0
2024-02-07,2051.699951171875,2061.300048828125,2046.4000244140625,125631.0,22.277999877929688,22.405000686645508,22.277999877929688,69.0,83.07060241699219,83.07769775390625,82.93599700927734,0.0,73.86000061035156,74.22000122070312,73.2300033569336,294955.0,4.110000133514404,4.125,4.065000057220459,0.0
2024-02-08,2047.9000244140625,2053.800048828125,2034.5999755859375,137076.0,22.565000534057617,22.565000534057617,22.299999237060547,154.0,83.01260375976562,83.0103988647461,82.89800262451172,0.0,76.22000122070312,76.58999633789062,73.55999755859375,377906.0,4.170000076293945,4.172999858856201,4.13100004196167,0.0
2024-02-09,2038.699951171875,2051.89990234375,2034.300048828125,116031.0,22.527999877929688,22.565000534057617,22.405000686645508,7.0,82.98529815673828,83.04759979248047,82.9209976196289,0.0,76.83999633789062,77.29000091552734,75.93000030517578,302612.0,4.186999797821045,4.192999839782715,4.126999855041504,0.0
2024-02-12,2033.0,2041.800048828125,2025.4000244140625,116025.0,22.708999633789062,22.725000381469727,22.649999618530273,8.0,83.0145034790039,83.1239013671875,82.88099670410156,0.0,76.91999816894531,77.08999633789062,75.54000091552734,248476.0,4.171999931335449,4.197000026702881,4.150000095367432,0.0
2024-02-13,2007.199951171875,2047.300048828125,2002.800048828125,217571.0,22.09600067138672,22.09600067138672,22.09600067138672,0.0,82.99019622802734,83.11139678955078,82.96170043945312,0.0,77.87000274658203,78.47000122070312,76.87000274658203,338174.0,4.315999984741211,4.315999984741211,4.150000095367432,0.0
2024-02-14,2004.300048828125,2008.800048828125,1996.4000244140625,193607.0,22.33099937438965,22.33099937438965,22.0049991607666,8.0,83.07460021972656,83.11599731445312,83.01300048828125,0.0,76.63999938964844,78.7699966430664,76.37999725341797,296131.0,4.267000198364258,4.322000026702881,4.245999813079834,0.0
2024-02-15,2014.9000244140625,2020.199951171875,2001.800048828125,204249.0,22.91200065612793,22.920000076293945,22.610000610351562,6.0,83.04309844970703,83.05069732666016,82.96279907226562,0.0,78.02999877929688,78.44000244140625,75.77999877929688,122432.0,4.239999771118164,4.255000114440918,4.190999984741211,0.0
2024-02-16,2024.0999755859375,2027.199951171875,2006.5999755859375,162356.0,23.43899917602539,23.43899917602539,23.43899917602539,0.0,83.00959777832031,83.05229949951172,82.9728012084961,0.0,79.19000244140625,79.3499984741211,77.22000122070312,113713.0,4.295000076293945,4.328000068664551,4.2769999504089355,0.0
2024-02-19,2024.0999755859375,2027.199951171875,2006.5999755859375,162356.0,23.43899917602539,23.43899917602539,23.43899917602539,0.0,83.01599884033203,83.05159759521484,82.91210174560547,0.0,79.19000244140625,79.3499984741211,77.22000122070312,113713.0,4.295000076293945,4.328000068664551,4.2769999504089355,0.0
2024-02-20,2039.800048828125,2042.699951171875,2023.9000244140625,202432.0,23.106000900268555,23.149999618530273,23.106000900268555,6.0,83.02100372314453,83.03410339355469,82.8917007446289,0.0,78.18000030517578,79.80000305175781,77.66999816894531,435235.0,4.275000095367432,4.289000034332275,4.24399995803833,0.0
2024-02-21,2034.300048828125,2043.5,2030.9000244140625,120599.0,22.85099983215332,23.19499969482422,22.85099983215332,8.0,82.8291015625,82.964599609375,82.81300354003906,0.0,77.91000366210938,78.08000183105469,76.31999969482422,323243.0,4.324999809265137,4.330999851226807,4.257999897003174,0.0
2024-02-22,2030.699951171875,2045.5,2029.300048828125,147947.0,22.764999389648438,22.764999389648438,22.764999389648438,0.0,82.93840026855469,82.98680114746094,82.81700134277344,0.0,78.61000061035156,78.91999816894531,77.2300033569336,330511.0,4.327000141143799,4.354000091552734,4.296999931335449,0.0
2024-02-23,2049.39990234375,2053.199951171875,2025.4000244140625,212029.0,22.9689998626709,22.9689998626709,22.9689998626709,39.0,82.87229919433594,82.9457015991211,82.83499908447266,0.0,76.48999786376953,78.38999938964844,76.3499984741211,353437.0,4.260000228881836,4.328999996185303,4.245999813079834,0.0
2024-02-26,2038.9000244140625,2046.800048828125,2034.0999755859375,129021.0,22.517000198364258,22.594999313354492,22.517000198364258,10.0,82.88179779052734,82.94920349121094,82.84459686279297,0.0,77.58000183105469,78.02999877929688,75.83999633789062,274710.0,4.298999786376953,4.309000015258789,4.23799991607666,0.0
2024-02-27,2044.0999755859375,2049.10009765625,2038.0999755859375,148780.0,22.523000717163086,22.523000717163086,22.523000717163086,38667.0,82.85199737548828,82.91690063476562,82.82599639892578,0.0,78.87000274658203,79.0,77.16999816894531,269236.0,4.315000057220459,4.321000099182129,4.263999938964844,0.0
2024-02-28,2042.699951171875,2047.4000244140625,2033.4000244140625,137077.0,22.40999984741211,22.5,22.2450008392334,5854.0,82.94819641113281,83.00409698486328,82.86990356445312,0.0,78.54000091552734,79.62000274658203,77.77999877929688,330043.0,4.27400016784668,4.309000015258789,4.271999835968018,0.0
2024-02-29,2054.699951171875,2059.39990234375,2036.0,227074.0,22.666000366210938,22.774999618530273,22.295000076293945,517.0,82.91190338134766,83.02200317382812,82.83999633789062,0.0,78.26000213623047,79.27999877929688,77.94000244140625,317939.0,4.251999855041504,4.315000057220459,4.224999904632568,0.0
2024-03-01,2095.699951171875,2097.10009765625,2047.0,330592.0,23.149999618530273,23.25,22.56999969482422,964.0,82.910400390625,82.92859649658203,82.84600067138672,0.0,79.97000122070312,80.8499984741211,78.05000305175781,363417.0,4.179999828338623,4.296000003814697,4.177999973297119,0.0
2024-03-04,2126.300048828125,2128.39990234375,2088.10009765625,328253.0,23.77899932861328,23.93000030517578,23.06999969482422,996.0,82.84609985351562,82.9979019165039,82.81620025634766,0.0,78.73999786376953,80.41000366210938,78.55999755859375,347214.0,4.218999862670898,4.235000133514404,4.204999923706055,0.0
2024-03-05,2141.89990234375,2150.5,2118.5,283148.0,23.76300048828125,24.200000762939453,23.665000915527344,559.0,82.9104995727539,82.9926986694336,82.6980972290039,0.0,78.1500015258789,79.48999786376953,77.5199966430664,436521.0,4.13700008392334,4.165999889373779,4.113999843597412,0.0
2024-03-06,2158.199951171875,2160.699951171875,2131.89990234375,319763.0,24.27199935913086,24.27199935913086,23.594999313354492,129.0,82.88480377197266,82.91069793701172,82.79900360107422,0.0,79.12999725341797,80.66999816894531,77.98999786376953,371049.0,4.104000091552734,4.146999835968018,4.078999996185303,0.0
2024-03-07,2165.199951171875,2172.199951171875,2151.699951171875,267795.0,24.3700008392334,24.514999389648438,24.139999389648438,187.0,82.81909942626953,82.85810089111328,82.65899658203125,0.0,78.93000030517578,79.52999877929688,78.0199966430664,432923.0,4.0920000076293945,4.123000144958496,4.053999900817871,0.0
2024-03-08,2185.5,2203.0,2161.199951171875,389682.0,24.339000701904297,24.5049991607666,24.299999237060547,115.0,82.7522964477539,82.7916030883789,82.66600036621094,0.0,78.01000213623047,79.98999786376953,77.55999755859375,347533.0,4.089000225067139,4.129000186920166,4.038000106811523,0.0
2024-03-11,2188.60009765625,2195.5,2180.89990234375,242418.0,24.511999130249023,24.511999130249023,24.3700008392334,172.0,82.7520980834961,82.77100372314453,82.66000366210938,0.0,77.93000030517578,78.47000122070312,76.79000091552734,329873.0,4.104000091552734,4.116000175476074,4.074999809265137,0.0
2024-03-12,2166.10009765625,2190.800048828125,2156.199951171875,316254.0,24.194000244140625,24.5049991607666,24.194000244140625,42.0,82.7782974243164,82.84829711914062,82.7301025390625,0.0,77.55999755859375,78.7300033569336,77.33999633789062,309922.0,4.15500020980835,4.171999931335449,4.083000183105469,0.0
2024-03-13,2180.800048828125,2185.60009765625,2161.300048828125,232273.0,24.958999633789062,24.958999633789062,24.21500015258789,37.0,82.83509826660156,82.91310119628906,82.7583999633789,0.0,79.72000122070312,79.9000015258789,77.56999969482422,316390.0,4.191999912261963,4.196000099182129,4.170000076293945,0.0
2024-03-14,2167.5,2181.300048828125,2157.0,207225.0,24.874000549316406,24.979999542236328,24.874000549316406,20.0,82.83110046386719,82.95030212402344,82.80699920654297,0.0,81.26000213623047,81.62000274658203,79.56999969482422,297450.0,4.297999858856201,4.300000190734863,4.191999912261963,0.0
2024-03-15,2161.5,2176.89990234375,2158.699951171875,187847.0,25.200000762939453,25.420000076293945,24.825000762939453,48.0,82.9655990600586,82.97540283203125,82.83399963378906,0.0,81.04000091552734,81.44999694824219,80.48999786376953,185078.0,4.303999900817871,4.320000171661377,4.281000137329102,0.0
2024-03-18,2164.300048828125,2167.199951171875,2149.199951171875,211858.0,25.090999603271484,25.2450008392334,25.090999603271484,26.0,82.88890075683594,82.9281005859375,82.83300018310547,0.0,82.72000122070312,83.08999633789062,81.01000213623047,84718.0,4.340000152587891,4.3480000495910645,4.303999900817871,0.0
2024-03-19,2159.699951171875,2166.300048828125,2150.199951171875,178162.0,24.964000701904297,25.170000076293945,24.94499969482422,20.0,82.86360168457031,83.04570007324219,82.86399841308594,0.0,83.47000122070312,83.8499984741211,82.38999938964844,76814.0,4.296999931335449,4.335999965667725,4.289000034332275,0.0
2024-03-20,2161.0,2192.199951171875,2152.300048828125,233572.0,24.933000564575195,24.933000564575195,24.933000564575195,75.0,83.04239654541016,83.220703125,82.96099853515625,0.0,81.68000030517578,83.20999908447266,81.44000244140625,351161.0,4.2729997634887695,4.323999881744385,4.238999843597412,0.0
2024-03-21,2184.699951171875,2225.300048828125,2168.199951171875,391750.0,24.849000930786133,25.735000610351562,24.849000930786133,69.0,83.05460357666016,83.22160339355469,82.8936996459961,0.0,81.06999969482422,81.91999816894531,80.30000305175781,266860.0,4.270999908447266,4.293000221252441,4.228000164031982,0.0
2024-03-22,2160.0,2188.0,2158.39990234375,205808.0,24.691999435424805,24.75,24.65999984741211,20.0,83.22660064697266,83.7156982421875,83.18190002441406,0.0,80.62999725341797,81.44999694824219,80.41999816894531,231101.0,4.2179999351501465,4.22599983215332,4.199999809265137,0.0
2024-03-25,2176.39990234375,2182.5,2164.39990234375,211610.0,24.7450008392334,24.844999313354492,24.719999313354492,69.0,83.59359741210938,83.60070037841797,83.35230255126953,0.0,81.94999694824219,82.4800033569336,80.58999633789062,300360.0,4.252999782562256,4.261000156402588,4.2220001220703125,0.0
2024-03-26,2177.199951171875,2200.60009765625,2168.300048828125,202373.0,24.482999801635742,24.649999618530273,24.482999801635742,663.0,83.41739654541016,83.49629974365234,83.26750183105469,0.0,81.62000274658203,82.36000061035156,81.22000122070312,235845.0,4.234000205993652,4.2729997634887695,4.23199987411499,0.0
2024-03-27,2190.60009765625,2196.199951171875,2172.10009765625,31200.0,24.625,24.625,24.424999237060547,215.0,83.34549713134766,83.43589782714844,83.28970336914062,0.0,81.3499984741211,81.73999786376953,80.55000305175781,249964.0,4.196000099182129,4.228000164031982,4.183000087738037,0.0
2024-03-28,2217.39990234375,2234.10009765625,2187.10009765625,250248.0,24.797000885009766,24.90999984741211,24.684999465942383,20.0,83.36499786376953,83.41529846191406,83.30979919433594,0.0,83.16999816894531,83.20999908447266,81.5199966430664,293774.0,4.205999851226807,4.234000205993652,4.183000087738037,0.0
2024-03-29,2217.39990234375,2234.10009765625,2187.10009765625,250248.0,24.797000885009766,24.90999984741211,24.684999465942383,20.0,83.39299774169922,83.39959716796875,83.23259735107422,0.0,83.16999816894531,83.20999908447266,81.5199966430664,293774.0,4.205999851226807,4.234000205993652,4.183000087738037,0.0
2024-04-01,2257.10009765625,2286.39990234375,2249.10009765625,220767.0,24.95400047302246,25.344999313354492,24.809999465942383,44.0,83.36479949951172,83.41680145263672,83.23899841308594,0.0,83.70999908447266,84.48999786376953,82.5999984741211,321059.0,4.328999996185303,4.336999893188477,4.234000205993652,0.0
2024-04-02,2281.800048828125,2301.89990234375,2267.10009765625,277228.0,25.804000854492188,25.854999542236328,25.270000457763672,59.0,83.40969848632812,83.47440338134766,83.33399963378906,0.0,85.1500015258789,85.5,83.8499984741211,344040.0,4.364999771118164,4.40500020980835,4.355000019073486,0.0
2024-04-03,2315.0,2321.800048828125,2285.699951171875,254574.0,26.94499969482422,27.065000534057617,26.209999084472656,104.0,83.35030364990234,83.5802993774414,83.33200073242188,0.0,85.43000030517578,86.19999694824219,84.8499984741211,322549.0,4.355000019073486,4.428999900817871,4.3470001220703125,0.0
2024-04-04,2308.5,2325.300048828125,2298.699951171875,236227.0,27.139999389648438,27.270000457763672,26.790000915527344,23.0,83.37329864501953,83.51349639892578,83.36000061035156,0.0,86.58999633789062,87.22000122070312,84.63999938964844,359534.0,4.309000015258789,4.38100004196167,4.307000160217285,0.0
2024-04-05,2345.39990234375,2350.0,2286.199951171875,293212.0,27.399999618530273,27.40999984741211,26.489999771118164,39.0,83.47779846191406,83.4813003540039,83.2490005493164,0.0,86.91000366210938,87.62999725341797,86.31999969482422,353206.0,4.377999782562256,4.4039998054504395,4.317999839782715,0.0
2024-04-08,2351.0,2372.5,2321.699951171875,285570.0,27.711999893188477,27.93000030517578,27.711999893188477,6.0,83.29679870605469,83.33609771728516,83.23269653320312,0.0,86.43000030517578,87.0999984741211,84.69000244140625,393734.0,4.423999786376953,4.461999893188477,4.406000137329102,0.0
2024-04-09,2362.39990234375,2384.5,2355.699951171875,279608.0,27.891000747680664,28.1200008392334,27.891000747680664,66.0,83.26959991455078,83.33740234375,83.17330169677734,0.0,85.2300033569336,86.9800033569336,85.08999633789062,314994.0,4.366000175476074,4.395999908447266,4.357999801635742,0.0
2024-04-10,2348.39990234375,2378.10009765625,2337.10009765625,353847.0,27.961000442504883,27.985000610351562,27.764999389648438,5.0,83.22429656982422,83.40139770507812,83.15499877929688,0.0,86.20999908447266,86.37999725341797,84.55000305175781,373939.0,4.559999942779541,4.567999839782715,4.343999862670898,0.0
2024-04-11,2372.699951171875,2395.60009765625,2343.10009765625,260415.0,28.176000595092773,28.514999389648438,28.0,536.0,83.4126968383789,83.47309875488281,83.30239868164062,0.0,85.0199966430664,86.62999725341797,84.83999633789062,388128.0,4.576000213623047,4.591000080108643,4.514999866485596,0.0
2024-04-12,2374.10009765625,2448.800048828125,2350.60009765625,479894.0,28.2549991607666,29.80500030517578,28.2549991607666,354.0,83.34929656982422,83.61589813232422,83.25420379638672,0.0,85.66000366210938,87.66999816894531,85.23999786376953,369958.0,4.499000072479248,4.5320000648498535,4.482999801635742,0.0
2024-04-15,2383.0,2404.300048828125,2340.199951171875,343730.0,28.650999069213867,28.650999069213867,27.770000457763672,61.0,83.61109924316406,83.61150360107422,83.41739654541016,0.0,85.41000366210938,86.11000061035156,84.05000305175781,343894.0,4.627999782562256,4.663000106811523,4.583000183105469,0.0
2024-04-16,2407.800048828125,2414.800048828125,2379.199951171875,297592.0,28.31800079345703,28.354999542236328,28.235000610351562,76.0,83.50599670410156,83.6968002319336,83.21189880371094,0.0,85.36000061035156,86.18000030517578,84.75,241343.0,4.658999919891357,4.696000099182129,4.625999927520752,0.0
2024-04-17,2388.39990234375,2412.0,2370.699951171875,284352.0,28.34600067138672,28.510000228881836,28.309999465942383,9.0,83.6675033569336,83.73500061035156,83.57740020751953,0.0,82.69000244140625,85.51000213623047,82.55000305175781,259540.0,4.585000038146973,4.660999774932861,4.574999809265137,0.0
2024-04-18,2398.0,2408.0,2377.199951171875,200546.0,28.32900047302246,28.32900047302246,28.32900047302246,0.0,83.5958023071289,83.61419677734375,83.48480224609375,0.0,82.7300033569336,83.47000122070312,81.55999755859375,84468.0,4.646999835968018,4.6529998779296875,4.5920000076293945,0.0
2024-04-19,2413.800048828125,2433.300048828125,2386.800048828125,275405.0,28.808000564575195,28.808000564575195,28.21500015258789,15.0,83.54499816894531,83.7396011352539,83.36499786376953,0.0,83.13999938964844,86.27999877929688,81.80000305175781,76901.0,4.614999771118164,4.63100004196167,4.581999778747559,0.0
2024-04-22,2346.39990234375,2404.300048828125,2338.199951171875,262673.0,27.21299934387207,27.21299934387207,27.21299934387207,0.0,83.38529968261719,83.44629669189453,83.32160186767578,0.0,82.8499984741211,83.3499984741211,81.8499984741211,313914.0,4.623000144958496,4.6519999504089355,4.611000061035156,0.0
2024-04-23,2342.10009765625,2347.89990234375,2304.60009765625,270225.0,27.33099937438965,27.40999984741211,27.135000228881836,15.0,83.38619995117188,83.38999938964844,83.22810363769531,0.0,83.36000061035156,83.43000030517578,80.87999725341797,355814.0,4.5980000495910645,4.650000095367432,4.567999839782715,0.0
2024-04-24,2338.39990234375,2350.89990234375,2324.800048828125,187699.0,27.323999404907227,27.323999404907227,27.1299991607666,4.0,83.2833023071289,83.34960174560547,83.25910186767578,0.0,82.80999755859375,83.70999908447266,82.44000244140625,329077.0,4.6519999504089355,4.671000003814697,4.626999855041504,0.0
2024-04-25,2342.5,2357.60009765625,2316.39990234375,224471.0,27.341999053955078,27.341999053955078,27.341999053955078,29.0,83.3405990600586,83.39600372314453,83.268798828125,0.0,83.56999969482422,83.83000183105469,81.98999786376953,314116.0,4.705999851226807,4.736999988555908,4.625,0.0
2024-04-26,2347.199951171875,2364.39990234375,2338.0,171011.0,27.240999221801758,27.240999221801758,27.240999221801758,68254.0,83.30180358886719,83.41529846191406,83.26499938964844,0.0,83.8499984741211,84.45999908447266,83.3499984741211,244090.0,4.669000148773193,4.690000057220459,4.644000053405762,0.0
2024-04-29,2357.699951171875,2358.89990234375,2331.0,187309.0,27.37299919128418,27.440000534057617,26.959999084472656,11787.0,83.40229797363281,83.57350158691406,83.29830169677734,0.0,82.62999725341797,83.91000366210938,82.4000015258789,336984.0,4.613999843597412,4.64900016784668,4.611999988555908,0.0
2024-04-30,2302.89990234375,2347.60009765625,2296.199951171875,229064.0,26.391000747680664,27.165000915527344,26.299999237060547,1881.0,83.45110321044922,83.51969909667969,83.39800262451172,0.0,81.93000030517578,83.30000305175781,80.94999694824219,400680.0,4.685999870300293,4.685999870300293,4.616000175476074,0.0
2024-05-01,2311.0,2339.5,2291.699951171875,227384.0,26.48900032043457,26.94499969482422,26.28499984741211,387.0,83.49839782714844,83.57140350341797,83.26010131835938,0.0,79.0,81.56999969482422,78.83000183105469,441978.0,4.59499979019165,4.676000118255615,4.580999851226807,0.0
2024-05-02,2309.60009765625,2336.10009765625,2294.300048828125,193658.0,26.58300018310547,26.795000076293945,26.03499984741211,277.0,83.40640258789062,83.4885025024414,83.40640258789062,0.0,78.94999694824219,79.9000015258789,78.41000366210938,359652.0,4.571000099182129,4.651000022888184,4.566999912261963,0.0
2024-05-03,2308.60009765625,2330.699951171875,2285.199951171875,231400.0,26.44499969482422,26.78499984741211,26.15999984741211,194.0,83.40630340576172,83.46939849853516,83.30359649658203,0.0,78.11000061035156,79.62999725341797,77.95999908447266,324438.0,4.5,4.571000099182129,4.453000068664551,0.0
2024-05-06,2331.199951171875,2341.89990234375,2300.60009765625,191895.0,27.368999481201172,27.389999389648438,26.950000762939453,48.0,83.37999725341797,83.59940338134766,83.29910278320312,0.0,78.4800033569336,79.08999633789062,77.91000366210938,297369.0,4.488999843597412,4.513999938964844,4.4710001945495605,0.0
2024-05-07,2324.199951171875,2338.699951171875,2318.199951171875,204623.0,27.30299949645996,27.44499969482422,27.280000686645508,74.0,83.4728012084961,83.51499938964844,83.42900085449219,0.0,78.37999725341797,79.16999816894531,77.55000305175781,327593.0,4.4629998207092285,4.4730000495910645,4.422999858856201,0.0
2024-05-08,2322.300048828125,2329.60009765625,2311.39990234375,214693.0,27.361000061035156,27.420000076293945,27.264999389648438,123.0,83.46990203857422,83.53589630126953,83.45500183105469,0.0,78.98999786376953,79.2699966430664,76.88999938964844,355449.0,4.492000102996826,4.498000144958496,4.474999904632568,0.0
2024-05-09,2340.300048828125,2354.199951171875,2312.89990234375,249092.0,28.131999969482422,28.200000762939453,27.600000381469727,333.0,83.46430206298828,83.51110076904297,83.43800354003906,0.0,79.26000213623047,79.80000305175781,78.91000366210938,272712.0,4.448999881744385,4.515999794006348,4.447000026702881,0.0
2024-05-10,2375.0,2385.300048828125,2352.0,275241.0,28.274999618530273,28.594999313354492,28.229999542236328,75.0,83.45939636230469,83.57389831542969,83.4489974975586,0.0,78.26000213623047,79.95999908447266,78.13999938964844,281169.0,4.504000186920166,4.507999897003174,4.4710001945495605,0.0
2024-05-13,2343.0,2370.800048828125,2337.60009765625,243075.0,28.22100067138672,28.344999313354492,28.03499984741211,253.0,83.5248031616211,83.60880279541016,83.48200225830078,0.0,79.12000274658203,79.48999786376953,77.77999877929688,287701.0,4.480999946594238,4.488999843597412,4.459000110626221,0.0
2024-05-14,2359.89990234375,2365.199951171875,2340.5,192076.0,28.485000610351562,28.610000610351562,28.110000610351562,212.0,83.50550079345703,83.53150177001953,83.48100280761719,0.0,78.0199966430664,79.37999725341797,77.68000030517578,307410.0,4.445000171661377,4.5320000648498535,4.442999839782715,0.0
2024-05-15,2394.89990234375,2396.10009765625,2357.10009765625,249843.0,29.513999938964844,29.513999938964844,28.610000610351562,31.0,83.52420043945312,83.59290313720703,83.42500305175781,0.0,78.62999725341797,78.91999816894531,76.69999694824219,321267.0,4.355999946594238,4.418000221252441,4.340000152587891,0.0
2024-05-16,2385.5,2402.699951171875,2375.199951171875,191026.0,29.665000915527344,29.8799991607666,29.5,29.0,83.40509796142578,83.50589752197266,83.36499786376953,0.0,79.2300033569336,79.8499984741211,78.19999694824219,230277.0,4.376999855041504,4.379000186920166,4.318999767303467,0.0
2024-05-17,2417.39990234375,2427.39990234375,2377.800048828125,218553.0,31.047000885009766,31.604999542236328,29.760000228881836,118.0,83.47010040283203,83.50650024414062,83.28410339355469,0.0,80.05999755859375,80.13999938964844,79.0,94152.0,4.420000076293945,4.426000118255615,4.390999794006348,0.0
2024-05-20,2438.5,2454.199951171875,2411.10009765625,281430.0,32.20500183105469,32.20500183105469,30.9950008392334,83.0,83.30039978027344,83.31659698486328,83.23049926757812,0.0,79.80000305175781,80.5999984741211,79.16999816894531,85072.0,4.436999797821045,4.454999923706055,4.420000076293945,0.0
2024-05-21,2425.89990234375,2438.199951171875,2408.5,229421.0,31.868000030517578,32.5,31.405000686645508,55.0,83.31500244140625,83.35890197753906,83.23590087890625,0.0,79.26000213623047,79.72000122070312,78.08000183105469,371672.0,4.414000034332275,4.435999870300293,4.3979997634887695,0.0
2024-05-22,2392.89990234375,2430.5,2378.0,253852.0,31.295000076293945,32.029998779296875,31.15999984741211,31.0,83.31680297851562,83.37950134277344,83.21399688720703,0.0,77.56999969482422,78.41000366210938,77.25,314145.0,4.434000015258789,4.460999965667725,4.4120001792907715,0.0
2024-05-23,2337.199951171875,2385.699951171875,2328.10009765625,273658.0,30.284000396728516,30.709999084472656,30.1299991607666,104.0,83.26709747314453,83.30940246582031,83.19200134277344,0.0,76.87000274658203,78.66000366210938,76.43000030517578,330273.0,4.474999904632568,4.495999813079834,4.4079999923706055,0.0
2024-05-24,2334.5,2349.0,2326.300048828125,178343.0,30.329999923706055,30.3700008392334,30.329999923706055,10.0,83.2863998413086,83.3738021850586,83.03140258789062,0.0,77.72000122070312,78.05000305175781,76.1500015258789,299075.0,4.4670000076293945,4.501999855041504,4.459000110626221,0.0
2024-05-27,2334.5,2349.0,2326.300048828125,178343.0,30.329999923706055,30.3700008392334,30.329999923706055,10.0,83.05220031738281,83.19339752197266,83.03720092773438,0.0,77.72000122070312,78.05000305175781,76.1500015258789,299075.0,4.4670000076293945,4.501999855041504,4.459000110626221,0.0
2024-05-28,2356.5,2365.5,2333.800048828125,316223.0,31.97100067138672,32.1150016784668,31.5049991607666,45.0,83.14569854736328,83.22730255126953,83.08799743652344,0.0,79.83000183105469,80.29000091552734,77.69000244140625,334074.0,4.541999816894531,4.546000003814697,4.448999881744385,0.0
2024-05-29,2341.199951171875,2363.699951171875,2334.199951171875,119317.0,32.202999114990234,32.202999114990234,32.202999114990234,932.0,83.20649719238281,83.40589904785156,83.14630126953125,0.0,79.2300033569336,80.62000274658203,78.98999786376953,259594.0,4.624000072479248,4.638000011444092,4.559999942779541,0.0
2024-05-30,2342.89990234375,2349.5,2320.800048828125,32587.0,31.38800048828125,32.04999923706055,31.110000610351562,257.0,83.3656005859375,83.43499755859375,83.21630096435547,0.0,77.91000366210938,79.41999816894531,77.62999725341797,373779.0,4.553999900817871,4.599999904632568,4.541999816894531,0.0
2024-05-31,2322.89990234375,2354.0,2319.0,183406.0,30.297000885009766,30.489999771118164,30.297000885009766,44.0,83.3208999633789,83.49400329589844,83.21099853515625,0.0,76.98999786376953,78.62000274658203,76.66999816894531,345120.0,4.513999938964844,4.556000232696533,4.485000133514404,0.0
2024-06-03,2369.300048828125,2375.5,2334.800048828125,173149.0,30.641000747680664,30.641000747680664,29.850000381469727,209.0,83.45079803466797,83.45110321044922,82.9801025390625,0.0,74.22000122070312,77.5199966430664,73.9800033569336,443271.0,4.4019999504089355,4.4730000495910645,4.392000198364258,0.0
2024-06-04,2347.39990234375,2373.10009765625,2335.10009765625,171547.0,29.488000869750977,29.9950008392334,29.469999313354492,39.0,83.09339904785156,83.67030334472656,83.08049774169922,0.0,73.25,74.12999725341797,72.4800033569336,408721.0,4.335999965667725,4.367000102996826,4.314000129699707,0.0
2024-06-05,2375.5,2377.60009765625,2345.300048828125,171862.0,29.947999954223633,29.969999313354492,29.549999237060547,16.0,83.62940216064453,85.18599700927734,83.22119903564453,0.0,74.06999969482422,74.33000183105469,72.81999969482422,307701.0,4.289000034332275,4.35099983215332,4.2870001792907715,0.0
2024-06-06,2390.89990234375,2397.800048828125,2372.199951171875,172202.0,31.246999740600586,31.31999969482422,30.559999465942383,282.0,83.38079833984375,83.52159881591797,83.34049987792969,0.0,75.55000305175781,75.79000091552734,74.05999755859375,291082.0,4.281000137329102,4.322000026702881,4.2769999504089355,0.0
2024-06-07,2325.0,2406.699951171875,2304.199951171875,314551.0,29.334999084472656,31.524999618530273,29.299999237060547,10.0,83.47309875488281,83.51139831542969,83.28600311279297,0.0,75.52999877929688,76.25,75.20999908447266,280253.0,4.429999828338623,4.434000015258789,4.289000034332275,0.0
2024-06-10,2327.0,2331.300048828125,2304.5,142888.0,29.768999099731445,29.768999099731445,29.479999542236328,32.0,83.52760314941406,83.5884017944336,83.4749984741211,0.0,77.73999786376953,78.29000091552734,75.2300033569336,317031.0,4.468999862670898,4.479000091552734,4.447000026702881,0.0
2024-06-11,2326.60009765625,2337.300048828125,2314.5,145501.0,29.132999420166016,29.5049991607666,29.132999420166016,3.0,83.52980041503906,83.6854019165039,83.4729995727539,0.0,77.9000015258789,78.36000061035156,77.22000122070312,314874.0,4.4039998054504395,4.460999965667725,4.4019999504089355,0.0
2024-06-12,2354.800048828125,2358.800048828125,2327.199951171875,241670.0,30.176000595092773,30.176000595092773,29.75,8.0,83.5968017578125,83.60430145263672,83.43350219726562,0.0,78.5,79.31999969482422,77.87999725341797,322285.0,4.295000076293945,4.406000137329102,4.25,0.0
2024-06-13,2318.0,2342.39990234375,2310.89990234375,182657.0,28.989999771118164,29.325000762939453,28.815000534057617,21.0,83.5343017578125,83.56159973144531,83.47799682617188,0.0,78.62000274658203,78.88999938964844,77.66999816894531,307638.0,4.23799991607666,4.309999942779541,4.2230000495910645,0.0
2024-06-14,2349.10009765625,2352.300048828125,2316.699951171875,163367.0,29.402000427246094,29.540000915527344,29.385000228881836,16.0,83.52210235595703,83.57109832763672,83.51899719238281,0.0,78.44999694824219,79.1500015258789,77.7300033569336,245827.0,4.2129998207092285,4.236000061035156,4.188000202178955,0.0
2024-06-17,2329.0,2348.699951171875,2324.300048828125,122702.0,29.325000762939453,29.325000762939453,29.325000762939453,0.0,83.55180358886719,83.62969970703125,83.431396484375,0.0,80.33000183105469,80.66000366210938,77.9800033569336,126733.0,4.2789998054504395,4.295000076293945,4.260000228881836,0.0
2024-06-18,2346.89990234375,2348.199951171875,2320.199951171875,154251.0,29.5049991607666,29.5049991607666,28.954999923706055,66.0,83.51010131835938,83.5426025390625,83.30000305175781,0.0,81.56999969482422,81.66999816894531,79.7699966430664,140709.0,4.2170000076293945,4.289000034332275,4.206999778747559,0.0
2024-06-19,2346.89990234375,2348.199951171875,2320.199951171875,154251.0,29.5049991607666,29.5049991607666,28.954999923706055,66.0,83.37409973144531,83.47370147705078,83.33799743652344,0.0,81.56999969482422,81.66999816894531,79.7699966430664,140709.0,4.2170000076293945,4.289000034332275,4.206999778747559,0.0
2024-06-20,2369.0,2379.5,2338.5,252687.0,30.775999069213867,30.775999069213867,29.5,20.0,83.41950225830078,83.67160034179688,83.40769958496094,0.0,82.16999816894531,82.41000366210938,81.12999725341797,420499.0,4.254000186920166,4.293000221252441,4.230000019073486,0.0
2024-06-21,2331.199951171875,2382.60009765625,2329.199951171875,194824.0,29.572999954223633,30.510000228881836,29.572999954223633,20.0,83.60160064697266,83.6270980834961,83.49099731445312,0.0,80.7300033569336,81.79000091552734,80.3499984741211,290500.0,4.256999969482422,4.2789998054504395,4.2170000076293945,0.0
2024-06-24,2344.39990234375,2347.5,2329.5,117625.0,29.48900032043457,29.5,29.48900032043457,5.0,83.5625,83.57369995117188,83.42179870605469,0.0,81.62999725341797,81.77999877929688,80.2300033569336,271745.0,4.248000144958496,4.275000095367432,4.245999813079834,0.0
2024-06-25,2330.800048828125,2349.699951171875,2327.10009765625,144271.0,28.836999893188477,29.5,28.836999893188477,5.0,83.46040344238281,83.49929809570312,83.39790344238281,0.0,80.83000183105469,81.9000015258789,80.55000305175781,286038.0,4.23799991607666,4.258999824523926,4.210999965667725,0.0
2024-06-26,2313.199951171875,2335.800048828125,2304.699951171875,191628.0,28.909000396728516,28.909000396728516,28.909000396728516,52023.0,83.41459655761719,83.61360168457031,83.4020004272461,0.0,80.9000015258789,81.62999725341797,80.18000030517578,308410.0,4.315999984741211,4.320000171661377,4.281000137329102,0.0
2024-06-27,2336.60009765625,2342.0,2306.800048828125,140228.0,28.917999267578125,29.225000381469727,28.665000915527344,14649.0,83.58039855957031,83.5886001586914,83.41799926757812,0.0,81.73999786376953,82.04000091552734,80.51000213623047,306342.0,4.288000106811523,4.3429999351501465,4.275000095367432,0.0
2024-06-28,2339.60009765625,2350.60009765625,2329.699951171875,135383.0,29.23699951171875,29.579999923706055,28.81999969482422,538.0,83.45089721679688,83.5083999633789,83.32469940185547,0.0,81.54000091552734,82.72000122070312,80.97000122070312,260252.0,4.3429999351501465,4.359000205993652,4.261000156402588,0.0
2024-07-01,2338.89990234375,2348.800048828125,2328.199951171875,142601.0,29.299999237060547,29.440000534057617,29.0,664.0,83.36750030517578,83.46620178222656,83.35679626464844,0.0,83.37999725341797,83.63999938964844,81.37999725341797,345780.0,4.479000091552734,4.493000030517578,4.415999889373779,0.0
2024-07-02,2333.39990234375,2346.10009765625,2327.39990234375,153709.0,29.35300064086914,29.6200008392334,29.225000381469727,153.0,83.44129943847656,83.55850219726562,83.42459869384766,0.0,82.80999755859375,84.37999725341797,82.72000122070312,367787.0,4.435999870300293,4.454999923706055,4.414000034332275,0.0
2024-07-03,2369.39990234375,2374.5,2335.699951171875,193642.0,30.54800033569336,30.549999237060547,29.540000915527344,261.0,83.4791030883789,83.5530014038086,83.44409942626953,0.0,83.87999725341797,83.93000030517578,82.45999908447266,289685.0,4.355000019073486,4.429999828338623,4.339000225067139,0.0
2024-07-04,2369.39990234375,2374.5,2335.699951171875,193642.0,30.54800033569336,30.549999237060547,29.540000915527344,261.0,83.49120330810547,83.55249786376953,83.46520233154297,0.0,83.87999725341797,83.93000030517578,82.45999908447266,289685.0,4.355000019073486,4.429999828338623,4.339000225067139,0.0
2024-07-05,2397.699951171875,2401.5,2356.0,293254.0,31.38800048828125,31.469999313354492,30.165000915527344,451.0,83.49340057373047,83.51570129394531,83.46299743652344,0.0,83.16000366210938,84.5199966430664,83.0199966430664,361357.0,4.271999835968018,4.374000072479248,4.270999908447266,0.0
2024-07-08,2363.5,2399.300048828125,2358.300048828125,240781.0,30.618000030517578,31.200000762939453,30.618000030517578,171.0,83.47209930419922,83.50689697265625,83.43930053710938,0.0,82.33000183105469,83.31999969482422,82.08000183105469,251774.0,4.269000053405762,4.306000232696533,4.267000198364258,0.0
2024-07-09,2367.89990234375,2378.300048828125,2356.0,252489.0,30.77199935913086,30.77199935913086,30.77199935913086,6.0,83.45760345458984,83.50980377197266,83.45099639892578,0.0,81.41000366210938,82.4800033569336,81.25,297325.0,4.300000190734863,4.328999996185303,4.2820000648498535,0.0
2024-07-10,2379.699951171875,2393.39990234375,2369.699951171875,163900.0,30.726999282836914,30.770000457763672,30.726999282836914,121.0,83.49299621582031,83.52960205078125,83.47200012207031,0.0,82.0999984741211,82.66000366210938,80.80999755859375,334380.0,4.28000020980835,4.303999900817871,4.271999835968018,0.0
2024-07-11,2421.89990234375,2430.39990234375,2376.800048828125,303520.0,31.393999099731445,31.704999923706055,30.905000686645508,257.0,83.49590301513672,83.58799743652344,83.46600341796875,0.0,82.62000274658203,83.12999725341797,81.62999725341797,324170.0,4.192999839782715,4.289999961853027,4.168000221252441,0.0
2024-07-12,2420.699951171875,2423.199951171875,2396.10009765625,220933.0,30.88599967956543,31.364999771118164,30.459999084472656,41.0,83.51850128173828,83.55650329589844,83.46620178222656,0.0,82.20999908447266,83.73999786376953,82.0999984741211,370062.0,4.189000129699707,4.238999843597412,4.186999797821045,0.0
2024-07-15,2428.89990234375,2445.0,2406.10009765625,193535.0,30.672000885009766,31.0049991607666,30.594999313354492,43.0,83.52030181884766,83.61689758300781,83.35890197753906,0.0,81.91000366210938,82.58000183105469,81.47000122070312,296520.0,4.229000091552734,4.241000175476074,4.199999809265137,0.0
2024-07-16,2467.800048828125,2474.5,2424.5,246085.0,31.19499969482422,31.30500030517578,30.780000686645508,8.0,83.58760070800781,83.60350036621094,83.53160095214844,0.0,80.76000213623047,81.93000030517578,80.22000122070312,308186.0,4.166999816894531,4.216000080108643,4.163000106811523,0.0
2024-07-17,2459.89990234375,2488.39990234375,2455.5,259540.0,30.136999130249023,31.28499984741211,30.136999130249023,69.0,83.52960205078125,83.59329986572266,83.49400329589844,0.0,82.8499984741211,83.0999984741211,80.44999694824219,257437.0,4.145999908447266,4.196000099182129,4.144000053405762,0.0
2024-07-18,2456.39990234375,2478.5,2442.89990234375,192770.0,29.9950008392334,30.5049991607666,29.989999771118164,4.0,83.57209777832031,83.66690063476562,83.54900360107422,0.0,82.81999969482422,83.81999969482422,82.04000091552734,95704.0,4.189000129699707,4.190000057220459,4.156000137329102,0.0
2024-07-19,2399.10009765625,2448.39990234375,2395.699951171875,254408.0,29.08799934387207,29.75,28.899999618530273,73.0,83.67430114746094,83.72669982910156,83.60040283203125,0.0,80.12999725341797,82.87999725341797,80.06999969482422,83795.0,4.238999843597412,4.249000072479248,4.224999904632568,0.0
2024-07-22,2394.699951171875,2414.39990234375,2385.199951171875,197562.0,29.124000549316406,29.170000076293945,28.780000686645508,27.0,83.73030090332031,83.74140167236328,83.64299774169922,0.0,79.77999877929688,80.69000244140625,79.16999816894531,345235.0,4.260000228881836,4.2779998779296875,4.211999893188477,0.0
2024-07-23,2407.300048828125,2413.5,2389.199951171875,171191.0,29.131999969482422,29.131999969482422,28.799999237060547,21.0,83.67130279541016,83.71810150146484,83.59929656982422,0.0,76.95999908447266,78.7300033569336,76.4000015258789,417941.0,4.238999843597412,4.247000217437744,4.2210001945495605,0.0
2024-07-24,2415.699951171875,2433.0,2397.0,245884.0,29.115999221801758,29.115999221801758,28.985000610351562,9.0,83.70680236816406,83.72769927978516,83.63790130615234,0.0,77.58999633789062,78.19000244140625,76.9800033569336,355971.0,4.285999774932861,4.291999816894531,4.210000038146973,0.0
2024-07-25,2353.5,2400.800048828125,2351.89990234375,294897.0,27.80699920654297,28.700000762939453,27.549999237060547,157.0,83.74299621582031,83.85880279541016,83.66110229492188,0.0,78.27999877929688,78.47000122070312,76.04000091552734,457288.0,4.25600004196167,4.265999794006348,4.196000099182129,0.0
2024-07-26,2381.0,2389.699951171875,2354.60009765625,154523.0,27.860000610351562,28.010000228881836,27.739999771118164,75.0,83.73760223388672,83.75479888916016,83.65969848632812,0.0,77.16000366210938,78.5999984741211,76.19000244140625,365121.0,4.199999809265137,4.251999855041504,4.191999912261963,0.0
2024-07-29,2377.800048828125,2402.10009765625,2367.300048828125,126409.0,27.702999114990234,28.049999237060547,27.702999114990234,819.0,83.72779846191406,83.76470184326172,83.69409942626953,0.0,75.80999755859375,77.69000244140625,75.3499984741211,362635.0,4.177999973297119,4.185999870300293,4.151000022888184,0.0
2024-07-30,2405.0,2409.300048828125,2373.800048828125,25944.0,28.364999771118164,28.364999771118164,27.799999237060547,320.0,83.75050354003906,83.7676010131836,83.6989974975586,0.0,74.7300033569336,75.97000122070312,74.58999633789062,419478.0,4.14300012588501,4.184000015258789,4.130000114440918,0.0
2024-07-31,2426.5,2447.60009765625,2402.800048828125,176268.0,28.777999877929688,28.885000228881836,28.71500015258789,17.0,83.73899841308594,83.81230163574219,83.6593017578125,0.0,77.91000366210938,78.66000366210938,75.18000030517578,460315.0,4.109000205993652,4.133999824523926,4.091000080108643,0.0
2024-08-01,2480.800048828125,2506.60009765625,2474.0,219834.0,28.33099937438965,28.94499969482422,28.33099937438965,16.0,83.7177963256836,83.75050354003906,83.65670013427734,0.0,76.30999755859375,78.87999725341797,76.23999786376953,383014.0,3.9760000705718994,4.052999973297119,3.9649999141693115,0.0
2024-08-02,2469.800048828125,2522.5,2453.10009765625,309937.0,28.246000289916992,28.93000030517578,28.246000289916992,101.0,83.743896484375,83.80599975585938,83.68789672851562,0.0,73.5199966430664,77.29000091552734,72.97000122070312,467786.0,3.7920000553131104,3.940000057220459,3.7920000553131104,0.0
2024-08-05,2444.39990234375,2500.800048828125,2403.800048828125,352229.0,27.076000213623047,28.559999465942383,26.84000015258789,38.0,83.73529815673828,84.17030334472656,83.73529815673828,0.0,72.94000244140625,74.45999908447266,71.66999816894531,500151.0,3.7850000858306885,3.8320000171661377,3.6689999103546143,0.0
2024-08-06,2431.60009765625,2459.5,2421.800048828125,186107.0,27.09600067138672,27.229999542236328,27.09600067138672,110.0,84.00260162353516,84.09529876708984,83.83100128173828,0.0,73.19999694824219,74.55999755859375,72.19999694824219,352250.0,3.888000011444092,3.9089999198913574,3.805000066757202,0.0
2024-08-07,2432.39990234375,2447.300048828125,2418.800048828125,166078.0,26.829999923706055,26.915000915527344,26.69499969482422,7.0,83.93489837646484,83.97530364990234,83.87000274658203,0.0,75.2300033569336,75.83999633789062,72.58000183105469,427995.0,3.9679999351501465,3.9769999980926514,3.927999973297119,0.0
2024-08-08,2463.300048828125,2467.89990234375,2420.199951171875,178509.0,27.5,27.5049991607666,27.05500030517578,36.0,83.94239807128906,84.00900268554688,83.78990173339844,0.0,76.19000244140625,76.5199966430664,74.5999984741211,327301.0,3.996999979019165,4.021999835968018,3.9260001182556152,0.0
2024-08-09,2473.39990234375,2476.5,2456.10009765625,152173.0,27.48699951171875,27.48699951171875,27.48699951171875,2.0,83.98899841308594,83.99310302734375,83.87999725341797,0.0,76.83999633789062,77.08999633789062,75.8499984741211,263007.0,3.941999912261963,3.947000026702881,3.9210000038146973,0.0
2024-08-12,2504.0,2513.39990234375,2462.699951171875,171204.0,27.91699981689453,27.924999237060547,27.780000686645508,11.0,83.94979858398438,83.9646987915039,83.82150268554688,0.0,80.05999755859375,80.16000366210938,76.69999694824219,376747.0,3.9089999198913574,3.9670000076293945,3.8959999084472656,0.0
2024-08-13,2507.800048828125,2517.300048828125,2498.199951171875,155078.0,27.69499969482422,27.69499969482422,27.69499969482422,4.0,83.88999938964844,83.97000122070312,83.88700103759766,0.0,78.3499984741211,80.1500015258789,78.16000366210938,370763.0,3.8519999980926514,3.8980000019073486,3.8480000495910645,0.0
2024-08-14,2479.699951171875,2519.699951171875,2476.199951171875,187384.0,27.253999710083008,27.253999710083008,27.253999710083008,30.0,83.88200378417969,83.97550201416016,83.88899993896484,0.0,76.9800033569336,79.0999984741211,76.83000183105469,357636.0,3.819999933242798,3.871000051498413,3.811000108718872,0.0
2024-08-15,2492.39990234375,2508.0,2469.199951171875,169322.0,28.341999053955078,28.341999053955078,28.145000457763672,41.0,83.97149658203125,83.99310302734375,83.80419921875,0.0,78.16000366210938,78.5999984741211,76.93000030517578,195122.0,3.9260001182556152,3.953000068664551,3.8450000286102295,0.0
2024-08-16,2537.800048828125,2548.300048828125,2488.199951171875,223934.0,28.777999877929688,28.777999877929688,28.777999877929688,15.0,83.94830322265625,83.97039794921875,83.8550033569336,0.0,76.6500015258789,78.16000366210938,75.54000091552734,100810.0,3.8919999599456787,3.924999952316284,3.86899995803833,0.0
2024-08-19,2541.300048828125,2549.89990234375,2523.699951171875,155994.0,29.239999771118164,29.239999771118164,29.239999771118164,18.0,83.88980102539062,83.9364013671875,83.7864990234375,0.0,74.37000274658203,76.87000274658203,74.16999816894531,118172.0,3.867000102996826,3.9000000953674316,3.8519999980926514,0.0
2024-08-20,2550.60009765625,2570.39990234375,2535.10009765625,191196.0,29.454999923706055,29.954999923706055,29.454999923706055,15.0,83.87860107421875,83.89399719238281,83.4093017578125,0.0,74.04000091552734,75.02999877929688,73.5,329276.0,3.818000078201294,3.865000009536743,3.813999891281128,0.0
2024-08-21,2547.5,2558.0,2528.199951171875,148894.0,29.47599983215332,29.47599983215332,29.47599983215332,1.0,83.77940368652344,83.9363021850586,83.71099853515625,0.0,71.93000030517578,74.16000366210938,71.45999908447266,390527.0,3.7780001163482666,3.8310000896453857,3.763000011444092,0.0
2024-08-22,2516.699951171875,2551.39990234375,2506.39990234375,177369.0,29.006000518798828,29.450000762939453,29.0,4.0,83.88860321044922,83.96990203857422,83.87539672851562,0.0,73.01000213623047,73.5199966430664,71.58000183105469,334117.0,3.861999988555908,3.877000093460083,3.822000026702881,0.0
2024-08-23,2546.300048828125,2554.5,2519.800048828125,164613.0,29.785999298095703,29.785999298095703,29.785999298095703,8.0,83.94059753417969,83.94010162353516,83.79389953613281,0.0,74.83000183105469,75.06999969482422,72.83000183105469,313764.0,3.806999921798706,3.8559999465942383,3.7909998893737793,0.0
2024-08-26,2555.199951171875,2563.199951171875,2544.0,127485.0,29.976999282836914,30.104999542236328,29.905000686645508,53.0,83.81379699707031,83.902099609375,83.66419982910156,0.0,77.41999816894531,77.5999984741211,75.04000091552734,409675.0,3.818000078201294,3.822000026702881,3.7739999294281006,0.0
2024-08-27,2552.89990234375,2561.39990234375,2538.5,146222.0,29.951000213623047,29.985000610351562,29.951000213623047,78.0,83.88369750976562,83.94869995117188,83.87580108642578,0.0,75.52999877929688,77.4800033569336,75.4000015258789,331162.0,3.8329999446868896,3.867000102996826,3.822000026702881,0.0
2024-08-28,2537.800048828125,2564.300048828125,2527.800048828125,165123.0,29.176000595092773,29.176000595092773,29.176000595092773,42397.0,83.92160034179688,83.97840118408203,83.90499877929688,0.0,74.5199966430664,75.94999694824219,73.81999969482422,337361.0,3.8410000801086426,3.8440001010894775,3.819999933242798,0.0
2024-08-29,2560.300048828125,2562.199951171875,2536.5,159965.0,29.55699920654297,29.655000686645508,29.110000610351562,7849.0,83.94149780273438,83.98100280761719,83.84729766845703,0.0,75.91000366210938,76.91000366210938,74.05000305175781,408147.0,3.867000102996826,3.888000011444092,3.8310000896453857,0.0
2024-08-30,2527.60009765625,2560.10009765625,2526.60009765625,175644.0,28.731000900268555,29.55500030517578,28.709999084472656,488.0,83.89510345458984,83.89659881591797,83.80500030517578,0.0,73.55000305175781,76.58999633789062,73.36000061035156,427273.0,3.9110000133514404,3.9149999618530273,3.8519999980926514,0.0
2024-09-02,2527.60009765625,2560.10009765625,2526.60009765625,175644.0,28.731000900268555,29.55500030517578,28.709999084472656,488.0,83.86380004882812,83.93599700927734,83.85299682617188,0.0,73.55000305175781,76.58999633789062,73.36000061035156,427273.0,3.9110000133514404,3.9149999618530273,3.8519999980926514,0.0
2024-09-03,2523.0,2539.5,2504.39990234375,273539.0,27.951000213623047,28.565000534057617,27.69499969482422,292.0,83.92729949951172,83.98509979248047,83.9000015258789,0.0,70.33999633789062,74.41000366210938,70.0999984741211,546617.0,3.8440001010894775,3.9230000972747803,3.825000047683716,0.0
2024-09-04,2526.0,2531.5,2502.699951171875,167957.0,28.16699981689453,28.21500015258789,27.885000228881836,237.0,83.95030212402344,84.0176010131836,83.93699645996094,0.0,69.19999694824219,71.45999908447266,68.81999969482422,482025.0,3.7679998874664307,3.8420000076293945,3.7669999599456787,0.0
2024-09-05,2543.10009765625,2554.0,2523.699951171875,152709.0,28.719999313354492,28.770000457763672,28.19499969482422,299.0,83.98249816894531,83.99079895019531,83.95700073242188,0.0,69.1500015258789,70.81999969482422,68.75,405596.0,3.7309999465942383,3.7720000743865967,3.7209999561309814,0.0
2024-09-06,2524.60009765625,2559.800048828125,2513.89990234375,228117.0,27.808000564575195,28.584999084472656,27.808000564575195,72.0,83.98359680175781,83.98770141601562,83.90609741210938,0.0,67.66999816894531,70.12999725341797,67.16999816894531,351074.0,3.7100000381469727,3.760999917984009,3.6480000019073486,0.0
2024-09-09,2532.699951171875,2536.5,2514.199951171875,140583.0,28.291000366210938,28.34000015258789,28.049999237060547,72.0,83.98259735107422,83.98259735107422,83.92939758300781,0.0,68.70999908447266,68.95999908447266,67.30999755859375,351074.0,3.697000026702881,3.747999906539917,3.690999984741211,0.0
2024-09-10,2543.10009765625,2547.5,2528.89990234375,156108.0,28.256999969482422,28.256999969482422,28.204999923706055,20.0,83.98090362548828,84.1946029663086,83.94499969482422,0.0,65.75,69.08000183105469,65.2699966430664,442855.0,3.6459999084472656,3.7149999141693115,3.6389999389648438,0.0
2024-09-11,2542.39990234375,2558.0,2529.0,194085.0,28.562999725341797,28.68000030517578,28.4950008392334,18.0,83.98200225830078,84.12030029296875,83.92900085449219,0.0,67.30999755859375,67.97000122070312,65.62999725341797,393311.0,3.6530001163482666,3.688999891281128,3.614000082015991,0.0
2024-09-12,2580.60009765625,2588.5,2538.699951171875,233679.0,29.743000030517578,29.799999237060547,28.790000915527344,33.0,83.99259948730469,83.99359893798828,83.90299987792969,0.0,68.97000122070312,69.80999755859375,67.23999786376953,351976.0,3.680000066757202,3.7039999961853027,3.640000104904175,0.0
2024-09-13,2610.699951171875,2614.60009765625,2585.0,174674.0,30.698999404907227,30.770000457763672,29.979999542236328,66.0,83.93479919433594,84.02529907226562,83.8550033569336,0.0,68.6500015258789,70.31999969482422,68.47000122070312,308983.0,3.6500000953674316,3.6760001182556152,3.6440000534057617,0.0
2024-09-16,2608.89990234375,2617.39990234375,2602.5,127576.0,30.770999908447266,31.014999389648438,30.764999389648438,116.0,83.88480377197266,83.91490173339844,83.839599609375,0.0,70.08999633789062,70.69999694824219,68.6500015258789,295176.0,3.621000051498413,3.6630001068115234,3.618000030517578,0.0
2024-09-17,2592.39990234375,2613.699951171875,2587.300048828125,159525.0,30.618999481201172,30.700000762939453,30.618999481201172,52.0,83.88400268554688,83.90760040283203,83.70490264892578,0.0,71.19000244140625,71.91999816894531,69.61000061035156,251629.0,3.6419999599456787,3.6549999713897705,3.6029999256134033,0.0
2024-09-18,2598.60009765625,2627.199951171875,2572.5,233128.0,30.340999603271484,30.729999542236328,30.299999237060547,86.0,83.77059936523438,83.8676986694336,83.6593017578125,0.0,70.91000366210938,71.4800033569336,69.7300033569336,102907.0,3.684999942779541,3.696000099182129,3.638000011444092,0.0
2024-09-19,2614.60009765625,2620.5,2575.300048828125,204475.0,31.0939998626709,31.0939998626709,30.049999237060547,26.0,83.69170379638672,83.7645034790039,83.56500244140625,0.0,71.94999694824219,72.48999786376953,70.12999725341797,86630.0,3.740000009536743,3.7679998874664307,3.7109999656677246,0.0
2024-09-20,2646.199951171875,2651.0,2608.699951171875,207209.0,31.176000595092773,31.200000762939453,31.065000534057617,3.0,83.61470031738281,83.62740325927734,83.47339630126953,0.0,71.91999816894531,72.4000015258789,71.36000061035156,306997.0,3.7279999256134033,3.7639999389648438,3.7149999141693115,0.0
2024-09-23,2652.5,2659.800048828125,2638.60009765625,170494.0,30.767000198364258,30.864999771118164,30.6299991607666,70.0,83.48709869384766,83.67379760742188,83.4634017944336,0.0,70.37000274658203,71.80999755859375,69.48999786376953,338267.0,3.739000082015991,3.7939999103546143,3.7300000190734863,0.0
2024-09-24,2677.0,2689.39990234375,2647.10009765625,216553.0,32.111000061035156,32.111000061035156,30.825000762939453,35.0,83.55960083007812,83.77130126953125,83.5154037475586,0.0,71.55999755859375,72.4000015258789,70.44000244140625,318516.0,3.7360000610351562,3.809999942779541,3.7279999256134033,0.0
2024-09-25,2684.699951171875,2694.89990234375,2673.39990234375,189943.0,31.697999954223633,31.989999771118164,31.697999954223633,38.0,83.56759643554688,83.6364974975586,83.44010162353516,0.0,69.69000244140625,71.72000122070312,69.2300033569336,476237.0,3.7809998989105225,3.7829999923706055,3.75600004196167,0.0
2024-09-26,2694.89990234375,2708.699951171875,2677.5,217643.0,32.025001525878906,32.25,32.025001525878906,301.0,83.62409973144531,83.71260070800781,83.57319641113281,0.0,67.66999816894531,70.01000213623047,66.94999694824219,478069.0,3.7909998893737793,3.821000099182129,3.755000114440918,0.0
2024-09-27,2668.10009765625,2696.89990234375,2665.300048828125,196732.0,31.518999099731445,32.13999938964844,31.44499969482422,120.0,83.61710357666016,83.70800018310547,83.5635986328125,0.0,68.18000030517578,68.6500015258789,67.05999755859375,341133.0,3.749000072479248,3.7829999923706055,3.740999937057495,0.0
2024-09-30,2659.39990234375,2687.699951171875,2646.199951171875,173252.0,31.163999557495117,31.604999542236328,31.1200008392334,73.0,83.71640014648438,83.90950012207031,83.6448974609375,0.0,68.16999816894531,69.31999969482422,67.56999969482422,350115.0,3.802000045776367,3.805999994277954,3.753999948501587,0.0
2024-10-01,2690.300048828125,2694.699951171875,2653.800048828125,202756.0,31.44499969482422,31.594999313354492,31.309999465942383,86.0,83.82730102539062,83.94960021972656,83.7603988647461,0.0,69.83000183105469,71.94000244140625,66.33000183105469,668216.0,3.743000030517578,3.752000093460083,3.696000099182129,0.0
2024-10-02,2669.699951171875,2684.800048828125,2662.10009765625,128680.0,31.628000259399414,31.700000762939453,31.05500030517578,24.0,83.87210083007812,84.0071029663086,83.85449981689453,0.0,70.0999984741211,72.48999786376953,69.87000274658203,429225.0,3.7850000858306885,3.816999912261963,3.7750000953674316,0.0
2024-10-03,2679.199951171875,2683.39990234375,2657.800048828125,138551.0,32.18899917602539,32.18899917602539,31.440000534057617,146.0,83.91960144042969,84.03209686279297,83.89299774169922,0.0,73.70999908447266,74.08999633789062,70.5199966430664,460554.0,3.8499999046325684,3.8499999046325684,3.802000045776367,0.0
2024-10-04,2667.800048828125,2690.60009765625,2651.60009765625,192656.0,32.12799835205078,32.86000061035156,31.610000610351562,156.0,84.0093994140625,84.04280090332031,83.94529724121094,0.0,74.37999725341797,75.56999969482422,73.45999908447266,428815.0,3.9809999465942383,3.9809999465942383,3.867000102996826,0.0
2024-10-07,2666.0,2679.199951171875,2657.300048828125,130705.0,31.7450008392334,31.7450008392334,31.59000015258789,1.0,84.02780151367188,84.02780151367188,83.94999694824219,0.0,77.13999938964844,77.4000015258789,73.62000274658203,419018.0,4.026000022888184,4.0329999923706055,4.004000186920166,0.0
2024-10-08,2635.39990234375,2672.39990234375,2623.39990234375,233849.0,30.354999542236328,31.385000228881836,30.354999542236328,21.0,83.96410369873047,84.1001968383789,83.91600036621094,0.0,73.56999969482422,78.45999908447266,72.69000244140625,496760.0,4.0329999923706055,4.057000160217285,4.021999835968018,0.0
2024-10-09,2626.0,2642.89990234375,2622.800048828125,143000.0,30.424999237060547,30.485000610351562,30.424999237060547,2.0,83.91459655761719,83.97769927978516,83.78099822998047,0.0,73.23999786376953,74.44999694824219,71.52999877929688,401159.0,4.066999912261963,4.078000068664551,4.0320000648498535,0.0
2024-10-10,2639.300048828125,2648.89990234375,2618.800048828125,195581.0,31.0049991607666,31.0049991607666,31.0049991607666,4.0,83.94219970703125,83.98059844970703,83.92230224609375,0.0,75.8499984741211,76.23999786376953,73.26000213623047,321453.0,4.0960001945495605,4.119999885559082,4.052999973297119,0.0
2024-10-11,2676.300048828125,2679.0,2645.300048828125,168597.0,31.520000457763672,31.53499984741211,31.520000457763672,15.0,83.94599914550781,84.12449645996094,83.94149780273438,0.0,75.55999755859375,76.04000091552734,74.52999877929688,315302.0,4.072999954223633,4.116000175476074,4.066999912261963,0.0
2024-10-14,2665.60009765625,2684.199951171875,2660.0,123361.0,31.08300018310547,31.200000762939453,31.08300018310547,2.0,84.16829681396484,84.16840362548828,83.97669982910156,0.0,73.83000183105469,75.08000183105469,71.80999755859375,273455.0,4.0980000495910645,4.0980000495910645,4.0980000495910645,0.0
2024-10-15,2678.89990234375,2685.89990234375,2654.39990234375,160564.0,31.527000427246094,31.527000427246094,31.527000427246094,0.0,84.04850006103516,84.07279968261719,84.01809692382812,0.0,70.58000183105469,72.12000274658203,69.70999908447266,328738.0,4.038000106811523,4.074999809265137,4.0320000648498535,0.0
2024-10-16,2691.300048828125,2702.5,2674.89990234375,156877.0,31.760000228881836,31.760000228881836,31.645000457763672,25.0,84.05619812011719,84.09429931640625,83.98999786376953,0.0,70.38999938964844,71.30999755859375,69.63999938964844,222437.0,4.015999794006348,4.0279998779296875,3.994999885559082,0.0
2024-10-17,2707.5,2712.699951171875,2688.199951171875,181816.0,31.572999954223633,31.854999542236328,31.572999954223633,26.0,84.03929901123047,84.08789825439453,84.00299835205078,0.0,70.66999816894531,71.11000061035156,69.44000244140625,188161.0,4.0960001945495605,4.099999904632568,4.0320000648498535,0.0
2024-10-18,2730.0,2737.800048828125,2707.300048828125,178959.0,33.03200149536133,33.68000030517578,33.03200149536133,33.0,84.05380249023438,84.07779693603516,84.01830291748047,0.0,69.22000122070312,71.2300033569336,68.69000244140625,95768.0,4.072999954223633,4.110000133514404,4.065000057220459,0.0
2024-10-21,2738.89990234375,2755.39990234375,2728.5,210450.0,33.86899948120117,34.255001068115234,33.8650016784668,58.0,84.0687026977539,84.08679962158203,84.0385971069336,0.0,70.55999755859375,71.02999877929688,69.0,92584.0,4.182000160217285,4.185999870300293,4.124000072479248,0.0
2024-10-22,2759.800048828125,2763.300048828125,2733.5,173695.0,34.83100128173828,34.834999084472656,34.42499923706055,80.0,84.07350158691406,84.177001953125,84.05979919433594,0.0,72.08999633789062,72.66000366210938,70.05000305175781,330456.0,4.203999996185303,4.216000080108643,4.165999889373779,0.0
2024-10-23,2729.39990234375,2772.60009765625,2722.10009765625,214515.0,33.63999938964844,34.55500030517578,33.63999938964844,6.0,84.08399963378906,84.11380004882812,84.05899810791016,0.0,70.7699966430664,71.72000122070312,70.12999725341797,293835.0,4.242000102996826,4.257999897003174,4.21999979019165,0.0
2024-10-24,2748.89990234375,2756.300048828125,2728.699951171875,175872.0,33.611000061035156,34.13999938964844,33.611000061035156,24.0,84.06759643554688,84.08200073242188,84.04769897460938,0.0,70.19000244140625,72.33999633789062,69.7699966430664,286571.0,4.199999809265137,4.239999771118164,4.182000160217285,0.0
2024-10-25,2754.60009765625,2760.89990234375,2729.10009765625,153487.0,33.60300064086914,33.70500183105469,33.25,22.0,84.08180236816406,84.09329986572266,84.05799865722656,0.0,71.77999877929688,71.91999816894531,69.95999908447266,287189.0,4.23199987411499,4.234000205993652,4.177999973297119,0.0
2024-10-28,2755.89990234375,2758.300048828125,2736.89990234375,161907.0,33.83000183105469,33.83000183105469,33.77000045776367,3.0,84.10199737548828,84.0968017578125,84.05799865722656,0.0,67.37999725341797,69.0,66.91999816894531,419623.0,4.2779998779296875,4.300000190734863,4.230000019073486,0.0
2024-10-29,2781.10009765625,2787.699951171875,2752.0,207424.0,34.26900100708008,34.26900100708008,34.26900100708008,133.0,84.10279846191406,84.10929870605469,84.0270004272461,0.0,67.20999908447266,68.5199966430664,66.72000122070312,291929.0,4.27400016784668,4.339000225067139,4.271999835968018,0.0
2024-10-30,2800.800048828125,2801.800048828125,2782.39990234375,191549.0,33.91400146484375,34.16999816894531,33.540000915527344,79.0,84.08930206298828,84.09439849853516,84.04499816894531,0.0,68.61000061035156,69.16999816894531,67.27999877929688,284795.0,4.265999794006348,4.2779998779296875,4.197999954223633,0.0
2024-10-31,2749.300048828125,2801.199951171875,2741.800048828125,242571.0,32.65299987792969,33.525001525878906,32.59000015258789,37.0,84.08910369873047,84.1865005493164,84.0510025024414,0.0,69.26000213623047,70.80999755859375,68.30000305175781,311055.0,4.283999919891357,4.333000183105469,4.260000228881836,0.0
2024-11-01,2749.199951171875,2772.39990234375,2742.60009765625,180660.0,32.54199981689453,32.54199981689453,32.400001525878906,98.0,84.09149932861328,84.1093978881836,84.03399658203125,0.0,69.48999786376953,71.44999694824219,69.31999969482422,320572.0,4.361000061035156,4.364999771118164,4.2230000495910645,0.0
2024-11-04,2746.199951171875,2757.5,2739.39990234375,145248.0,32.47999954223633,32.47999954223633,32.47999954223633,0.0,84.13359832763672,84.18240356445312,84.0425033569336,0.0,71.47000122070312,71.80999755859375,70.25,286947.0,4.309000015258789,4.328999996185303,4.263000011444092,0.0
2024-11-05,2749.699951171875,2759.5,2733.39990234375,151434.0,32.654998779296875,32.654998779296875,32.654998779296875,6.0,84.15249633789062,84.16639709472656,84.0916976928711,0.0,71.98999786376953,72.66999816894531,71.29000091552734,247311.0,4.289000034332275,4.366000175476074,4.284999847412109,0.0
2024-11-06,2676.300048828125,2758.800048828125,2660.699951171875,361313.0,31.22100067138672,32.040000915527344,31.0,6.0,84.11630249023438,84.34220123291016,84.00830078125,0.0,71.69000244140625,72.62999725341797,69.73999786376953,388265.0,4.426000118255615,4.4770002365112305,4.4019999504089355,0.0
2024-11-07,2705.800048828125,2718.300048828125,2650.300048828125,292924.0,31.764999389648438,31.764999389648438,31.44499969482422,222.0,84.2511978149414,84.38330078125,84.2239990234375,0.0,72.36000061035156,72.87999725341797,70.66000366210938,353595.0,4.341000080108643,4.433000087738037,4.339000225067139,0.0
2024-11-08,2694.800048828125,2717.800048828125,2687.300048828125,233110.0,31.358999252319336,31.4950008392334,31.344999313354492,3.0,84.306396484375,84.43150329589844,84.30400085449219,0.0,70.37999725341797,72.25,69.98999786376953,362038.0,4.306000232696533,4.329999923706055,4.263999938964844,0.0
2024-11-11,2617.699951171875,2693.39990234375,2617.10009765625,281919.0,30.540000915527344,31.114999771118164,30.5,69.0,84.38289642333984,84.42240142822266,84.36699676513672,0.0,68.04000091552734,70.55999755859375,67.91999816894531,364506.0,4.308000087738037,4.308000087738037,4.308000087738037,0.0
2024-11-12,2606.300048828125,2633.39990234375,2595.699951171875,282766.0,30.68600082397461,30.68600082397461,30.309999465942383,5.0,84.39649963378906,84.41590118408203,84.3604965209961,0.0,68.12000274658203,69.12999725341797,67.75,286926.0,4.432000160217285,4.442999839782715,4.361000061035156,0.0
2024-11-13,2586.5,2625.0,2578.10009765625,262752.0,30.59000015258789,30.969999313354492,30.43000030517578,5.0,84.39530181884766,84.49299621582031,84.35050201416016,0.0,68.43000030517578,68.86000061035156,66.94000244140625,386027.0,4.451000213623047,4.460999965667725,4.359000205993652,0.0
2024-11-14,2572.89990234375,2585.800048828125,2541.5,266162.0,30.507999420166016,30.56999969482422,29.735000610351562,38.0,84.4229965209961,84.47820281982422,84.3936996459961,0.0,68.69999694824219,69.38999938964844,67.91999816894531,232270.0,4.418000221252441,4.482999801635742,4.386000156402588,0.0
2024-11-15,2570.10009765625,2580.800048828125,2558.89990234375,179892.0,30.371000289916992,30.371000289916992,30.2450008392334,2.0,84.47380065917969,84.55799865722656,84.40699768066406,0.0,67.0199966430664,68.69000244140625,66.81999969482422,205235.0,4.427999973297119,4.505000114440918,4.400000095367432,0.0
2024-11-18,2614.60009765625,2619.5,2568.5,195294.0,31.163000106811523,31.163000106811523,31.163000106811523,6.0,84.47750091552734,84.45179748535156,84.37629699707031,0.0,69.16000366210938,69.38999938964844,66.61000061035156,110375.0,4.414000034332275,4.491000175476074,4.4079999923706055,0.0
2024-11-19,2631.0,2643.39990234375,2614.199951171875,202241.0,31.20800018310547,31.475000381469727,31.149999618530273,10.0,84.39849853515625,84.43800354003906,84.35430145263672,0.0,69.38999938964844,69.69000244140625,68.44999694824219,89360.0,4.379000186920166,4.392000198364258,4.336999893188477,0.0
2024-11-20,2651.699951171875,2659.0,2621.89990234375,182012.0,30.95599937438965,31.18000030517578,30.95599937438965,7.0,84.39759826660156,84.41310119628906,84.33979797363281,0.0,68.87000274658203,70.1500015258789,68.75,235637.0,4.406000137329102,4.438000202178955,4.388000011444092,0.0
2024-11-21,2674.89990234375,2676.5,2651.60009765625,186297.0,30.91200065612793,30.94499969482422,30.75,30.0,84.38310241699219,84.52300262451172,84.385498046875,0.0,70.0999984741211,70.37999725341797,68.86000061035156,283850.0,4.432000160217285,4.438000202178955,4.376999855041504,0.0
2024-11-22,2712.199951171875,2718.5,2670.10009765625,220554.0,31.30900001525879,31.30900001525879,31.260000228881836,5.0,84.48829650878906,84.51390075683594,84.4000015258789,0.0,71.23999786376953,71.51000213623047,69.29000091552734,408207.0,4.409999847412109,4.429999828338623,4.382999897003174,0.0
2024-11-25,2618.5,2723.199951171875,2616.60009765625,305339.0,30.209999084472656,30.815000534057617,30.209999084472656,12.0,84.43599700927734,84.43820190429688,84.24099731445312,0.0,68.94000244140625,71.4800033569336,68.73999786376953,380922.0,4.264999866485596,4.331999778747559,4.261000156402588,0.0
2024-11-26,2621.300048828125,2642.699951171875,2605.300048828125,177858.0,30.38800048828125,30.38800048828125,30.38800048828125,55215.0,84.37750244140625,84.42150115966797,84.2249984741211,0.0,68.7699966430664,70.30000305175781,68.05000305175781,292138.0,4.302000045776367,4.323999881744385,4.281000137329102,0.0
2024-11-27,2639.89990234375,2657.89990234375,2627.199951171875,61653.0,30.111000061035156,30.75,29.989999771118164,19729.0,84.33910369873047,84.46949768066406,84.31880187988281,0.0,68.72000122070312,69.37000274658203,68.18000030517578,227215.0,4.242000102996826,4.275000095367432,4.2270002365112305,0.0
2024-11-28,2639.89990234375,2657.89990234375,2627.199951171875,61653.0,30.111000061035156,30.75,29.989999771118164,19729.0,84.42030334472656,84.51010131835938,84.3750991821289,0.0,68.72000122070312,69.37000274658203,68.18000030517578,227215.0,4.242000102996826,4.275000095367432,4.2270002365112305,0.0
2024-11-29,2657.0,2664.300048828125,2620.699951171875,180756.0,30.684999465942383,30.950000762939453,29.655000686645508,2230.0,84.47160339355469,84.63980102539062,84.45320129394531,0.0,68.0,69.69000244140625,67.87000274658203,291408.0,4.177999973297119,4.224999904632568,4.171999931335449,0.0
2024-12-02,2658.5,2678.5,2644.5,163543.0,30.448999404907227,30.670000076293945,30.170000076293945,158.0,84.55699920654297,84.74949645996094,84.56939697265625,0.0,68.0999984741211,69.11000061035156,67.70999908447266,264883.0,4.196000099182129,4.248000144958496,4.173999786376953,0.0
2024-12-03,2667.89990234375,2678.39990234375,2656.60009765625,140965.0,31.07699966430664,31.110000610351562,30.8700008392334,211.0,84.73709869384766,84.8406982421875,84.62570190429688,0.0,69.94000244140625,70.2300033569336,67.91000366210938,303752.0,4.2230000495910645,4.2270002365112305,4.164999961853027,0.0
2024-12-04,2676.199951171875,2682.0,2654.199951171875,171792.0,31.5049991607666,31.5049991607666,30.920000076293945,504.0,84.68309783935547,84.77050018310547,84.64099884033203,0.0,68.54000091552734,70.51000213623047,68.48999786376953,325636.0,4.179999828338623,4.281000137329102,4.176000118255615,0.0
2024-12-05,2648.39990234375,2680.0,2646.300048828125,156116.0,31.134000778198242,31.475000381469727,31.134000778198242,211.0,84.70700073242188,84.75060272216797,84.66500091552734,0.0,68.30000305175781,69.16000366210938,67.9800033569336,286701.0,4.179999828338623,4.224999904632568,4.173999786376953,0.0
2024-12-06,2659.60009765625,2667.89990234375,2635.60009765625,167166.0,31.18600082397461,31.334999084472656,31.079999923706055,35.0,84.68379974365234,84.71029663085938,84.44239807128906,0.0,67.19999694824219,68.48999786376953,66.9800033569336,341593.0,4.151000022888184,4.215000152587891,4.125999927520752,0.0
2024-12-09,2685.800048828125,2700.0,2649.699951171875,182150.0,32.215999603271484,32.51499938964844,31.440000534057617,642.0,84.66600036621094,84.91429901123047,84.6729965209961,0.0,68.37000274658203,68.87999725341797,67.08000183105469,297085.0,4.198999881744385,4.198999881744385,4.164000034332275,0.0
2024-12-10,2718.39990234375,2721.699951171875,2680.699951171875,181509.0,32.362998962402344,32.362998962402344,32.03499984741211,689.0,84.84729766845703,84.91410064697266,84.76460266113281,0.0,68.58999633789062,69.05999755859375,67.72000122070312,286003.0,4.2210001945495605,4.24399995803833,4.2170000076293945,0.0
2024-12-11,2756.699951171875,2759.699951171875,2719.10009765625,264985.0,32.5620002746582,32.5620002746582,32.20500183105469,484.0,84.8740005493164,84.9093017578125,84.77549743652344,0.0,70.29000091552734,70.52999877929688,68.44000244140625,335892.0,4.270999908447266,4.2769999504089355,4.201000213623047,0.0
2024-12-12,2709.39990234375,2761.300048828125,2696.699951171875,219468.0,31.22800064086914,32.77000045776367,31.225000381469727,108.0,84.85710144042969,85.05110168457031,84.82440185546875,0.0,70.0199966430664,70.72000122070312,69.13999938964844,326046.0,4.323999881744385,4.331999778747559,4.269000053405762,0.0
2024-12-13,2675.800048828125,2716.39990234375,2663.300048828125,178685.0,30.655000686645508,31.0,30.559999465942383,47.0,84.83920288085938,85.01509857177734,84.77100372314453,0.0,71.29000091552734,71.41999816894531,69.87000274658203,230429.0,4.39900016784668,4.4029998779296875,4.3420000076293945,0.0
2024-12-16,2670.0,2683.39990234375,2661.39990234375,115996.0,30.69700050354004,30.815000534057617,30.68000030517578,36.0,84.802001953125,84.92720031738281,84.76570129394531,0.0,70.70999908447266,71.44000244140625,70.37000274658203,204296.0,4.396999835968018,4.410999774932861,4.361000061035156,0.0
2024-12-17,2662.0,2675.800048828125,2646.10009765625,147053.0,30.572999954223633,30.572999954223633,30.290000915527344,365.0,84.91729736328125,85.13970184326172,84.69300079345703,0.0,70.08000183105469,70.91999816894531,69.18000030517578,99604.0,4.385000228881836,4.434000015258789,4.373000144958496,0.0
2024-12-18,2653.300048828125,2667.60009765625,2598.10009765625,156334.0,30.40999984741211,30.440000534057617,29.8799991607666,290.0,84.91539764404297,85.15599822998047,84.80500030517578,0.0,70.58000183105469,71.37999725341797,69.98999786376953,99386.0,4.49399995803833,4.498000144958496,4.382999897003174,0.0
2024-12-19,2608.10009765625,2640.89990234375,2596.699951171875,191587.0,29.0939998626709,29.614999771118164,28.854999542236328,81.0,85.16549682617188,85.33679962158203,84.99610137939453,0.0,69.91000366210938,71.26000213623047,69.69999694824219,291660.0,4.570000171661377,4.593999862670898,4.5279998779296875,0.0
2024-12-20,2645.10009765625,2653.800048828125,2603.699951171875,153567.0,29.65999984741211,29.844999313354492,29.104999542236328,61.0,85.27940368652344,85.33930206298828,84.93479919433594,0.0,69.45999908447266,69.8499984741211,68.41999816894531,231592.0,4.52400016784668,4.546000003814697,4.484000205993652,0.0
2024-12-23,2628.199951171875,2646.800048828125,2623.199951171875,105131.0,29.88800048828125,29.989999771118164,29.88800048828125,54.0,84.94499969482422,85.13140106201172,84.93689727783203,0.0,69.23999786376953,69.94000244140625,68.58999633789062,188843.0,4.598999977111816,4.598999977111816,4.533999919891357,0.0
2024-12-24,2635.5,2635.800048828125,2624.199951171875,53366.0,29.974000930786133,29.974000930786133,29.974000930786133,66.0,85.0988998413086,85.20970153808594,85.00499725341797,0.0,70.0999984741211,70.43000030517578,69.36000061035156,122602.0,4.591000080108643,4.629000186920166,4.583000183105469,0.0
2024-12-25,2635.5,2635.800048828125,2624.199951171875,53366.0,29.974000930786133,29.974000930786133,29.974000930786133,66.0,85.18150329589844,85.54720306396484,82.74500274658203,0.0,70.0999984741211,70.43000030517578,69.36000061035156,122602.0,4.591000080108643,4.629000186920166,4.583000183105469,0.0
2024-12-26,2653.89990234375,2655.699951171875,2634.10009765625,79265.0,30.047000885009766,30.114999771118164,29.979999542236328,109.0,85.41339874267578,85.42030334472656,85.01000213623047,0.0,69.62000274658203,70.75,69.33000183105469,144877.0,4.578999996185303,4.640999794006348,4.572999954223633,0.0
2024-12-27,2631.89990234375,2654.60009765625,2625.199951171875,93897.0,29.655000686645508,29.934999465942383,29.604999542236328,502.0,85.26090240478516,85.81780242919922,81.50740051269531,0.0,70.5999984741211,70.75,69.44000244140625,172641.0,4.61899995803833,4.623000144958496,4.574999809265137,0.0
2024-12-30,2618.10009765625,2640.699951171875,2608.39990234375,110915.0,29.106000900268555,29.719999313354492,28.989999771118164,200.0,85.38600158691406,85.58499908447266,85.26390075683594,0.0,70.98999786376953,71.55999755859375,70.12000274658203,199296.0,4.545000076293945,4.577000141143799,4.5370001792907715,0.0
2024-12-31,2641.0,2642.0,2614.300048828125,86292.0,28.940000534057617,29.170000076293945,28.940000534057617,172.0,85.7865982055664,85.79979705810547,77.50170135498047,0.0,71.72000122070312,72.0199966430664,70.87000274658203,151155.0,4.572999954223633,4.586999893188477,4.520999908447266,0.0
2025-01-02,2669.0,2674.199951171875,2636.10009765625,144517.0,29.621999740600586,29.71500015258789,29.260000228881836,307.0,85.78569793701172,86.03399658203125,85.5739974975586,0.0,73.12999725341797,73.7300033569336,71.79000091552734,306498.0,4.574999809265137,4.598999977111816,4.517000198364258,0.0
2025-01-03,2654.699951171875,2681.0,2649.699951171875,121173.0,29.805999755859375,30.079999923706055,29.805999755859375,91.0,85.80400085449219,86.07230377197266,85.706298828125,0.0,73.95999908447266,74.3499984741211,72.69999694824219,296040.0,4.5960001945495605,4.599999904632568,4.539000034332275,0.0
2025-01-06,2647.39990234375,2663.800048828125,2624.60009765625,169923.0,30.341999053955078,30.459999084472656,29.959999084472656,186.0,85.75900268554688,85.84100341796875,85.58429718017578,0.0,73.55999755859375,74.98999786376953,73.19999694824219,306042.0,4.618000030517578,4.644000053405762,4.578999996185303,0.0
2025-01-07,2665.39990234375,2678.5,2643.5,161617.0,30.44700050354004,30.44700050354004,30.44700050354004,6.0,85.68070220947266,85.7938003540039,84.9395980834961,0.0,74.25,74.52999877929688,73.11000061035156,277328.0,4.683000087738037,4.698999881744385,4.625999927520752,0.0
2025-01-08,2672.39990234375,2687.0,2658.39990234375,197370.0,30.45199966430664,30.649999618530273,30.280000686645508,46.0,85.80650329589844,85.98560333251953,85.70600128173828,0.0,73.31999969482422,75.29000091552734,73.16000366210938,328617.0,4.692999839782715,4.716000080108643,4.672999858856201,0.0
2025-01-09,2690.800048828125,2696.800048828125,2673.699951171875,156645.0,30.791000366210938,30.96500015258789,30.735000610351562,192.0,85.90750122070312,86.18499755859375,85.82530212402344,0.0,73.91999816894531,74.31999969482422,72.83999633789062,213421.0,4.692999839782715,4.716000080108643,4.672999858856201,0.0
2025-01-10,2715.0,2735.0,2686.89990234375,298408.0,31.090999603271484,31.53499984741211,31.09000015258789,60.0,85.91999816894531,86.16079711914062,85.84110260009766,0.0,76.56999969482422,77.86000061035156,74.0199966430664,478432.0,4.776000022888184,4.789999961853027,4.693999767303467,0.0
2025-01-13,2678.60009765625,2723.800048828125,2675.199951171875,211094.0,30.090999603271484,30.274999618530273,30.090999603271484,2.0,86.18800354003906,86.7260971069336,86.09919738769531,0.0,78.81999969482422,79.2699966430664,76.54000091552734,460942.0,4.802999973297119,4.804999828338623,4.758999824523926,0.0
2025-01-14,2682.300048828125,2693.699951171875,2672.0,179414.0,30.131999969482422,30.19499969482422,30.131999969482422,66.0,86.65059661865234,86.85530090332031,86.44409942626953,0.0,77.5,79.08999633789062,77.41000366210938,326729.0,4.788000106811523,4.809000015258789,4.755000114440918,0.0
2025-01-15,2717.800048828125,2722.699951171875,2685.39990234375,193720.0,31.319000244140625,31.350000381469727,30.875,21.0,86.535400390625,86.59880065917969,86.10929870605469,0.0,80.04000091552734,80.7699966430664,77.23999786376953,321422.0,4.6529998779296875,4.77400016784668,4.63700008392334,0.0
2025-01-16,2750.89990234375,2757.89990234375,2720.39990234375,186543.0,31.523000717163086,31.674999237060547,31.329999923706055,109.0,86.43099975585938,86.64219665527344,86.2520980834961,0.0,78.68000030517578,80.58999633789062,77.87000274658203,159948.0,4.605999946594238,4.693999767303467,4.5879998207092285,0.0
2025-01-17,2748.699951171875,2759.199951171875,2729.199951171875,156868.0,30.951000213623047,31.209999084472656,30.951000213623047,5.0,86.6061019897461,86.66919708251953,86.0647964477539,0.0,77.87999725341797,79.44000244140625,77.76000213623047,112409.0,4.609000205993652,4.625,4.567999839782715,0.0
2025-01-20,2748.699951171875,2759.199951171875,2729.199951171875,156868.0,30.951000213623047,31.209999084472656,30.951000213623047,5.0,86.56900024414062,86.57630157470703,86.14119720458984,0.0,77.87999725341797,79.44000244140625,77.76000213623047,112409.0,4.609000205993652,4.625,4.567999839782715,0.0
2025-01-21,2759.199951171875,2762.0,2715.60009765625,294121.0,31.31100082397461,31.31100082397461,30.774999618530273,215.0,86.21109771728516,86.61759948730469,86.20230102539062,0.0,75.88999938964844,78.47000122070312,75.48999786376953,568807.0,4.573999881744385,4.585000038146973,4.552000045776367,0.0
2025-01-22,2770.89990234375,2774.39990234375,2756.199951171875,158141.0,31.23900032043457,31.23900032043457,30.9950008392334,7.0,86.45189666748047,86.59300231933594,86.28900146484375,0.0,75.44000244140625,76.44999694824219,75.27999877929688,315333.0,4.598999977111816,4.617000102996826,4.559999942779541,0.0
2025-01-23,2765.0,2767.10009765625,2741.0,194742.0,30.67300033569336,30.67300033569336,30.399999618530273,2.0,86.47270202636719,86.58799743652344,86.36900329589844,0.0,74.62000274658203,76.0,74.13999938964844,350688.0,4.638000011444092,4.664000034332275,4.617000102996826,0.0
2025-01-24,2778.89990234375,2794.800048828125,2761.0,199562.0,31.023000717163086,31.075000762939453,30.989999771118164,112.0,86.44020080566406,86.48629760742188,86.1500015258789,0.0,74.66000366210938,75.20999908447266,74.01000213623047,319679.0,4.625999927520752,4.6620001792907715,4.605000019073486,0.0
2025-01-27,2738.39990234375,2778.10009765625,2732.0,215514.0,30.253999710083008,30.253999710083008,30.253999710083008,111.0,86.2030029296875,86.44400024414062,86.18460083007812,0.0,73.16999816894531,75.1500015258789,72.37999725341797,334418.0,4.5279998779296875,4.565000057220459,4.521999835968018,0.0
2025-01-28,2767.5,2774.0,2737.39990234375,171359.0,30.726999282836914,30.726999282836914,30.364999771118164,132.0,86.46839904785156,86.58699798583984,86.4020004272461,0.0,73.7699966430664,74.30999755859375,72.93000030517578,326075.0,4.551000118255615,4.578999996185303,4.545000076293945,0.0
2025-01-29,2769.800048828125,2778.10009765625,2761.0,125692.0,31.238000869750977,31.238000869750977,31.238000869750977,263.0,86.58460235595703,86.69529724121094,86.48799896240234,0.0,72.62000274658203,74.08000183105469,72.33000183105469,312733.0,4.554999828338623,4.591000080108643,4.510000228881836,0.0
2025-01-30,2823.0,2829.5,2770.0,40141.0,32.36399841308594,32.599998474121094,31.469999313354492,557.0,86.6406021118164,86.65299987792969,86.54630279541016,0.0,72.7300033569336,73.83999633789062,72.0199966430664,336475.0,4.51200008392334,4.5370001792907715,4.48799991607666,0.0
2025-01-31,2812.5,2838.0,2804.0,165676.0,32.12799835205078,32.7599983215332,32.11000061035156,162.0,86.64700317382812,86.71820068359375,86.54519653320312,0.0,72.52999877929688,73.83999633789062,71.94000244140625,376335.0,4.568999767303467,4.568999767303467,4.501999855041504,0.0
2025-02-03,2857.10009765625,2872.0,2802.199951171875,181344.0,32.391998291015625,32.459999084472656,31.6299991607666,444.0,86.55400085449219,87.32559967041016,86.55400085449219,0.0,73.16000366210938,75.18000030517578,72.05000305175781,517853.0,4.543000221252441,4.557000160217285,4.461999893188477,0.0
2025-02-04,2875.800048828125,2877.10009765625,2837.39990234375,145862.0,32.88800048828125,32.88800048828125,32.1150016784668,744.0,86.94339752197266,87.12419891357422,86.93550109863281,0.0,72.69999694824219,73.3499984741211,70.66999816894531,452961.0,4.513000011444092,4.5980000495910645,4.508999824523926,0.0
2025-02-05,2893.0,2906.0,2870.10009765625,167383.0,32.856998443603516,32.856998443603516,32.6349983215332,42.0,87.13009643554688,87.47859954833984,87.08599853515625,0.0,71.02999877929688,72.97000122070312,70.95999908447266,289902.0,4.421999931335449,4.473999977111816,4.400000095367432,0.0
2025-02-06,2876.699951171875,2894.199951171875,2855.0,167701.0,32.518001556396484,32.518001556396484,32.3849983215332,651.0,87.33409881591797,87.6718978881836,87.33409881591797,0.0,70.61000061035156,71.8499984741211,70.43000030517578,299037.0,4.440000057220459,4.460000038146973,4.4120001792907715,0.0
2025-02-07,2887.60009765625,2910.60009765625,2876.10009765625,192551.0,32.334999084472656,32.7400016784668,32.11000061035156,172.0,87.58830261230469,87.84269714355469,87.31759643554688,0.0,71.0,71.41000366210938,70.47000122070312,273766.0,4.486999988555908,4.513000011444092,4.3979997634887695,0.0
2025-02-10,2934.39990234375,2938.10009765625,2879.89990234375,167232.0,32.391998291015625,32.391998291015625,32.310001373291016,456.0,87.51309967041016,88.07129669189453,87.40859985351562,0.0,72.31999969482422,72.54000091552734,70.83999633789062,255941.0,4.493000030517578,4.499000072479248,4.458000183105469,0.0
2025-02-11,2932.60009765625,2968.5,2907.0,218478.0,32.23099899291992,32.2599983215332,31.635000228881836,23.0,87.49009704589844,87.57170104980469,86.59259796142578,0.0,73.31999969482422,73.68000030517578,72.30999755859375,266819.0,4.5370001792907715,4.546999931335449,4.525000095367432,0.0
2025-02-12,2928.699951171875,2936.5,2886.5,204625.0,32.69499969482422,32.755001068115234,31.96500015258789,80.0,86.81120300292969,87.0271987915039,86.2886962890625,0.0,71.37000274658203,73.22000122070312,71.16999816894531,318123.0,4.63700008392334,4.659999847412109,4.5269999504089355,0.0
2025-02-13,2945.39990234375,2958.800048828125,2925.800048828125,169496.0,32.650001525878906,32.880001068115234,32.53499984741211,119.0,86.8740005493164,87.01129913330078,86.68409729003906,0.0,71.29000091552734,71.5999984741211,70.22000122070312,278197.0,4.525000095367432,4.61899995803833,4.514999866485596,0.0
2025-02-14,2900.699951171875,2964.10009765625,2889.89990234375,228078.0,32.80099868774414,34.08000183105469,32.75,153.0,86.75409698486328,86.88999938964844,86.53810119628906,0.0,70.73999786376953,72.0199966430664,70.5199966430664,207719.0,4.4720001220703125,4.5329999923706055,4.447000026702881,0.0
2025-02-17,2900.699951171875,2964.10009765625,2889.89990234375,228078.0,32.80099868774414,34.08000183105469,32.75,153.0,86.43460083007812,86.90609741210938,86.63259887695312,0.0,70.73999786376953,72.0199966430664,70.5199966430664,207719.0,4.4720001220703125,4.5329999923706055,4.447000026702881,0.0
2025-02-18,2949.0,2956.5,2887.60009765625,218757.0,33.31700134277344,33.36000061035156,32.7599983215332,201.0,86.85479736328125,86.97599792480469,86.84500122070312,0.0,71.8499984741211,72.06999969482422,70.12000274658203,130937.0,4.544000148773193,4.546000003814697,4.506999969482422,0.0
2025-02-19,2936.10009765625,2964.39990234375,2933.699951171875,159341.0,32.99300003051758,33.560001373291016,32.99300003051758,21.0,86.88719940185547,86.95230102539062,86.80169677734375,0.0,72.25,73.04000091552734,71.70999908447266,69012.0,4.534999847412109,4.576000213623047,4.5289998054504395,0.0
2025-02-20,2956.10009765625,2973.39990234375,2939.300048828125,172197.0,33.444000244140625,33.444000244140625,33.444000244140625,0.0,86.872802734375,86.91329956054688,86.53060150146484,0.0,72.56999969482422,73.25,71.8499984741211,240060.0,4.5,4.525000095367432,4.492000102996826,0.0
2025-02-21,2953.199951171875,2964.699951171875,2930.10009765625,163686.0,32.97600173950195,33.32500076293945,32.97600173950195,96.0,86.45120239257812,86.76300048828125,86.44640350341797,0.0,70.4000015258789,72.7699966430664,70.16999816894531,268470.0,4.420000076293945,4.500999927520752,4.406000137329102,0.0
2025-02-24,2963.199951171875,2974.0,2936.800048828125,162775.0,32.57500076293945,32.85499954223633,32.57500076293945,115.0,86.52940368652344,86.7510986328125,86.50479888916016,0.0,70.69999694824219,70.94000244140625,69.80000305175781,205468.0,4.39300012588501,4.451000213623047,4.388999938964844,0.0
2025-02-25,2918.800048828125,2970.39990234375,2897.0,234850.0,31.801000595092773,32.439998626708984,31.801000595092773,72.0,86.69010162353516,87.25240325927734,86.68199920654297,0.0,68.93000030517578,71.26000213623047,68.68000030517578,267310.0,4.297999858856201,4.335000038146973,4.2829999923706055,0.0
2025-02-26,2930.60009765625,2942.0,2903.300048828125,163371.0,32.25299835205078,32.25299835205078,32.25299835205078,36515.0,87.0811996459961,87.18879699707031,87.03099822998047,0.0,68.62000274658203,69.27999877929688,68.36000061035156,255601.0,4.249000072479248,4.314000129699707,4.247000217437744,0.0
2025-02-27,2895.89990234375,2935.800048828125,2879.0,207650.0,31.801000595092773,32.290000915527344,31.469999313354492,10140.0,87.16220092773438,87.42639923095703,87.09480285644531,0.0,70.3499984741211,70.54000091552734,68.61000061035156,265933.0,4.284999847412109,4.308000087738037,4.26800012588501,0.0
2025-02-28,2848.5,2896.10009765625,2844.10009765625,210560.0,31.2189998626709,31.645000457763672,31.084999084472656,1641.0,87.3270034790039,87.54199981689453,87.26480102539062,0.0,69.76000213623047,70.29000091552734,69.13999938964844,250074.0,4.230999946594238,4.2769999504089355,4.214000225067139,0.0
2025-03-03,2901.10009765625,2906.39990234375,2866.300048828125,177018.0,32.03200149536133,32.209999084472656,31.375,872.0,87.46399688720703,87.46399688720703,87.24169921875,0.0,68.37000274658203,70.5999984741211,67.88999938964844,332751.0,4.179999828338623,4.25600004196167,4.170000076293945,0.0
2025-03-04,2920.60009765625,2939.800048828125,2892.5,188515.0,32.108001708984375,32.290000915527344,31.770000457763672,762.0,87.32959747314453,87.3949966430664,87.1229019165039,0.0,68.26000213623047,68.55999755859375,66.7699966430664,386750.0,4.210000038146973,4.2179999351501465,4.105999946594238,0.0
2025-03-05,2926.0,2941.300048828125,2903.39990234375,183016.0,32.858001708984375,33.0,32.16999816894531,912.0,87.21700286865234,87.33540344238281,86.82479858398438,0.0,66.30999755859375,68.0999984741211,65.22000122070312,382493.0,4.264999866485596,4.283999919891357,4.184999942779541,0.0
2025-03-06,2926.60009765625,2935.89990234375,2897.60009765625,166364.0,33.0629997253418,33.0629997253418,32.630001068115234,370.0,86.88929748535156,87.14189910888672,86.82330322265625,0.0,66.36000061035156,67.08999633789062,65.58999633789062,341632.0,4.285999774932861,4.343999862670898,4.267000198364258,0.0
2025-03-07,2914.10009765625,2938.800048828125,2905.300048828125,237577.0,32.54800033569336,32.93000030517578,32.404998779296875,926.0,87.12879943847656,87.20469665527344,86.85759735107422,0.0,67.04000091552734,68.22000122070312,66.12000274658203,329710.0,4.316999912261963,4.328000068664551,4.210999965667725,0.0
2025-03-10,2899.39990234375,2926.39990234375,2885.199951171875,221609.0,32.275001525878906,32.76499938964844,32.10499954223633,300.0,87.07379913330078,87.36419677734375,86.87249755859375,0.0,66.02999877929688,67.5999984741211,65.80000305175781,249633.0,4.2129998207092285,4.250999927520752,4.197999954223633,0.0
2025-03-11,2920.89990234375,2929.0,2882.5,194119.0,32.88800048828125,33.1349983215332,32.27000045776367,243.0,87.3551025390625,87.3917007446289,87.14250183105469,0.0,66.25,67.16999816894531,65.29000091552734,222511.0,4.288000106811523,4.295000076293945,4.188000202178955,0.0
2025-03-12,2946.800048828125,2948.89990234375,2911.0,209823.0,33.48400115966797,33.5,33.189998626708984,689.0,87.20010375976562,87.30490112304688,87.09880065917969,0.0,67.68000030517578,67.87999725341797,66.1500015258789,246675.0,4.317999839782715,4.331999778747559,4.250999927520752,0.0
2025-03-13,2991.300048828125,3001.5,2942.199951171875,256564.0,34.05099868774414,34.404998779296875,33.349998474121094,345.0,87.3405990600586,87.3405990600586,86.92859649658203,0.0,66.55000305175781,67.94000244140625,66.37000274658203,268590.0,4.27400016784668,4.353000164031982,4.258999824523926,0.0
2025-03-14,3001.10009765625,3017.10009765625,2988.60009765625,181492.0,34.1870002746582,34.55500030517578,34.05500030517578,191.0,86.9220962524414,86.99569702148438,86.86630249023438,0.0,67.18000030517578,67.4800033569336,66.58999633789062,180495.0,4.308000087738037,4.323999881744385,4.290999889373779,0.0
2025-03-17,3006.10009765625,3010.89990234375,2991.39990234375,142155.0,34.07400131225586,34.1150016784668,33.96500015258789,333.0,86.93900299072266,86.96980285644531,86.69049835205078,0.0,67.58000183105469,68.37000274658203,67.25,161298.0,4.306000232696533,4.330999851226807,4.257999897003174,0.0
2025-03-18,3040.800048828125,3047.5,3008.199951171875,177098.0,34.57899856567383,34.57899856567383,34.404998779296875,15.0,86.91639709472656,86.91809844970703,86.51290130615234,0.0,66.9000015258789,68.72000122070312,66.55999755859375,110338.0,4.281000137329102,4.339000225067139,4.265999794006348,0.0
2025-03-19,3041.199951171875,3061.60009765625,3031.300048828125,145404.0,33.974998474121094,34.39500045776367,33.974998474121094,193.0,86.57610321044922,86.66000366210938,86.27469635009766,0.0,67.16000366210938,67.62999725341797,66.20999908447266,73077.0,4.25600004196167,4.322999954223633,4.251999855041504,0.0
2025-03-20,3043.800048828125,3065.199951171875,3032.800048828125,141231.0,33.7859992980957,33.810001373291016,33.689998626708984,257.0,86.33709716796875,86.39900207519531,86.17639923095703,0.0,68.26000213623047,68.47000122070312,66.87999725341797,283376.0,4.232999801635742,4.245999813079834,4.173999786376953,0.0
2025-03-21,3021.39990234375,3055.0,3004.10009765625,190470.0,33.290000915527344,33.290000915527344,33.290000915527344,189.0,86.33609771728516,86.34120178222656,85.92990112304688,0.0,68.27999877929688,68.6500015258789,67.6500015258789,198964.0,4.251999855041504,4.25600004196167,4.199999809265137,0.0
2025-03-24,3015.60009765625,3038.39990234375,3007.699951171875,202822.0,33.26499938964844,33.47999954223633,33.26499938964844,88.0,85.98699951171875,86.03800201416016,85.47200012207031,0.0,69.11000061035156,69.33000183105469,67.94999694824219,247024.0,4.330999851226807,4.339000225067139,4.288000106811523,0.0
2025-03-25,3025.89990234375,3042.39990234375,3010.800048828125,172592.0,34.00199890136719,34.09000015258789,33.459999084472656,14.0,85.53209686279297,85.82869720458984,85.53099822998047,0.0,69.0,69.68000030517578,68.5199966430664,258411.0,4.307000160217285,4.363999843597412,4.297999858856201,0.0
2025-03-26,3022.5,3036.10009765625,3017.800048828125,172002.0,34.03300094604492,34.30500030517578,33.994998931884766,134.0,85.59040069580078,85.85980224609375,85.59310150146484,0.0,69.6500015258789,70.22000122070312,69.05999755859375,262413.0,4.3379998207092285,4.361999988555908,4.327000141143799,0.0
2025-03-27,3061.0,3071.300048828125,3022.300048828125,124359.0,34.89699935913086,34.89699935913086,34.89699935913086,1017.0,86.09539794921875,86.09629821777344,85.63300323486328,0.0,69.91999816894531,69.97000122070312,69.12000274658203,211825.0,4.36899995803833,4.38700008392334,4.355999946594238,0.0
2025-03-28,3086.5,3094.89990234375,3066.800048828125,31206.0,34.64400100708008,35.26499938964844,34.560001373291016,316.0,85.69490051269531,85.78099822998047,85.4186019897461,0.0,69.36000061035156,70.08999633789062,68.87000274658203,246650.0,4.255000114440918,4.340000152587891,4.250999927520752,0.0
2025-03-31,3122.800048828125,3132.5,3086.0,228393.0,34.457000732421875,35.0,34.400001525878906,97.0,85.53880310058594,85.53939819335938,85.2654037475586,0.0,71.4800033569336,71.83000183105469,68.80999755859375,313087.0,4.245999813079834,4.258999824523926,4.191999912261963,0.0
2025-04-01,3146.0,3177.0,3130.5,197314.0,34.15800094604492,34.665000915527344,34.15800094604492,97.0,85.46810150146484,85.81729888916016,85.37519836425781,0.0,71.19999694824219,72.0999984741211,71.02999877929688,272832.0,4.156000137329102,4.185999870300293,4.132999897003174,0.0
2025-04-02,3166.199951171875,3201.60009765625,3135.699951171875,223124.0,34.499000549316406,34.85499954223633,34.499000549316406,558.0,85.61009979248047,85.7063980102539,85.39569854736328,0.0,71.70999908447266,72.27999877929688,70.58999633789062,286501.0,4.196000099182129,4.22599983215332,4.110000133514404,0.0
2025-04-03,3121.699951171875,3196.60009765625,3073.5,382860.0,31.8439998626709,34.1349983215332,31.625,63.0,85.65119934082031,85.910400390625,85.20230102539062,0.0,66.94999694824219,70.41000366210938,65.9800033569336,459238.0,4.054999828338623,4.073999881744385,4.004000186920166,0.0
2025-04-04,3035.39990234375,3160.199951171875,3032.699951171875,341150.0,29.115999221801758,31.5,29.115999221801758,61.0,85.28289794921875,85.63829803466797,84.92500305175781,0.0,61.9900016784668,66.9000015258789,60.45000076293945,559638.0,3.984999895095825,4.014999866485596,3.885999917984009,0.0
2025-04-07,2973.60009765625,3084.39990234375,2970.39990234375,328515.0,29.510000228881836,30.459999084472656,28.309999465942383,310.0,85.529296875,86.03240203857422,83.23609924316406,0.0,60.70000076293945,63.900001525878906,58.95000076293945,597617.0,4.15500020980835,4.210000038146973,3.9719998836517334,0.0
2025-04-08,2990.199951171875,3037.89990234375,2988.60009765625,197577.0,29.591999053955078,30.31999969482422,29.591999053955078,64.0,86.0270004272461,86.31089782714844,85.81120300292969,0.0,59.58000183105469,61.75,57.880001068115234,557655.0,4.26200008392334,4.275000095367432,4.164000034332275,0.0
2025-04-09,3079.39990234375,3118.5,2983.300048828125,298325.0,30.322999954223633,30.322999954223633,29.2549991607666,137.0,86.435302734375,86.74299621582031,86.1312026977539,0.0,62.349998474121094,62.93000030517578,55.119998931884766,592250.0,4.400000095367432,4.473999977111816,4.3429999351501465,0.0
2025-04-10,3177.5,3195.0,3086.10009765625,234973.0,30.67099952697754,31.049999237060547,30.67099952697754,4.0,86.20929718017578,86.3311996459961,85.60369873046875,0.0,60.06999969482422,63.34000015258789,58.7599983215332,391826.0,4.394000053405762,4.400000095367432,4.289000034332275,0.0
2025-04-11,3244.60009765625,3263.0,3193.39990234375,247317.0,31.823999404907227,31.823999404907227,31.114999771118164,24.0,86.2603988647461,86.26689910888672,85.93720245361328,0.0,61.5,61.869998931884766,59.43000030517578,306231.0,4.493000030517578,4.5920000076293945,4.427000045776367,0.0
2025-04-14,3226.300048828125,3261.60009765625,3208.699951171875,189619.0,32.09199905395508,32.09199905395508,31.799999237060547,17.0,86.19300079345703,86.20030212402344,85.78579711914062,0.0,61.529998779296875,62.68000030517578,60.59000015258789,238068.0,4.363999843597412,4.458000183105469,4.360000133514404,0.0
2025-04-15,3240.39990234375,3250.89990234375,3225.5,123474.0,32.22700119018555,32.22700119018555,32.22700119018555,45.0,86.0447998046875,86.04499816894531,85.59089660644531,0.0,61.33000183105469,62.060001373291016,60.880001068115234,197404.0,4.322999954223633,4.39900016784668,4.308000087738037,0.0
2025-04-16,3346.39990234375,3358.39990234375,3245.199951171875,258376.0,32.92599868774414,33.025001525878906,32.755001068115234,97.0,85.72669982910156,85.76329803466797,85.50800323486328,0.0,62.470001220703125,62.97999954223633,60.439998626708984,213194.0,4.2789998054504395,4.3520002365112305,4.275000095367432,0.0
2025-04-17,3328.39990234375,3371.89990234375,3296.39990234375,242065.0,32.41999816894531,32.58000183105469,32.09000015258789,168.0,85.62049865722656,85.62560272216797,85.29740142822266,0.0,64.68000030517578,64.86000061035156,62.61000061035156,111479.0,4.333000183105469,4.343999862670898,4.2779998779296875,0.0
2025-04-21,3425.300048828125,3442.300048828125,3344.0,243457.0,32.49599838256836,32.78499984741211,32.49599838256836,56.0,85.62049865722656,85.62560272216797,85.29740142822266,0.0,63.08000183105469,64.41999816894531,62.45000076293945,82671.0,4.40500020980835,4.4070000648498535,4.333000183105469,0.0
2025-04-22,3419.39990234375,3509.89990234375,3379.10009765625,423078.0,32.880001068115234,32.880001068115234,32.880001068115234,1.0,85.15889739990234,85.23139953613281,84.972900390625,0.0,64.30999755859375,65.08999633789062,63.43000030517578,297928.0,4.388999938964844,4.4070000648498535,4.370999813079834,0.0
2025-04-23,3294.10009765625,3396.0,3270.800048828125,377411.0,33.518001556396484,33.54999923706055,33.518001556396484,52.0,85.2323989868164,85.52120208740234,85.19580078125,0.0,62.27000045776367,64.87000274658203,61.529998779296875,397841.0,4.38700008392334,4.39900016784668,4.261000156402588,0.0
2025-04-24,3348.60009765625,3377.0,3301.300048828125,239603.0,33.481998443603516,33.481998443603516,33.32500076293945,93.0,85.4999008178711,85.66519927978516,85.23690032958984,0.0,62.790000915527344,63.310001373291016,61.9900016784668,264908.0,4.304999828338623,4.3480000495910645,4.302999973297119,0.0
2025-04-25,3298.39990234375,3384.10009765625,3274.800048828125,241249.0,32.98899841308594,32.98899841308594,32.98899841308594,93.0,85.2573013305664,85.66290283203125,85.06079864501953,0.0,63.02000045776367,63.40999984741211,61.79999923706055,283758.0,4.265999794006348,4.293000221252441,4.250999927520752,0.0
2025-04-28,3347.699951171875,3363.800048828125,3278.0,217995.0,32.9900016784668,32.9900016784668,32.9900016784668,38963.0,85.38490295410156,85.45850372314453,84.95379638671875,0.0,62.04999923706055,63.91999816894531,61.47999954223633,276116.0,4.216000080108643,4.295000076293945,4.214000225067139,0.0
2025-04-29,3333.60009765625,3359.300048828125,3309.199951171875,170152.0,33.275001525878906,33.51499938964844,32.81999969482422,9484.0,85.1603012084961,85.37650299072266,84.95500183105469,0.0,60.41999816894531,62.06999969482422,60.119998931884766,312373.0,4.172999858856201,4.244999885559082,4.164000034332275,0.0
2025-04-30,3319.10009765625,3337.60009765625,3275.60009765625,207722.0,32.53099822998047,32.9900016784668,32.1349983215332,622.0,85.1707992553711,85.26390075683594,84.41529846191406,0.0,58.209999084472656,60.43000030517578,57.90999984741211,419549.0,4.177000045776367,4.229000091552734,4.135000228881836,0.0
2025-05-01,3222.199951171875,3300.60009765625,3209.39990234375,214691.0,32.18899917602539,32.55500030517578,31.684999465942383,556.0,84.53119659423828,84.716796875,84.3406982421875,0.0,59.2400016784668,59.5,56.38999938964844,364216.0,4.230999946594238,4.241000175476074,4.124000072479248,0.0
2025-05-02,3243.300048828125,3277.0,3229.5,210994.0,31.98900032043457,32.67499923706055,31.90999984741211,74.0,84.69670104980469,84.74819946289062,83.58270263671875,0.0,58.290000915527344,59.869998931884766,57.7400016784668,322096.0,4.322000026702881,4.331999778747559,4.224999904632568,0.0
2025-05-05,3322.300048828125,3346.699951171875,3243.10009765625,184904.0,32.20500183105469,32.47999954223633,31.915000915527344,224.0,84.52629852294922,84.55960083007812,72.96710205078125,0.0,57.130001068115234,57.70000076293945,55.29999923706055,308387.0,4.3429999351501465,4.370999813079834,4.297999858856201,0.0
2025-05-06,3422.800048828125,3444.5,3332.10009765625,268098.0,33.112998962402344,33.189998626708984,32.650001525878906,227.0,84.2208023071289,84.6167984008789,84.2145004272461,0.0,59.09000015258789,59.84000015258789,57.029998779296875,343893.0,4.308000087738037,4.36299991607666,4.306000232696533,0.0
2025-05-07,3391.89990234375,3448.199951171875,3367.0,304244.0,32.53099822998047,32.80500030517578,32.19499969482422,253.0,84.79319763183594,84.89129638671875,84.47319793701172,0.0,58.06999969482422,60.2599983215332,57.810001373291016,295238.0,4.275000095367432,4.328000068664551,4.260000228881836,0.0
2025-05-08,3306.0,3422.0,3293.300048828125,327126.0,32.37799835205078,32.44499969482422,32.275001525878906,526.0,84.81719970703125,85.88359832763672,84.52200317382812,0.0,59.90999984741211,60.290000915527344,57.7400016784668,281000.0,4.373000144958496,4.383999824523926,4.2829999923706055,0.0
2025-05-09,3344.0,3352.699951171875,3278.89990234375,232464.0,32.67599868774414,32.72999954223633,32.67599868774414,7.0,86.08219909667969,86.08290100097656,85.27110290527344,0.0,61.02000045776367,61.45000076293945,59.88999938964844,239640.0,4.375,4.3979997634887695,4.3429999351501465,0.0
2025-05-12,3228.0,3295.5,3211.199951171875,308534.0,32.38800048828125,32.8650016784668,31.93000030517578,90.0,85.4083023071289,85.40840148925781,83.71240234375,0.0,61.95000076293945,63.61000061035156,61.02000045776367,325865.0,4.456999778747559,4.468999862670898,4.428999900817871,0.0
2025-05-13,3247.800048828125,3270.39990234375,3220.10009765625,214423.0,32.86800003051758,33.20500183105469,32.80500030517578,28.0,84.9656982421875,85.46720123291016,84.60399627685547,0.0,63.66999816894531,63.900001525878906,61.650001525878906,258795.0,4.499000072479248,4.505000114440918,4.428999900817871,0.0
2025-05-14,3188.300048828125,3261.300048828125,3170.699951171875,233929.0,32.22600173950195,32.255001068115234,32.084999084472656,57.0,85.060302734375,85.51100158691406,84.90249633789062,0.0,63.150001525878906,63.68000030517578,62.75,225626.0,4.5279998779296875,4.53000020980835,4.4770002365112305,0.0
2025-05-15,3226.60009765625,3244.300048828125,3123.300048828125,253064.0,32.48099899291992,32.48099899291992,32.48099899291992,2.0,85.48760223388672,85.731201171875,85.20330047607422,0.0,61.619998931884766,62.90999984741211,60.470001220703125,258404.0,4.454999923706055,4.541999816894531,4.440999984741211,0.0
2025-05-16,3187.199951171875,3255.800048828125,3156.39990234375,245486.0,32.15800094604492,32.2400016784668,31.90999984741211,100.0,85.44490051269531,85.67539978027344,85.21700286865234,0.0,62.4900016784668,62.709999084472656,61.25,121556.0,4.440999984741211,4.445000171661377,4.388000011444092,0.0
2025-05-19,3233.5,3252.89990234375,3209.10009765625,185135.0,32.3129997253418,32.56999969482422,32.209999084472656,217.0,85.50029754638672,85.62860107421875,85.33300018310547,0.0,62.689998626708984,63.400001525878906,61.56999969482422,95570.0,4.474999904632568,4.561999797821045,4.4710001945495605,0.0
2025-05-20,3284.60009765625,3298.5,3207.39990234375,224088.0,32.97999954223633,33.064998626708984,32.06999969482422,35.0,85.37210083007812,85.63849639892578,85.36109924316406,0.0,62.560001373291016,63.16999816894531,62.189998626708984,250414.0,4.480999946594238,4.5229997634887695,4.4730000495910645,0.0
2025-05-21,3313.5,3327.199951171875,3287.0,229503.0,33.4630012512207,33.57500076293945,33.04499816894531,217.0,85.53610229492188,85.68470001220703,85.46710205078125,0.0,61.56999969482422,64.19000244140625,61.279998779296875,302702.0,4.5960001945495605,4.604000091552734,4.5229997634887695,0.0
2025-05-22,3295.0,3346.800048828125,3277.800048828125,234658.0,33.047000885009766,33.57500076293945,32.84000015258789,16.0,85.60030364990234,86.09980010986328,85.4655990600586,0.0,61.20000076293945,61.75,60.25,258549.0,4.552999973297119,4.629000186920166,4.540999889373779,0.0
2025-05-23,3365.800048828125,3366.5,3285.5,247200.0,33.44200134277344,33.53499984741211,33.099998474121094,44.0,85.97489929199219,86.02279663085938,85.08219909667969,0.0,61.529998779296875,61.880001068115234,60.02000045776367,273392.0,4.508999824523926,4.5269999504089355,4.465000152587891,0.0
2025-05-26,3365.800048828125,3366.5,3285.5,247200.0,33.44200134277344,33.53499984741211,33.099998474121094,44.0,85.19930267333984,85.19950103759766,84.768798828125,0.0,61.529998779296875,61.880001068115234,60.02000045776367,273392.0,4.508999824523926,4.5269999504089355,4.465000152587891,0.0
2025-05-27,3300.39990234375,3356.0,3283.0,297309.0,33.145999908447266,33.22999954223633,32.94499969482422,203.0,85.158203125,85.44840240478516,82.0958023071289,0.0,60.88999938964844,62.13999938964844,60.2599983215332,291317.0,4.434000015258789,4.486999988555908,4.432000160217285,0.0
2025-05-28,3294.89990234375,3324.5,3273.5,127758.0,33.0,33.14500045776367,32.95500183105469,656.0,85.3604965209961,85.72149658203125,85.24729919433594,0.0,61.84000015258789,62.540000915527344,60.849998474121094,260374.0,4.4770002365112305,4.500999927520752,4.438000202178955,0.0
2025-05-29,3317.10009765625,3328.800048828125,3242.39990234375,24370.0,33.28300094604492,33.439998626708984,32.65999984741211,686.0,85.38590240478516,85.61409759521484,85.38590240478516,0.0,60.939998626708984,63.06999969482422,60.54999923706055,299859.0,4.423999786376953,4.499000072479248,4.415999889373779,0.0
2025-05-30,3288.89990234375,3318.0,3270.89990234375,184770.0,32.891998291015625,32.974998474121094,32.891998291015625,380.0,85.36129760742188,85.64140319824219,85.23860168457031,0.0,60.790000915527344,61.720001220703125,59.7400016784668,384927.0,4.415999889373779,4.441999912261963,4.394000053405762,0.0
2025-06-02,3397.199951171875,3408.10009765625,3319.39990234375,180995.0,34.5629997253418,34.790000915527344,33.45000076293945,188.0,85.52429962158203,85.62169647216797,85.28410339355469,0.0,62.52000045776367,63.880001068115234,61.060001373291016,403580.0,4.461999893188477,4.46999979019165,4.418000221252441,0.0
2025-06-03,3377.10009765625,3417.800048828125,3357.199951171875,168220.0,34.50299835205078,34.50299835205078,34.314998626708984,14.0,85.36370086669922,85.70449829101562,85.28520202636719,0.0,63.40999984741211,63.88999938964844,62.400001525878906,291260.0,4.460000038146973,4.473999977111816,4.406000137329102,0.0
2025-06-04,3399.199951171875,3409.699951171875,3366.89990234375,167220.0,34.51900100708008,34.51900100708008,34.38999938964844,164.0,85.70880126953125,86.010498046875,85.55130004882812,0.0,62.849998474121094,63.959999084472656,62.16999816894531,321128.0,4.364999771118164,4.429999828338623,4.348999977111816,0.0
2025-06-05,3375.10009765625,3427.699951171875,3362.300048828125,224859.0,35.68899917602539,36.025001525878906,35.29999923706055,55.0,85.9041976928711,86.02770233154297,85.61949920654297,0.0,63.369998931884766,63.97999954223633,62.5,232423.0,4.394000053405762,4.400000095367432,4.317999839782715,0.0
2025-06-06,3346.60009765625,3398.300048828125,3328.800048828125,185366.0,36.025001525878906,36.35499954223633,35.6349983215332,367.0,85.87750244140625,85.94000244140625,85.47799682617188,0.0,64.58000183105469,64.80000305175781,62.81999969482422,310133.0,4.510000228881836,4.51200008392334,4.400000095367432,0.0
2025-06-09,3354.89990234375,3359.0,3313.10009765625,142005.0,36.6879997253418,36.6879997253418,36.6879997253418,28.0,85.7853012084961,85.85600280761719,85.48880004882812,0.0,65.29000091552734,65.43000030517578,64.19999694824219,235900.0,4.48199987411499,4.51800012588501,4.46999979019165,0.0
2025-06-10,3343.39990234375,3370.39990234375,3321.300048828125,158897.0,36.54199981689453,36.54199981689453,36.45000076293945,133.0,85.75599670410156,85.75599670410156,85.50800323486328,0.0,64.9800033569336,66.27999877929688,64.56999969482422,279021.0,4.473999977111816,4.48199987411499,4.440000057220459,0.0
2025-06-11,3343.699951171875,3382.300048828125,3335.39990234375,201534.0,36.16600036621094,36.27000045776367,36.09000015258789,33.0,85.65280151367188,85.6532974243164,85.404296875,0.0,68.1500015258789,68.37000274658203,64.5999984741211,378473.0,4.4120001792907715,4.50600004196167,4.4070000648498535,0.0
2025-06-12,3402.39990234375,3419.800048828125,3358.5,230166.0,36.2130012512207,36.2130012512207,35.7599983215332,51.0,85.46980285644531,85.71289825439453,85.38050079345703,0.0,68.04000091552734,69.29000091552734,66.72000122070312,379394.0,4.35699987411499,4.38700008392334,4.343999862670898,0.0
2025-06-13,3452.800048828125,3468.0,3399.60009765625,270627.0,36.28099822998047,36.314998626708984,36.20000076293945,90.0,85.68840026855469,86.20439910888672,85.62039947509766,0.0,72.9800033569336,77.62000274658203,68.48999786376953,715652.0,4.423999786376953,4.446000099182129,4.340000152587891,0.0
2025-06-16,3417.300048828125,3476.300048828125,3400.89990234375,192505.0,36.37900161743164,36.37900161743164,36.25,6.0,86.24919891357422,86.24120330810547,85.77400207519531,0.0,71.7699966430664,77.48999786376953,69.37999725341797,367312.0,4.452000141143799,4.453999996185303,4.4029998779296875,0.0
2025-06-17,3406.89990234375,3422.699951171875,3384.39990234375,209083.0,37.09000015258789,37.255001068115234,36.810001373291016,60.0,86.10420227050781,86.38980102539062,85.88349914550781,0.0,74.83999633789062,75.54000091552734,71.0,154264.0,4.39300012588501,4.441999912261963,4.38100004196167,0.0
2025-06-18,3408.10009765625,3419.0,3380.10009765625,0.0,36.86600112915039,37.17499923706055,36.86600112915039,0.0,86.36270141601562,86.54630279541016,86.25260162353516,0.0,75.13999938964844,76.06999969482422,72.94000244140625,0.0,4.396999835968018,4.39900016784668,4.3460001945495605,0.0
2025-06-19,3408.10009765625,3419.0,3380.10009765625,0.0,36.86600112915039,37.17499923706055,36.86600112915039,0.0,86.61360168457031,86.90170288085938,86.32530212402344,0.0,75.13999938964844,76.06999969482422,72.94000244140625,0.0,4.396999835968018,4.39900016784668,4.3460001945495605,0.0
2025-06-20,3385.699951171875,3405.199951171875,3356.199951171875,280833.0,35.97600173950195,35.97600173950195,35.775001525878906,2.0,86.58380126953125,86.76309967041016,86.47100067138672,0.0,74.93000030517578,77.58000183105469,74.30000305175781,678377.0,4.375,4.442999839782715,4.361000061035156,0.0
2025-06-23,3395.0,3413.800048828125,3361.39990234375,193872.0,36.15299987792969,36.165000915527344,36.15299987792969,7.0,86.5802993774414,87.02940368652344,86.55180358886719,0.0,68.51000213623047,78.4000015258789,66.5999984741211,728868.0,4.320000171661377,4.361000061035156,4.290999889373779,0.0
2025-06-24,3333.89990234375,3385.0,3308.300048828125,227429.0,35.70100021362305,35.83000183105469,35.599998474121094,10.0,86.23300170898438,86.35459899902344,85.9000015258789,0.0,64.37000274658203,67.83000183105469,64.0,541475.0,4.293000221252441,4.370999813079834,4.284999847412109,0.0
2025-06-25,3343.10009765625,3351.300048828125,3325.5,130010.0,36.084999084472656,36.084999084472656,36.084999084472656,2.0,85.90480041503906,86.1270980834961,85.79019927978516,0.0,64.91999816894531,66.02999877929688,64.51000213623047,278504.0,4.293000221252441,4.3379998207092285,4.293000221252441,0.0
2025-06-26,3348.0,3363.89990234375,3322.5,155584.0,36.58599853515625,36.58599853515625,36.310001373291016,43116.0,86.006103515625,86.11810302734375,85.58699798583984,0.0,65.23999786376953,66.41999816894531,64.66000366210938,233771.0,4.252999782562256,4.293000221252441,4.25,0.0
2025-06-27,3287.60009765625,3341.39990234375,3266.5,218869.0,36.0369987487793,36.63999938964844,35.6349983215332,7734.0,85.66639709472656,85.77970123291016,85.37249755859375,0.0,65.5199966430664,66.08999633789062,64.80000305175781,236284.0,4.2829999923706055,4.293000221252441,4.239999771118164,0.0
2025-06-30,3307.699951171875,3321.60009765625,3250.5,144201.0,35.85200119018555,36.119998931884766,35.27000045776367,191.0,85.4552993774414,85.92769622802734,85.24199676513672,0.0,65.11000061035156,65.81999969482422,64.5,193289.0,4.230000019073486,4.2769999504089355,4.230000019073486,0.0
2025-07-01,3349.800048828125,3370.5,3313.699951171875,168854.0,36.082000732421875,36.5,35.845001220703125,74.0,85.71399688720703,85.74169921875,85.45929718017578,0.0,65.44999694824219,65.9800033569336,64.66999816894531,193162.0,4.250999927520752,4.2769999504089355,4.204999923706055,0.0
2025-07-02,3359.699951171875,3371.0,3337.199951171875,132187.0,36.42599868774414,36.45000076293945,35.97999954223633,512.0,85.6427993774414,85.77100372314453,85.510498046875,0.0,67.44999694824219,67.58000183105469,65.2300033569336,265200.0,4.293000221252441,4.308000087738037,4.263000011444092,0.0
2025-07-03,3342.89990234375,3376.89990234375,3321.39990234375,0.0,36.784000396728516,36.939998626708984,36.349998474121094,0.0,85.69409942626953,85.697998046875,85.19270324707031,0.0,67.0,67.58000183105469,66.52999877929688,0.0,4.3480000495910645,4.363999843597412,4.255000114440918,0.0
2025-07-04,3346.5,3355.0,3332.800048828125,0.0,36.775001525878906,36.775001525878906,36.775001525878906,0.0,85.31909942626953,85.5530014038086,85.30729675292969,0.0,66.5,67.18000030517578,66.04000091552734,0.0,4.3480000495910645,4.363999843597412,4.255000114440918,0.0
2025-07-07,3342.800048828125,3352.89990234375,3304.39990234375,235762.0,36.6150016784668,37.09000015258789,36.125,362.0,85.49629974365234,86.03009796142578,85.36100006103516,0.0,67.93000030517578,68.31999969482422,65.4000015258789,332949.0,4.394999980926514,4.39900016784668,4.349999904632568,0.0
2025-07-08,3316.89990234375,3355.60009765625,3295.39990234375,218029.0,36.47200012207031,36.685001373291016,36.2599983215332,463.0,85.89199829101562,85.89240264892578,85.62799835205078,0.0,68.33000183105469,68.91000366210938,67.33000183105469,219882.0,4.414999961853027,4.434999942779541,4.413000106811523,0.0
2025-07-09,3321.0,3325.60009765625,3290.199951171875,167968.0,36.35100173950195,36.3849983215332,36.27000045776367,34.0,85.7073974609375,85.91590118408203,85.59719848632812,0.0,68.37999725341797,68.94000244140625,67.69999694824219,223945.0,4.3420000076293945,4.422999858856201,4.340000152587891,0.0
2025-07-10,3325.699951171875,3339.39990234375,3319.199951171875,168190.0,37.03799819946289,37.40999984741211,36.63999938964844,746.0,85.70850372314453,85.76529693603516,85.45500183105469,0.0,66.56999969482422,68.6500015258789,66.44999694824219,258654.0,4.3460001945495605,4.375999927520752,4.3420000076293945,0.0
2025-07-11,3364.0,3381.60009765625,3332.300048828125,216883.0,38.67599868774414,38.93000030517578,37.45000076293945,687.0,85.73480224609375,85.9052963256836,85.65989685058594,0.0,68.44999694824219,68.7699966430664,66.5,226297.0,4.422999858856201,4.425000190734863,4.380000114440918,0.0
2025-07-14,3359.10009765625,3389.300048828125,3348.5,195336.0,38.46200180053711,39.13999938964844,38.36000061035156,103.0,85.82129669189453,86.04319763183594,84.55950164794922,0.0,66.9800033569336,69.6500015258789,66.80000305175781,263877.0,4.427000045776367,4.447000026702881,4.4029998779296875,0.0
2025-07-15,3336.699951171875,3375.39990234375,3327.300048828125,179884.0,37.83399963378906,38.33000183105469,37.67499923706055,183.0,85.96839904785156,86.0281982421875,85.7437973022461,0.0,66.5199966430664,67.12999725341797,66.22000122070312,252724.0,4.488999843597412,4.491000175476074,4.395999908447266,0.0
2025-07-16,3359.10009765625,3385.800048828125,3326.10009765625,235160.0,37.85300064086914,38.05500030517578,37.790000915527344,218.0,85.99310302734375,86.07129669189453,85.7249984741211,0.0,66.37999725341797,67.01000213623047,65.41999816894531,248346.0,4.454999923706055,4.488999843597412,4.436999797821045,0.0
2025-07-17,3345.300048828125,3358.199951171875,3314.300048828125,161740.0,38.055999755859375,38.19499969482422,37.84000015258789,147.0,85.88520050048828,86.13200378417969,85.79499816894531,0.0,67.54000091552734,67.69000244140625,66.29000091552734,188802.0,4.4629998207092285,4.493000030517578,4.428999900817871,0.0
2025-07-18,3358.300048828125,3368.0,3337.199951171875,115413.0,38.222999572753906,38.51499938964844,38.222999572753906,52.0,86.04650115966797,86.22450256347656,85.92539978027344,0.0,67.33999633789062,68.95999908447266,67.19999694824219,107628.0,4.432000160217285,4.441999912261963,4.415999889373779,0.0
2025-07-21,3406.39990234375,3416.89990234375,3351.0,191195.0,39.10100173950195,39.125,38.994998931884766,73.0,86.14859771728516,86.33920288085938,85.64600372314453,0.0,67.19999694824219,67.76000213623047,66.45999908447266,81194.0,4.372000217437744,4.383999824523926,4.3520002365112305,0.0
2025-07-22,3443.699951171875,3447.5,3394.89990234375,227372.0,39.31999969482422,39.35499954223633,38.915000915527344,67.0,86.19529724121094,86.44239807128906,86.04630279541016,0.0,66.20999908447266,67.12999725341797,65.98999786376953,269991.0,4.335999965667725,4.377999782562256,4.328000068664551,0.0
2025-07-23,3397.60009765625,3451.699951171875,3390.60009765625,263025.0,39.27799987792969,39.40999984741211,39.220001220703125,51.0,86.3427963256836,86.45800018310547,86.23049926757812,0.0,65.25,65.77999877929688,64.70999908447266,251825.0,4.388000011444092,4.3979997634887695,4.357999801635742,0.0
2025-07-24,3373.5,3401.10009765625,3355.199951171875,215271.0,39.020999908447266,39.130001068115234,38.84000015258789,59.0,86.39869689941406,86.44139862060547,86.23580169677734,0.0,66.02999877929688,66.38999938964844,65.33000183105469,281209.0,4.4079999923706055,4.441999912261963,4.394000053405762,0.0
2025-07-25,3335.60009765625,3376.60009765625,3325.5,196380.0,38.16699981689453,38.93000030517578,38.040000915527344,7.0,86.4302978515625,86.62740325927734,86.3844985961914,0.0,65.16000366210938,66.73999786376953,65.0,234283.0,4.386000156402588,4.429999828338623,4.381999969482422,0.0
2025-07-28,3310.0,3345.39990234375,3300.0,180215.0,38.0260009765625,38.189998626708984,38.02000045776367,154.0,86.506103515625,86.72109985351562,86.39959716796875,0.0,66.70999908447266,67.13999938964844,65.05000305175781,262038.0,4.420000076293945,4.420000076293945,4.392000198364258,0.0
2025-07-29,3324.0,3332.300048828125,3305.800048828125,113144.0,38.08399963378906,38.130001068115234,38.060001373291016,1109.0,86.77760314941406,87.17400360107422,86.72570037841797,0.0,69.20999908447266,69.76000213623047,66.52999877929688,329112.0,4.329999923706055,4.4039998054504395,4.326000213623047,0.0
2025-07-30,3295.800048828125,3331.800048828125,3263.89990234375,19252.0,37.566001892089844,38.165000915527344,36.775001525878906,352.0,87.06320190429688,87.78589630126953,86.98619842529297,0.0,70.0,70.51000213623047,68.44999694824219,345336.0,4.375999927520752,4.380000114440918,4.331999778747559,0.0
2025-07-31,3293.199951171875,3312.0,3272.89990234375,158029.0,36.551998138427734,36.84000015258789,36.551998138427734,89.0,87.714599609375,87.77639770507812,87.2865982055664,0.0,69.26000213623047,70.41000366210938,68.55999755859375,247031.0,4.360000133514404,4.360000133514404,4.326000213623047,0.0
2025-08-01,3399.800048828125,3416.89990234375,3331.39990234375,229954.0,36.7869987487793,36.7869987487793,36.345001220703125,95.0,87.4894027709961,87.74120330810547,87.143798828125,0.0,67.33000183105469,69.58000183105469,67.05000305175781,355819.0,4.21999979019165,4.4079999923706055,4.216000080108643,0.0
2025-08-04,3426.39990234375,3439.5,3397.89990234375,138229.0,37.19200134277344,37.29999923706055,37.14500045776367,488.0,87.24530029296875,87.98999786376953,87.06950378417969,0.0,66.29000091552734,67.73999786376953,65.45999908447266,277375.0,4.199999809265137,4.236000061035156,4.197999954223633,0.0
2025-08-05,3434.699951171875,3444.89990234375,3403.300048828125,154163.0,37.6870002746582,37.6870002746582,37.60499954223633,3.0,87.89330291748047,88.07949829101562,87.6729965209961,0.0,65.16000366210938,66.38999938964844,65.02999877929688,279030.0,4.196000099182129,4.22599983215332,4.188000202178955,0.0
2025-08-06,3433.39990234375,3440.5,3411.699951171875,151580.0,37.76599884033203,37.76599884033203,37.7599983215332,6.0,87.72309875488281,87.84300231933594,87.6238021850586,0.0,64.3499984741211,66.75,63.63999938964844,353827.0,4.21999979019165,4.281000137329102,4.214000225067139,0.0
2025-08-07,3453.699951171875,3483.800048828125,3430.0,249091.0,38.15800094604492,38.375,38.15800094604492,130.0,87.76249694824219,87.79180145263672,87.33300018310547,0.0,63.880001068115234,65.11000061035156,63.70000076293945,300518.0,4.24399995803833,4.254000186920166,4.2210001945495605,0.0
2025-08-08,3491.300048828125,3534.10009765625,3445.0,321346.0,38.41699981689453,38.619998931884766,38.38999938964844,54.0,87.43319702148438,87.73799896240234,87.39430236816406,0.0,63.880001068115234,64.58000183105469,62.77000045776367,322939.0,4.284999847412109,4.289000034332275,4.254000186920166,0.0
2025-08-11,3404.699951171875,3466.300048828125,3393.0,224513.0,37.6619987487793,38.040000915527344,37.6619987487793,35.0,87.48829650878906,87.75579833984375,87.46640014648438,0.0,63.959999084472656,64.44000244140625,63.02000045776367,234807.0,4.2729997634887695,4.284999847412109,4.257999897003174,0.0
2025-08-12,3399.0,3410.800048828125,3379.10009765625,193820.0,37.89899826049805,37.89899826049805,37.55500030517578,19.0,87.66449737548828,87.73989868164062,87.53690338134766,0.0,63.16999816894531,64.33999633789062,63.060001373291016,304441.0,4.293000221252441,4.317999839782715,4.245999813079834,0.0
2025-08-13,3408.300048828125,3422.60009765625,3392.699951171875,135846.0,38.499000549316406,38.505001068115234,38.45000076293945,8.0,87.59559631347656,87.71700286865234,87.37590026855469,0.0,62.650001525878906,63.380001068115234,61.939998626708984,298939.0,4.23799991607666,4.260000228881836,4.224999904632568,0.0
2025-08-14,3383.199951171875,3423.800048828125,3375.5,165697.0,37.981998443603516,37.981998443603516,37.981998443603516,5.0,87.44999694824219,87.68060302734375,87.38790130615234,0.0,63.959999084472656,64.0999984741211,62.58000183105469,251652.0,4.293000221252441,4.296000003814697,4.203999996185303,0.0
2025-08-15,3382.60009765625,3394.800048828125,3377.699951171875,118486.0,37.89400100708008,37.89400100708008,37.880001068115234,2.0,87.69180297851562,87.70819854736328,87.39689636230469,0.0,62.79999923706055,64.1500015258789,62.68000030517578,197390.0,4.328000068664551,4.331999778747559,4.281000137329102,0.0
2025-08-18,3378.0,3403.60009765625,3368.0,119141.0,37.95100021362305,37.95100021362305,37.95100021362305,3.0,87.51280212402344,87.54039764404297,87.3136978149414,0.0,63.41999816894531,63.790000915527344,62.18000030517578,95113.0,4.341000080108643,4.35099983215332,4.295000076293945,0.0
2025-08-19,3358.699951171875,3389.699951171875,3358.10009765625,133497.0,37.26100158691406,37.30500030517578,37.20500183105469,10.0,87.29509735107422,87.37049865722656,86.90910339355469,0.0,62.349998474121094,63.38999938964844,62.25,99484.0,4.302000045776367,4.326000213623047,4.297999858856201,0.0
2025-08-20,3388.5,3394.300048828125,3353.39990234375,135521.0,37.70500183105469,37.744998931884766,37.70500183105469,2.0,87.0791015625,87.1666030883789,86.9800033569336,0.0,63.209999084472656,63.54999923706055,62.38999938964844,280663.0,4.296000003814697,4.309999942779541,4.275000095367432,0.0
2025-08-21,3381.60009765625,3394.39990234375,3367.39990234375,123500.0,38.027000427246094,38.027000427246094,38.027000427246094,28.0,87.01820373535156,87.32649993896484,86.92410278320312,0.0,63.52000045776367,63.66999816894531,62.52000045776367,250166.0,4.329999923706055,4.3470001220703125,4.296000003814697,0.0
2025-08-22,3418.5,3423.39990234375,3362.800048828125,186037.0,39.00299835205078,39.00299835205078,39.00299835205078,2.0,87.29340362548828,87.54810333251953,87.177001953125,0.0,63.65999984741211,63.93000030517578,63.310001373291016,223169.0,4.260000228881836,4.320000171661377,4.242000102996826,0.0
2025-08-25,3417.5,3421.5,3405.5,97780.0,38.676998138427734,38.790000915527344,38.5099983215332,344.0,87.3301010131836,87.60800170898438,87.23400115966797,0.0,64.80000305175781,65.0999984741211,63.529998779296875,185270.0,4.275000095367432,4.295000076293945,4.267000198364258,0.0
2025-08-26,3433.0,3443.300048828125,3396.10009765625,176297.0,38.582000732421875,38.582000732421875,38.525001525878906,78.0,87.60859680175781,87.79000091552734,87.52279663085938,0.0,63.25,64.76000213623047,63.130001068115234,199101.0,4.257999897003174,4.290999889373779,4.254000186920166,0.0
2025-08-27,3448.60009765625,3452.5,3422.199951171875,153806.0,38.68899917602539,38.68899917602539,38.68899917602539,38378.0,87.60070037841797,87.9885025024414,87.60070037841797,0.0,64.1500015258789,64.2300033569336,62.95000076293945,193476.0,4.23799991607666,4.290999889373779,4.236000061035156,0.0
2025-08-28,3474.300048828125,3478.699951171875,3442.5,156602.0,39.189998626708984,39.334999084472656,38.68000030517578,5603.0,87.65910339355469,87.68299865722656,87.50920104980469,0.0,64.5999984741211,64.69999694824219,63.349998474121094,208931.0,4.206999778747559,4.25,4.203000068664551,0.0
2025-08-29,3516.10009765625,3518.5,3463.0,0.0,40.20000076293945,40.30500030517578,38.904998779296875,0.0,87.5916976928711,88.28939819335938,87.51010131835938,0.0,64.01000213623047,64.55000305175781,63.880001068115234,0.0,4.2270002365112305,4.242000102996826,4.215000152587891,0.0
2025-09-01,3516.10009765625,3518.5,3463.0,0.0,40.20000076293945,40.30500030517578,38.904998779296875,0.0,88.17430114746094,88.32150268554688,87.9302978515625,0.0,64.01000213623047,64.55000305175781,63.880001068115234,0.0,4.2270002365112305,4.242000102996826,4.215000152587891,0.0
2025-09-02,3592.199951171875,3602.39990234375,3506.0,374141.0,41.07099914550781,41.34000015258789,40.185001373291016,820.0,88.00140380859375,88.18800354003906,87.81549835205078,0.0,65.58999633789062,66.02999877929688,63.65999984741211,320218.0,4.2769999504089355,4.306000232696533,4.260000228881836,0.0
2025-09-03,3635.5,3640.10009765625,3592.39990234375,220786.0,41.54199981689453,41.71500015258789,41.01499938964844,409.0,87.99829864501953,88.17980194091797,87.9749984741211,0.0,63.970001220703125,65.72000122070312,63.720001220703125,298737.0,4.210999965667725,4.2829999923706055,4.203000068664551,0.0
2025-09-04,3606.699951171875,3621.60009765625,3573.699951171875,232579.0,40.9109992980957,41.05500030517578,40.79999923706055,249.0,88.072998046875,88.36029815673828,87.9749984741211,0.0,63.47999954223633,63.84000015258789,62.720001220703125,251689.0,4.176000118255615,4.206999778747559,4.173999786376953,0.0
2025-09-05,3653.300048828125,3655.5,3595.39990234375,237651.0,41.07400131225586,41.53499984741211,40.869998931884766,835.0,88.19290161132812,88.35340118408203,87.80010223388672,0.0,61.869998931884766,63.4900016784668,61.45000076293945,294540.0,4.085999965667725,4.138000011444092,4.063000202178955,0.0
2025-09-08,3677.39990234375,3685.699951171875,3621.699951171875,227640.0,41.42599868774414,41.779998779296875,41.150001525878906,531.0,88.1863021850586,88.2229995727539,87.82779693603516,0.0,62.2599983215332,63.34000015258789,61.849998474121094,237288.0,4.046000003814697,4.0879998207092285,4.044000148773193,0.0
2025-09-09,3682.199951171875,3715.199951171875,3663.699951171875,262656.0,40.87799835205078,41.56999969482422,40.87799835205078,359.0,87.98049926757812,88.21929931640625,87.90010070800781,0.0,62.630001068115234,63.66999816894531,62.369998931884766,268529.0,4.073999881744385,4.091000080108643,4.039999961853027,0.0
2025-09-10,3682.0,3697.5,3651.39990234375,182028.0,41.132999420166016,41.132999420166016,41.132999420166016,350.0,88.21829986572266,88.24929809570312,87.97789764404297,0.0,63.66999816894531,64.08000183105469,62.720001220703125,260684.0,4.0320000648498535,4.091000080108643,4.026000022888184,0.0
2025-09-11,3673.60009765625,3687.5,3651.0,214612.0,41.696998596191406,41.7400016784668,41.349998474121094,538.0,88.05339813232422,88.49099731445312,88.02660369873047,0.0,62.369998931884766,63.79999923706055,62.209999084472656,222661.0,4.011000156402588,4.064000129699707,3.996000051498413,0.0
2025-09-12,3686.39990234375,3695.5,3667.300048828125,154559.0,42.387001037597656,42.387001037597656,41.599998474121094,18.0,88.2676010131836,88.40850067138672,88.21690368652344,0.0,62.689998626708984,63.97999954223633,61.689998626708984,313265.0,4.060999870300293,4.083000183105469,4.051000118255615,0.0
2025-09-15,3719.0,3724.89990234375,3662.800048828125,189452.0,42.516998291015625,42.58000183105469,42.209999084472656,48.0,88.27729797363281,88.2970962524414,88.1260986328125,0.0,63.29999923706055,63.66999816894531,62.52000045776367,205560.0,4.033999919891357,4.059000015258789,4.03000020980835,0.0
2025-09-16,3725.10009765625,3739.89990234375,3711.800048828125,192295.0,42.47100067138672,42.47100067138672,42.435001373291016,894.0,88.12349700927734,88.15509796142578,87.97969818115234,0.0,64.5199966430664,64.76000213623047,62.88999938964844,234250.0,4.026000022888184,4.064000129699707,4.021999835968018,0.0
2025-09-17,3717.800048828125,3744.0,3679.5,256047.0,41.72200012207031,41.935001373291016,41.72200012207031,311.0,87.88459777832031,87.91310119628906,87.7157974243164,0.0,64.05000305175781,64.66999816894531,63.689998626708984,165427.0,4.076000213623047,4.080999851226807,3.992000102996826,0.0
2025-09-18,3678.300048828125,3707.300048828125,3660.5,224128.0,41.707000732421875,41.709999084472656,41.494998931884766,156.0,87.91069793701172,88.28880310058594,87.80690002441406,0.0,63.56999969482422,64.55000305175781,63.33000183105469,82321.0,4.104000091552734,4.13700008392334,4.061999797821045,0.0
2025-09-19,3705.800048828125,3719.60009765625,3664.39990234375,186954.0,42.5359992980957,42.8650016784668,41.814998626708984,625.0,88.20690155029297,88.32949829101562,88.0625991821289,0.0,62.68000030517578,63.650001525878906,62.599998474121094,87165.0,4.138999938964844,4.14300012588501,4.116000175476074,0.0
2025-09-22,3775.10009765625,3783.300048828125,3718.10009765625,219170.0,43.79899978637695,43.91999816894531,43.29999923706055,179.0,88.09919738769531,88.33670043945312,88.09919738769531,0.0,62.63999938964844,63.18000030517578,61.97999954223633,223779.0,4.14300012588501,4.150000095367432,4.122000217437744,0.0
2025-09-23,3815.699951171875,3824.60009765625,3772.39990234375,291564.0,44.19200134277344,44.29999923706055,43.70000076293945,400.0,88.30439758300781,88.80809783935547,88.23500061035156,0.0,63.40999984741211,63.88999938964844,61.849998474121094,265948.0,4.119999885559082,4.14900016784668,4.110000133514404,0.0
2025-09-24,3768.10009765625,3812.60009765625,3749.699951171875,236560.0,43.777000427246094,44.185001373291016,43.70000076293945,174.0,88.80799865722656,88.9312973022461,88.67250061035156,0.0,64.98999786376953,65.05000305175781,63.25,282721.0,4.146999835968018,4.1519999504089355,4.126999855041504,0.0
2025-09-25,3771.10009765625,3792.300048828125,3751.89990234375,262183.0,44.696998596191406,45.0,43.78499984741211,199.0,88.77860260009766,88.80039978027344,88.59010314941406,0.0,64.9800033569336,65.33999633789062,64.05999755859375,258353.0,4.171999931335449,4.201000213623047,4.150000095367432,0.0
2025-09-26,3809.0,3814.39990234375,3764.0,214083.0,46.22100067138672,46.22100067138672,44.869998931884766,556.0,88.77310180664062,88.77909851074219,88.61430358886719,0.0,65.72000122070312,66.41999816894531,64.66000366210938,284990.0,4.186999797821045,4.197000026702881,4.1519999504089355,0.0
2025-09-29,3855.199951171875,3863.699951171875,3785.5,258145.0,46.61199951171875,46.875,46.09000015258789,622.0,88.67680358886719,88.79399871826172,88.5875015258789,0.0,63.45000076293945,65.4000015258789,62.97999954223633,294292.0,4.140999794006348,4.168000221252441,4.135000228881836,0.0
2025-09-30,3873.199951171875,3899.199951171875,3820.60009765625,312257.0,46.25299835205078,46.959999084472656,45.96500015258789,338.0,88.70449829101562,88.87529754638672,88.64579772949219,0.0,62.369998931884766,63.2599983215332,62.029998779296875,271649.0,4.1479997634887695,4.1519999504089355,4.105999946594238,0.0
2025-10-01,3897.5,3922.699951171875,3880.300048828125,290470.0,47.290000915527344,47.5099983215332,46.790000915527344,125.0,88.8406982421875,88.8541030883789,88.6323013305664,0.0,61.779998779296875,62.88999938964844,61.400001525878906,274339.0,4.105999946594238,4.129000186920166,4.089000225067139,0.0
2025-10-02,3868.10009765625,3923.300048828125,3842.800048828125,284217.0,46.0,47.244998931884766,45.3849983215332,509.0,88.68299865722656,88.92150115966797,88.57060241699219,0.0,60.47999954223633,62.540000915527344,60.400001525878906,290507.0,4.0879998207092285,4.126999855041504,4.083000183105469,0.0
2025-10-03,3908.89990234375,3916.800048828125,3861.10009765625,218284.0,47.59700012207031,47.59700012207031,47.59700012207031,53.0,88.72019958496094,88.7957992553711,88.6635971069336,0.0,60.880001068115234,61.380001068115234,60.54999923706055,240044.0,4.11899995803833,4.11899995803833,4.080999851226807,0.0
2025-10-06,3976.300048828125,3994.5,3909.199951171875,278143.0,48.082000732421875,48.082000732421875,47.89500045776367,60.0,88.73509979248047,88.87969970703125,88.69200134277344,0.0,61.689998626708984,62.119998931884766,61.040000915527344,224682.0,4.1620001792907715,4.165999889373779,4.132999897003174,0.0
2025-10-07,4004.39990234375,4014.60009765625,3963.39990234375,297512.0,47.17900085449219,47.849998474121094,47.029998779296875,708.0,88.72109985351562,88.77249908447266,88.68180084228516,0.0,61.72999954223633,62.11000061035156,60.720001220703125,245121.0,4.126999855041504,4.171000003814697,4.11299991607666,0.0
2025-10-08,4070.5,4081.0,4005.60009765625,348778.0,48.65599822998047,48.65599822998047,47.88999938964844,149.0,88.74259948730469,88.91950225830078,88.71910095214844,0.0,62.54999923706055,62.91999816894531,62.04999923706055,273318.0,4.129000186920166,4.136000156402588,4.0960001945495605,0.0
2025-10-09,3972.60009765625,4077.89990234375,3957.89990234375,461023.0,46.849998474121094,49.4900016784668,46.73500061035156,1568.0,88.7771987915039,88.86080169677734,88.70439910888672,0.0,61.5099983215332,62.869998931884766,61.25,259171.0,4.1479997634887695,4.1519999504089355,4.126999855041504,0.0
2025-10-10,4000.39990234375,4038.60009765625,3961.199951171875,357542.0,46.9379997253418,48.290000915527344,46.93000030517578,453.0,88.86540222167969,88.8656005859375,88.4928970336914,0.0,58.900001525878906,61.66999816894531,58.220001220703125,339103.0,4.051000118255615,4.105000019073486,4.044000148773193,0.0
2025-10-13,4133.0,4137.2001953125,4011.300048828125,357542.0,50.130001068115234,50.494998931884766,49.34000015258789,453.0,88.7573013305664,88.80269622802734,88.56159973144531,0.0,59.4900016784668,60.16999816894531,59.0,339103.0,4.051000118255615,4.051000118255615,4.051000118255615,0.0
2025-10-14,4163.39990234375,4190.89990234375,4105.0,405991.0,50.31399917602539,51.98500061035156,48.53499984741211,249.0,88.66510009765625,88.81790161132812,88.60079956054688,0.0,58.70000076293945,59.81999969482422,57.68000030517578,259200.0,4.021999835968018,4.051000118255615,4.014999866485596,0.0
2025-10-15,4201.60009765625,4235.7998046875,4157.2998046875,309914.0,51.073001861572266,51.57500076293945,50.845001220703125,102.0,88.78250122070312,88.78269958496094,87.95980072021484,0.0,58.27000045776367,59.41999816894531,58.20000076293945,224919.0,4.046000003814697,4.046999931335449,4.000999927520752,0.0
2025-10-16,4304.60009765625,4346.7001953125,4214.5,375196.0,53.02299880981445,53.10499954223633,51.78499984741211,356.0,87.80950164794922,88.00150299072266,87.53189849853516,0.0,57.459999084472656,59.11000061035156,57.2599983215332,203866.0,3.9760000705718994,4.051000118255615,3.9709999561309814,0.0
2025-10-17,4213.2998046875,4392.0,4196.0,569847.0,49.86399841308594,53.34000015258789,49.64500045776367,400.0,87.9906997680664,88.09400177001953,87.689697265625,0.0,57.540000915527344,57.720001220703125,56.599998474121094,108748.0,4.006999969482422,4.017000198364258,3.990000009536743,0.0
2025-10-20,4359.39990234375,4398.0,4229.7001953125,338235.0,51.11899948120117,51.43000030517578,50.13999938964844,652.0,88.0022964477539,88.01129913330078,87.49960327148438,0.0,57.52000045776367,57.810001373291016,56.349998474121094,108146.0,3.9860000610351562,4.005000114440918,3.9860000610351562,0.0
2025-10-21,4109.10009765625,4393.60009765625,4093.0,535325.0,47.45000076293945,50.80500030517578,47.415000915527344,329.0,87.87999725341797,88.08360290527344,87.84190368652344,0.0,57.81999969482422,58.279998779296875,56.9900016784668,314207.0,3.9630000591278076,3.9760000705718994,3.947000026702881,0.0
2025-10-22,4065.39990234375,4175.0,4021.199951171875,468711.0,47.46099853515625,48.1150016784668,47.220001220703125,347.0,88.00160217285156,87.99810028076172,87.61039733886719,0.0,58.5,59.83000183105469,57.34000015258789,378637.0,3.953000068664551,3.9779999256134033,3.947000026702881,0.0
2025-10-23,4145.60009765625,4171.5,4079.60009765625,271973.0,48.481998443603516,48.90999984741211,48.459999084472656,507.0,87.74030303955078,88.03109741210938,87.71610260009766,0.0,61.790000915527344,62.20000076293945,59.63999938964844,735186.0,3.990999937057495,4.005000114440918,3.9779999256134033,0.0
2025-10-24,4137.7998046875,4159.0,4055.699951171875,297599.0,48.37699890136719,48.43000030517578,47.42499923706055,270.0,87.77899932861328,87.8582992553711,87.63600158691406,0.0,61.5,62.59000015258789,61.209999084472656,373744.0,3.996999979019165,4.015999794006348,3.9639999866485596,0.0
2025-10-27,4019.699951171875,4123.7998046875,3985.89990234375,330749.0,46.5620002746582,47.810001373291016,45.845001220703125,161.0,87.8290023803711,88.31719970703125,87.70939636230469,0.0,61.310001373291016,62.16999816894531,60.66999816894531,272191.0,3.996999979019165,4.0329999923706055,3.994999885559082,0.0
2025-10-28,3983.10009765625,4034.199951171875,3901.300048828125,338428.0,47.125,47.125,46.32500076293945,59.0,88.22209930419922,88.41649627685547,88.15979766845703,0.0,60.150001525878906,61.5,59.7599983215332,307568.0,3.9830000400543213,4.004000186920166,3.9700000286102295,0.0
2025-10-29,4000.699951171875,4046.199951171875,3930.0,288266.0,47.72100067138672,47.72100067138672,47.72100067138672,545.0,88.22550201416016,88.45020294189453,88.13819885253906,0.0,60.47999954223633,61.02000045776367,59.70000076293945,276875.0,4.058000087738037,4.058000087738037,3.9830000400543213,0.0
2025-10-30,4015.89990234375,4041.5,3925.10009765625,246321.0,48.428001403808594,48.61000061035156,47.1349983215332,370.0,88.34559631347656,88.7511978149414,88.29679870605469,0.0,60.56999969482422,60.790000915527344,59.63999938964844,247917.0,4.0929999351501465,4.116000175476074,4.067999839782715,0.0
2025-10-31,3996.5,4059.89990234375,3982.300048828125,237172.0,47.99399948120117,48.68000030517578,47.99399948120117,484.0,88.6344985961914,88.9115982055664,88.5636978149414,0.0,60.97999954223633,61.380001068115234,59.9900016784668,278598.0,4.10099983215332,4.103000164031982,4.076000213623047,0.0
2025-11-03,4014.0,4043.10009765625,3971.300048828125,0.0,47.88800048828125,48.349998474121094,47.82500076293945,0.0,88.77539825439453,88.91500091552734,88.68930053710938,0.0,61.04999923706055,61.5,60.5099983215332,0.0,4.105999946594238,4.122000217437744,4.0970001220703125,0.0
2025-11-04,3960.5,4018.0,3937.10009765625,250259.0,47.130001068115234,47.130001068115234,46.80500030517578,115.0,88.72339630126953,88.77449798583984,88.30650329589844,0.0,60.560001373291016,61.029998779296875,59.939998626708984,219300.0,4.089000225067139,4.10099983215332,4.078999996185303,0.0
2025-11-05,3992.89990234375,4000.699951171875,3935.699951171875,175161.0,47.862998962402344,47.880001068115234,47.560001373291016,23.0,88.73200225830078,88.78450012207031,88.54920196533203,0.0,59.599998474121094,61.09000015258789,59.52000045776367,292518.0,4.1570000648498535,4.160999774932861,4.0929999351501465,0.0
2025-11-06,3991.0,4028.699951171875,3973.199951171875,188688.0,47.79399871826172,47.79399871826172,47.79399871826172,86.0,88.55690002441406,88.68170166015625,88.4114990234375,0.0,59.43000030517578,60.5099983215332,58.83000183105469,277768.0,4.0929999351501465,4.131999969482422,4.077000141143799,0.0
2025-11-07,4009.800048828125,4035.800048828125,3981.60009765625,208649.0,48.016998291015625,48.040000915527344,48.01499938964844,23.0,88.6729965209961,88.72039794921875,88.6001968383789,0.0,59.75,60.459999084472656,59.31999969482422,259446.0,4.0929999351501465,4.111999988555908,4.065999984741211,0.0
2025-11-10,4122.0,4124.0,4004.199951171875,253812.0,50.176998138427734,50.176998138427734,49.5,91.0,88.65799713134766,88.74230194091797,88.51419830322266,0.0,60.130001068115234,60.47999954223633,59.40999984741211,222879.0,4.110000133514404,4.138000011444092,4.0980000495910645,0.0
2025-11-11,4116.2998046875,4155.0,4102.7998046875,252249.0,50.61800003051758,50.85499954223633,50.43000030517578,106.0,88.70709991455078,88.71649932861328,88.41960144042969,0.0,61.040000915527344,61.279998779296875,59.65999984741211,264427.0,4.119999885559082,4.119999885559082,4.119999885559082,0.0
2025-11-12,4213.60009765625,4218.5,4104.39990234375,296796.0,53.332000732421875,53.5,51.25,20.0,88.46649932861328,88.65370178222656,88.46649932861328,0.0,58.4900016784668,61.060001373291016,58.29999923706055,329517.0,4.065000057220459,4.091000080108643,4.056000232696533,0.0
2025-11-13,4194.5,4250.0,4148.5,319216.0,53.07400131225586,54.20000076293945,52.65999984741211,264.0,88.59400177001953,88.79910278320312,88.58209991455078,0.0,58.689998626708984,59.209999084472656,58.119998931884766,247349.0,4.111999988555908,4.117000102996826,4.0879998207092285,0.0
2025-11-14,4094.199951171875,4215.10009765625,4032.60009765625,342176.0,50.59000015258789,53.099998474121094,50.244998931884766,73.0,88.81610107421875,88.81620025634766,88.63249969482422,0.0,60.09000015258789,60.650001525878906,58.709999084472656,334116.0,4.1479997634887695,4.1479997634887695,4.065000057220459,0.0
2025-11-17,4074.5,4107.60009765625,4006.800048828125,235352.0,50.625,50.75,49.665000915527344,71.0,88.68199920654297,88.74349975585938,88.56430053710938,0.0,59.90999984741211,60.439998626708984,59.31999969482422,189638.0,4.132999897003174,4.145999908447266,4.125,0.0
2025-11-18,4066.5,4083.699951171875,3997.39990234375,233302.0,50.45000076293945,50.91999816894531,49.23500061035156,384.0,88.63590240478516,88.69400024414062,88.53569793701172,0.0,60.7400016784668,60.93000030517578,59.310001373291016,105325.0,4.123000144958496,4.138999938964844,4.085000038146973,0.0
2025-11-19,4082.800048828125,4134.2998046875,4055.60009765625,233696.0,50.790000915527344,51.75,50.42499923706055,72.0,88.55680084228516,88.6082992553711,88.40899658203125,0.0,59.439998626708984,60.790000915527344,58.77000045776367,79622.0,4.132999897003174,4.135000228881836,4.0980000495910645,0.0
2025-11-20,4060.0,4109.60009765625,4034.0,272355.0,50.24700164794922,50.349998474121094,50.005001068115234,10.0,88.48719787597656,88.73829650878906,88.4635009765625,0.0,59.13999938964844,60.33000183105469,58.86000061035156,324282.0,4.105999946594238,4.1620001792907715,4.085999965667725,0.0
2025-11-21,4079.5,4101.0,4018.10009765625,257813.0,49.87300109863281,49.94499969482422,48.125,22.0,88.69219970703125,89.72579956054688,88.60279846191406,0.0,58.060001373291016,58.79999923706055,57.380001068115234,345014.0,4.063000202178955,4.085999965667725,4.053999900817871,0.0
2025-11-24,4094.199951171875,4138.2001953125,4036.39990234375,223055.0,50.29499816894531,50.29499816894531,49.595001220703125,35.0,89.63400268554688,89.64129638671875,89.01580047607422,0.0,58.84000015258789,59.060001373291016,57.41999816894531,238138.0,4.038000106811523,4.060999870300293,4.0320000648498535,0.0
2025-11-25,4140.0,4156.2998046875,4106.7001953125,132704.0,50.933998107910156,51.130001068115234,50.814998626708984,49588.0,89.14779663085938,89.26200103759766,88.96649932861328,0.0,57.95000076293945,58.959999084472656,57.099998474121094,334442.0,4.001999855041504,4.0269999504089355,3.98799991607666,0.0
2025-11-26,4165.2001953125,4171.0,4127.5,25088.0,52.91600036621094,53.095001220703125,50.959999084472656,14378.0,89.15059661865234,89.28790283203125,89.1532974243164,0.0,58.650001525878906,58.720001220703125,57.65999984741211,228285.0,3.997999906539917,4.041999816894531,3.996000051498413,0.0
2025-11-27,4165.2001953125,4171.0,4127.5,25088.0,52.91600036621094,53.095001220703125,50.959999084472656,14378.0,89.16300201416016,89.40630340576172,89.13800048828125,0.0,58.650001525878906,58.720001220703125,57.65999984741211,228285.0,3.997999906539917,4.041999816894531,3.996000051498413,0.0
2025-11-28,4254.89990234375,4263.10009765625,4174.60009765625,154806.0,56.44599914550781,56.45500183105469,52.54999923706055,2541.0,89.36479949951172,89.61869812011719,89.05500030517578,0.0,58.54999923706055,59.63999938964844,58.27000045776367,153758.0,4.017000198364258,4.035999774932861,3.990000009536743,0.0
2025-12-01,4274.7998046875,4299.60009765625,4241.10009765625,227572.0,58.417999267578125,58.474998474121094,56.13999938964844,994.0,89.3499984741211,89.7970962524414,89.31659698486328,0.0,59.31999969482422,59.970001220703125,58.83000183105469,232770.0,4.0960001945495605,4.0980000495910645,4.050000190734863,0.0
2025-12-02,4220.7998046875,4269.2001953125,4194.0,215921.0,57.983001708984375,58.459999084472656,56.58000183105469,392.0,89.61270141601562,89.99299621582031,89.5802993774414,0.0,58.63999938964844,59.66999816894531,58.279998779296875,255513.0,4.085999965667725,4.113999843597412,4.080999851226807,0.0
2025-12-03,4232.5,4273.2998046875,4225.10009765625,176443.0,57.92100143432617,58.900001525878906,57.650001525878906,264.0,89.91719818115234,90.30400085449219,89.8427963256836,0.0,58.95000076293945,59.63999938964844,58.369998931884766,260974.0,4.057000160217285,4.085999965667725,4.052000045776367,0.0
2025-12-04,4243.0,4251.10009765625,4203.2998046875,161251.0,56.84700012207031,58.29999923706055,56.29999923706055,335.0,90.17050170898438,90.45210266113281,89.72579956054688,0.0,59.66999816894531,60.02000045776367,58.810001373291016,264993.0,4.107999801635742,4.110000133514404,4.083000183105469,0.0
2025-12-05,4243.0,4290.5,4221.39990234375,193599.0,58.422000885009766,58.470001220703125,56.834999084472656,284.0,89.8364028930664,90.07720184326172,89.6980972290039,0.0,60.08000183105469,60.5,59.41999816894531,255075.0,4.138999938964844,4.144999980926514,4.0980000495910645,0.0
2025-12-08,4217.7001953125,4247.89990234375,4204.0,149813.0,57.77899932861328,58.34000015258789,57.52000045776367,518.0,89.93800354003906,90.23870086669922,89.84819793701172,0.0,58.880001068115234,60.29999923706055,58.68000030517578,263009.0,4.171999931335449,4.191999912261963,4.14300012588501,0.0
2025-12-09,4236.2001953125,4251.7001953125,4197.7998046875,177366.0,60.16899871826172,60.52000045776367,57.6150016784668,324.0,90.12999725341797,90.16850280761719,89.8053970336914,0.0,58.25,59.16999816894531,58.119998931884766,260206.0,4.185999870300293,4.190000057220459,4.14300012588501,0.0
2025-12-10,4224.7001953125,4268.7998046875,4207.7998046875,186178.0,60.37900161743164,61.529998779296875,60.1150016784668,462.0,89.91690063476562,90.0470962524414,89.7531967163086,0.0,58.459999084472656,59.04999923706055,57.65999984741211,256508.0,4.164000034332275,4.203999996185303,4.146999835968018,0.0
2025-12-11,4313.0,4317.2998046875,4231.2001953125,228282.0,63.92900085449219,63.92900085449219,61.875,408.0,89.79299926757812,90.65029907226562,89.79299926757812,0.0,57.599998474121094,58.939998626708984,57.0099983215332,286808.0,4.140999794006348,4.14300012588501,4.1020002365112305,0.0
2025-12-12,4328.2998046875,4387.7998046875,4286.0,292175.0,61.36199951171875,63.55500030517578,60.665000915527344,435.0,90.25299835205078,90.64469909667969,90.17530059814453,0.0,57.439998626708984,58.189998626708984,57.150001525878906,212806.0,4.193999767303467,4.199999809265137,4.177999973297119,0.0
2025-12-15,4335.2001953125,4384.2998046875,4315.89990234375,207700.0,62.939998626708984,62.95000076293945,61.22999954223633,387.0,90.5770034790039,90.77239990234375,90.39340209960938,0.0,56.81999969482422,57.79999923706055,56.400001525878906,229310.0,4.182000160217285,4.185999870300293,4.151000022888184,0.0
2025-12-16,4332.2998046875,4367.89990234375,4297.39990234375,212277.0,62.70000076293945,63.0,62.540000915527344,70.0,90.77690124511719,91.072998046875,90.75279998779297,0.0,55.27000045776367,56.70000076293945,54.97999954223633,230933.0,4.14900016784668,4.196000099182129,4.14300012588501,0.0
2025-12-17,4373.89990234375,4383.60009765625,4330.7001953125,212413.0,66.23699951171875,66.4749984741211,65.08999633789062,233.0,90.94889831542969,91.06549835205078,89.82060241699219,0.0,55.939998626708984,56.97999954223633,55.20000076293945,125608.0,4.151000022888184,4.170000076293945,4.14300012588501,0.0
2025-12-18,4364.5,4409.5,4338.0,234460.0,64.59200286865234,65.7750015258789,64.27999877929688,118.0,90.4136962890625,90.4573974609375,90.0458984375,0.0,56.150001525878906,57.029998779296875,55.880001068115234,85735.0,4.116000175476074,4.13700008392334,4.107999801635742,0.0
2025-12-19,4387.2998046875,4389.0,4336.2998046875,165214.0,66.84500122070312,66.84500122070312,66.48500061035156,144.0,90.25579833984375,90.29299926757812,89.21189880371094,0.0,56.65999984741211,56.900001525878906,55.81999969482422,209264.0,4.151000022888184,4.1570000648498535,4.130000114440918,0.0
2025-12-22,4469.39990234375,4484.5,4367.89990234375,203043.0,67.90599822998047,68.86499786376953,67.00499725341797,130.0,89.56999969482422,89.77189636230469,89.3949966430664,0.0,58.0099983215332,58.130001068115234,56.599998474121094,221576.0,4.169000148773193,4.175000190734863,4.15500020980835,0.0
2025-12-23,4505.7001953125,4530.7998046875,4457.7001953125,248418.0,70.48500061035156,70.57499694824219,69.07499694824219,40.0,89.60389709472656,89.83300018310547,89.43090057373047,0.0,58.380001068115234,58.560001373291016,57.7400016784668,183633.0,4.169000148773193,4.202000141143799,4.151000022888184,0.0
2025-12-24,4502.7998046875,4555.10009765625,4474.2998046875,151576.0,71.03099822998047,71.51499938964844,71.0,35.0,89.50789642333984,89.8656997680664,89.4229965209961,0.0,58.349998474121094,58.75,58.130001068115234,111762.0,4.136000156402588,4.166999816894531,4.131999969482422,0.0
2025-12-26,4552.7001953125,4584.0,4518.0,181246.0,76.48600006103516,78.83999633789062,73.73500061035156,140.0,90.10590362548828,90.10900115966797,89.54869842529297,0.0,56.7400016784668,58.880001068115234,56.650001525878906,166669.0,4.136000156402588,4.144999980926514,4.110000133514404,0.0
2025-12-29,4343.60009765625,4581.2998046875,4316.0,316961.0,69.85600280761719,79.69999694824219,69.85600280761719,1608.0,89.82929992675781,90.3550033569336,89.76360321044922,0.0,58.08000183105469,58.29999923706055,56.90999984741211,178590.0,4.116000175476074,4.130000114440918,4.107999801635742,0.0
2025-12-30,4386.2998046875,4420.5,4338.7998046875,189751.0,77.3740005493164,77.41000366210938,70.5,992.0,89.9000015258789,89.99009704589844,89.68579864501953,0.0,57.95000076293945,58.470001220703125,57.599998474121094,143802.0,4.130000114440918,4.140999794006348,4.116000175476074,0.0
2025-12-31,4341.10009765625,4384.89990234375,4284.2998046875,161782.0,70.13400268554688,74.625,70.13400268554688,343.0,89.76940155029297,89.93800354003906,89.64399719238281,0.0,57.41999816894531,58.54999923706055,57.20000076293945,157160.0,4.163000106811523,4.172999858856201,4.125999927520752,0.0
2026-01-02,4329.60009765625,4414.7998046875,4319.7001953125,154807.0,70.55599975585938,73.58999633789062,70.55599975585938,602.0,89.96189880371094,90.3147964477539,89.83650207519531,0.0,57.31999969482422,57.93000030517578,56.599998474121094,189503.0,4.186999797821045,4.197000026702881,4.158999919891357,0.0
2026-01-05,4451.5,4467.60009765625,4354.60009765625,211711.0,76.16400146484375,76.81999969482422,73.90499877929688,883.0,90.00700378417969,90.30829620361328,90.00700378417969,0.0,58.31999969482422,58.5099983215332,56.310001373291016,301483.0,4.164999961853027,4.190999984741211,4.1529998779296875,0.0
2026-01-06,4496.10009765625,4508.2998046875,4437.89990234375,176584.0,80.52999877929688,80.8550033569336,75.93000030517578,580.0,90.23300170898438,90.25700378417969,90.05999755859375,0.0,57.130001068115234,58.869998931884766,56.84000015258789,292067.0,4.178999900817871,4.197000026702881,4.164999961853027,0.0
2026-01-07,4462.5,4512.39990234375,4432.89990234375,202783.0,77.13500213623047,80.9000015258789,75.875,2093.0,90.16609954833984,90.21800231933594,89.74700164794922,0.0,55.9900016784668,57.16999816894531,55.7599983215332,383128.0,4.138000011444092,4.160999774932861,4.124000072479248,0.0
2026-01-08,4460.7001953125,4489.2998046875,4415.0,208958.0,74.71600341796875,76.56999969482422,73.16500091552734,1447.0,89.8644027709961,90.12329864501953,89.72899627685547,0.0,57.7599983215332,58.7400016784668,55.970001220703125,334134.0,4.183000087738037,4.186999797821045,4.160999774932861,0.0
2026-01-09,4500.89990234375,4527.0,4461.7998046875,217946.0,78.88400268554688,79.9749984741211,76.69999694824219,254.0,89.90540313720703,90.36399841308594,89.81610107421875,0.0,59.119998931884766,59.77000045776367,57.61000061035156,360309.0,4.171000003814697,4.210999965667725,4.158999919891357,0.0
2026-01-12,4614.7001953125,4640.5,4520.7998046875,307991.0,84.61000061035156,85.82499694824219,82.0,575.0,90.23600006103516,90.42919921875,90.12049865722656,0.0,59.5,59.90999984741211,58.45000076293945,309700.0,4.186999797821045,4.201000213623047,4.169000148773193,0.0
2026-01-13,4599.10009765625,4644.0,4576.7001953125,267451.0,85.87699890136719,88.61000061035156,84.58999633789062,341.0,90.13269805908203,90.44860076904297,90.13269805908203,0.0,61.150001525878906,61.5,59.470001220703125,411190.0,4.171000003814697,4.195000171661377,4.156000137329102,0.0
2026-01-14,4635.7001953125,4650.5,4594.2998046875,306299.0,90.86900329589844,93.0,88.70500183105469,470.0,90.27300262451172,90.4468002319336,89.98500061035156,0.0,62.02000045776367,62.36000061035156,59.189998626708984,410261.0,4.139999866485596,4.169000148773193,4.131999969482422,0.0
2026-01-15,4623.7001953125,4637.2001953125,4584.0,226481.0,91.8759994506836,92.41999816894531,86.12999725341797,390.0,90.18319702148438,90.42379760742188,90.18199920654297,0.0,59.189998626708984,61.13999938964844,58.880001068115234,113642.0,4.159999847412109,4.164000034332275,4.136000156402588,0.0
2026-01-16,4595.39990234375,4625.5,4539.10009765625,246155.0,88.09100341796875,90.92500305175781,86.19499969482422,685.0,90.36160278320312,90.86299896240234,90.27570343017578,0.0,59.439998626708984,60.18000030517578,58.939998626708984,113794.0,4.230999946594238,4.232999801635742,4.181000232696533,0.0
2026-01-19,4595.39990234375,4625.5,4539.10009765625,246155.0,88.09100341796875,90.92500305175781,86.19499969482422,685.0,90.7020034790039,91.00029754638672,90.5958023071289,0.0,59.439998626708984,60.18000030517578,58.939998626708984,113794.0,4.230999946594238,4.232999801635742,4.181000232696533,0.0
2026-01-20,4765.7998046875,4771.5,4622.2001953125,414495.0,94.20600128173828,94.98999786376953,92.05999755859375,543.0,90.90450286865234,91.04810333251953,90.86930084228516,0.0,60.34000015258789,60.68000030517578,58.70000076293945,499595.0,4.295000076293945,4.310999870300293,4.269000053405762,0.0
2026-01-21,4837.5,4891.10009765625,4757.10009765625,400518.0,92.20999908447266,94.52999877929688,91.58999633789062,231.0,91.11840057373047,91.80999755859375,91.00270080566406,0.0,60.619998931884766,60.88999938964844,59.220001220703125,333062.0,4.252999782562256,4.301000118255615,4.249000072479248,0.0
2026-01-22,4913.39990234375,4944.2998046875,4772.7001953125,265088.0,95.97599792480469,95.9800033569336,92.4800033569336,548.0,91.53690338134766,91.66500091552734,91.09310150146484,0.0,59.36000061035156,60.81999969482422,58.959999084472656,324349.0,4.249000072479248,4.2769999504089355,4.243000030517578,0.0
2026-01-23,4979.7001953125,4991.39990234375,4901.2001953125,276594.0,100.92500305175781,102.92500305175781,97.7300033569336,283.0,91.55829620361328,91.97599792480469,91.4229965209961,0.0,61.06999969482422,61.36000061035156,59.52000045776367,283419.0,4.238999843597412,4.263000011444092,4.232999801635742,0.0
2026-01-26,5082.5,5107.89990234375,4983.60009765625,433111.0,115.08000183105469,117.19499969482422,103.22000122070312,537.0,91.5009994506836,91.78759765625,91.38400268554688,0.0,60.630001068115234,61.709999084472656,60.31999969482422,281062.0,4.2129998207092285,4.229000091552734,4.203000068664551,0.0
2026-01-27,5082.60009765625,5190.7998046875,5004.5,325759.0,105.52300262451172,110.5199966430664,103.0999984741211,131.0,91.71309661865234,91.88800048828125,91.5031967163086,0.0,62.38999938964844,62.630001068115234,60.13999938964844,360208.0,4.2230000495910645,4.238999843597412,4.206999778747559,0.0
2026-01-28,5303.60009765625,5415.2001953125,5154.7998046875,112054.0,113.11100006103516,114.57499694824219,112.73500061035156,1436.0,91.5343017578125,92.32749938964844,91.41809844970703,0.0,63.209999084472656,63.56999969482422,62.06999969482422,354864.0,4.250999927520752,4.270999908447266,4.235000133514404,0.0
2026-01-29,5318.39990234375,5586.2001953125,5097.5,570055.0,114.03700256347656,121.30000305175781,107.97000122070312,1261.0,92.04080200195312,92.13009643554688,91.80560302734375,0.0,65.41999816894531,66.4800033569336,63.279998779296875,560007.0,4.2270002365112305,4.270999908447266,4.2230000495910645,0.0
2026-01-30,4745.10009765625,5480.2001953125,4700.39990234375,508003.0,78.29000091552734,117.79000091552734,76.0250015258789,841.0,91.78189849853516,92.0177993774414,91.78199768066406,0.0,65.20999908447266,66.11000061035156,63.63999938964844,449325.0,4.241000175476074,4.261000156402588,4.236000061035156,0.0
2026-02-02,4652.60009765625,4905.60009765625,4423.2001953125,385977.0,76.77799987792969,84.38999938964844,73.36000061035156,388.0,91.68699645996094,92.01950073242188,90.90809631347656,0.0,62.13999938964844,64.73999786376953,61.38999938964844,414083.0,4.275000095367432,4.281000137329102,4.230999946594238,0.0
2026-02-03,4935.0,5018.10009765625,4690.2001953125,260114.0,83.04199981689453,88.19499969482422,80.0,840.0,90.24559783935547,90.5322036743164,90.02780151367188,0.0,63.209999084472656,64.20999908447266,61.119998931884766,381144.0,4.27400016784668,4.300000190734863,4.265999794006348,0.0
2026-02-04,4950.7998046875,5113.89990234375,4867.7001953125,245957.0,84.16500091552734,90.9749984741211,83.625,158.0,90.42289733886719,90.52799987792969,90.23600006103516,0.0,65.13999938964844,65.52999877929688,62.86000061035156,446588.0,4.275000095367432,4.289999961853027,4.261000156402588,0.0
2026-02-05,4889.5,5045.0,4779.60009765625,234592.0,76.52899932861328,88.44000244140625,71.08000183105469,422.0,90.125,90.51580047607422,90.0708999633789,0.0,63.290000915527344,64.66999816894531,62.650001525878906,389763.0,4.210000038146973,4.25600004196167,4.203999996185303,0.0
2026-02-06,4979.7998046875,4995.60009765625,4670.0,177809.0,76.73500061035156,77.31999969482422,68.70999908447266,118.0,90.3147964477539,90.81999969482422,90.17729949951172,0.0,63.54999923706055,64.58000183105469,62.20000076293945,448924.0,4.205999851226807,4.223999977111816,4.193999767303467,0.0
2026-02-09,5079.39990234375,5111.10009765625,4988.60009765625,124150.0,82.06500244140625,82.06500244140625,79.9800033569336,443.0,90.58799743652344,90.79100036621094,90.3655014038086,0.0,64.36000061035156,64.87999725341797,62.619998931884766,298005.0,4.197999954223633,4.23799991607666,4.196000099182129,0.0
2026-02-10,5031.0,5102.7001953125,5011.0,105658.0,80.21800231933594,81.67500305175781,79.83999633789062,112.0,90.82279968261719,90.77649688720703,90.46440124511719,0.0,63.959999084472656,64.70999908447266,63.650001525878906,276292.0,4.146999835968018,4.176000118255615,4.135000228881836,0.0
2026-02-11,5098.5,5144.5,5036.2998046875,129968.0,83.75399780273438,84.47000122070312,80.98500061035156,11.0,90.58789825439453,90.81169891357422,90.4657974243164,0.0,64.62999725341797,65.83000183105469,64.1500015258789,340194.0,4.171999931335449,4.205999851226807,4.125,0.0
2026-02-12,4948.39990234375,5122.7998046875,4900.0,161618.0,75.5459976196289,82.69499969482422,75.5459976196289,78.0,90.73570251464844,90.73609924316406,90.3646011352539,0.0,62.84000015258789,65.0999984741211,62.38999938964844,369303.0,4.104000091552734,4.169000148773193,4.099999904632568,0.0
2026-02-13,5046.2998046875,5069.10009765625,4907.10009765625,123016.0,77.85099792480469,78.47000122070312,74.83000183105469,63.0,90.56410217285156,90.7500991821289,90.5072021484375,0.0,62.88999938964844,63.2599983215332,62.13999938964844,255793.0,4.056000232696533,4.105999946594238,4.046000003814697,0.0
2026-02-16,5046.2998046875,5069.10009765625,4907.10009765625,123016.0,77.85099792480469,78.47000122070312,74.83000183105469,63.0,90.57119750976562,90.8218994140625,90.52210235595703,0.0,62.88999938964844,63.2599983215332,62.13999938964844,255793.0,4.056000232696533,4.105999946594238,4.046000003814697,0.0
2026-02-17,4905.89990234375,5074.39990234375,4854.2001953125,166706.0,73.4469985961914,75.3499984741211,72.0,61.0,90.78299713134766,90.79910278320312,90.62220001220703,0.0,62.33000183105469,64.13999938964844,61.869998931884766,328727.0,4.052000045776367,4.059999942779541,4.025000095367432,0.0
2026-02-18,5009.5,5031.89990234375,4868.5,98203.0,77.50900268554688,77.50900268554688,75.69999694824219,18.0,90.6261978149414,90.7510986328125,90.58200073242188,0.0,65.19000244140625,65.55999755859375,62.119998931884766,115379.0,4.078999996185303,4.0879998207092285,4.059999942779541,0.0
2026-02-19,4997.39990234375,5042.7998046875,4971.5,87026.0,77.56500244140625,78.94000244140625,76.94000244140625,208.0,90.79350280761719,91.21410369873047,90.73480224609375,0.0,66.43000030517578,66.9000015258789,64.87999725341797,113408.0,4.074999809265137,4.105999946594238,4.065000057220459,0.0
2026-02-20,5080.89990234375,5131.0,4999.2998046875,136737.0,82.28299713134766,84.41500091552734,80.45999908447266,30.0,91.04109954833984,91.0907974243164,90.72989654541016,0.0,66.38999938964844,67.05000305175781,65.94000244140625,351351.0,4.085999965667725,4.104000091552734,4.059999942779541,0.0
2026-02-23,5225.60009765625,5257.2998046875,5120.39990234375,140957.0,86.52300262451172,87.91500091552734,86.49500274658203,41.0,90.72660064697266,90.97039794921875,90.67179870605469,0.0,66.30999755859375,67.27999877929688,65.37999725341797,270365.0,4.0289998054504395,4.074999809265137,4.01800012588501,0.0
2026-02-24,5176.2998046875,5269.39990234375,5109.5,145961.0,87.45700073242188,87.45700073242188,86.29000091552734,268.0,91.02010345458984,91.02310180664062,90.82479858398438,0.0,65.62999725341797,67.1500015258789,65.55000305175781,312124.0,4.0329999923706055,4.046000003814697,4.0269999504089355,0.0
2026-02-25,5226.2001953125,5237.2998046875,5135.89990234375,110992.0,90.93900299072266,90.93900299072266,90.93900299072266,36156.0,90.91799926757812,90.95999908447266,90.85310363769531,0.0,65.41999816894531,66.5999984741211,65.12000274658203,306780.0,4.047999858856201,4.058000087738037,4.034999847412109,0.0
2026-02-26,5194.2001953125,5221.89990234375,5144.7998046875,131633.0,86.99800109863281,90.25499725341797,84.9800033569336,6626.0,90.95099639892578,91.06600189208984,90.80899810791016,0.0,65.20999908447266,66.70999908447266,63.599998474121094,498542.0,4.017000198364258,4.047999858856201,4.013999938964844,0.0
2026-02-27,5247.89990234375,5299.0,5182.89990234375,151664.0,92.68199920654297,93.87999725341797,87.81999969482422,1134.0,91.00740051269531,91.1323013305664,90.89430236816406,0.0,67.0199966430664,67.83000183105469,64.8499984741211,437053.0,3.9619998931884766,3.99399995803833,3.9560000896453857,0.0
2026-03-02,5311.60009765625,5434.10009765625,5272.89990234375,227839.0,88.28399658203125,95.86000061035156,86.22000122070312,1338.0,91.07959747314453,91.77850341796875,91.07579803466797,0.0,71.2300033569336,75.33000183105469,69.19999694824219,881329.0,4.047999858856201,4.066999912261963,3.996000051498413,0.0
2026-03-03,5123.7001953125,5394.2001953125,5005.0,273216.0,82.9229965209961,90.80000305175781,79.0,1600.0,91.56340026855469,92.42130279541016,91.56060028076172,0.0,74.55999755859375,77.9800033569336,70.41000366210938,1009753.0,4.056000232696533,4.117000102996826,4.039999961853027,0.0
2026-03-04,5134.7001953125,5218.2998046875,5092.7998046875,146885.0,82.63300323486328,85.01499938964844,82.63300323486328,502.0,92.00859832763672,92.29630279541016,91.8240966796875,0.0,74.66000366210938,77.2300033569336,73.27999877929688,617822.0,4.079999923706055,4.0879998207092285,4.063000202178955,0.0
2026-03-05,5078.7001953125,5204.2998046875,5058.89990234375,151852.0,81.68699645996094,84.1500015258789,80.95500183105469,597.0,92.12300109863281,92.1708984375,91.32669830322266,0.0,81.01000213623047,82.16000366210938,74.97000122070312,707030.0,4.145999908447266,4.1479997634887695,4.123000144958496,0.0
2026-03-06,5158.7001953125,5185.0,5071.0,160268.0,83.81600189208984,84.33499908447266,81.42500305175781,282.0,91.78690338134766,91.96649932861328,91.55979919433594,0.0,90.9000015258789,92.61000061035156,78.23999786376953,996251.0,4.132999897003174,4.186999797821045,4.105000019073486,0.0
2026-03-09,5103.7001953125,5210.39990234375,5021.2001953125,181749.0,84.03199768066406,86.51000213623047,79.5,497.0,91.93620300292969,92.34880065917969,91.94029998779297,0.0,94.7699966430664,119.4800033569336,81.19000244140625,1107193.0,4.136000156402588,4.177000045776367,4.117000102996826,0.0
2026-03-10,5242.10009765625,5248.7001953125,5127.10009765625,179577.0,89.08300018310547,89.58999633789062,87.0,106.0,91.220703125,92.46659851074219,90.86039733886719,0.0,83.44999694824219,91.4800033569336,76.7300033569336,801564.0,4.136000156402588,4.1539998054504395,4.104000091552734,0.0
2026-03-11,5179.10009765625,5230.89990234375,5155.89990234375,140336.0,85.06500244140625,88.68000030517578,84.5250015258789,1455.0,92.16510009765625,92.20580291748047,89.06490325927734,0.0,87.25,88.98999786376953,81.79000091552734,538020.0,4.208000183105469,4.22599983215332,4.164999961853027,0.0
2026-03-12,5125.7998046875,5197.7998046875,5058.2001953125,153533.0,84.66999816894531,87.16000366210938,84.66999816894531,284.0,92.22879791259766,92.6946029663086,91.9843978881836,0.0,95.7300033569336,97.19000244140625,88.61000061035156,548999.0,4.2729997634887695,4.2729997634887695,4.216000080108643,0.0
2026-03-13,5061.7001953125,5132.39990234375,5014.10009765625,160333.0,80.91400146484375,83.81500244140625,79.44999694824219,856.0,92.38990020751953,92.4990005493164,92.25140380859375,0.0,98.70999908447266,99.31999969482422,92.04000091552734,436700.0,4.284999847412109,4.289999961853027,4.236000061035156,0.0
2026-03-16,5002.2001953125,5044.5,4970.10009765625,170909.0,80.26300048828125,80.90499877929688,79.0,91.0,92.5635986328125,92.82080078125,92.14459991455078,0.0,93.5,102.44000244140625,92.93000030517578,455454.0,4.21999979019165,4.244999885559082,4.2179999351501465,0.0
2026-03-17,5008.2001953125,5049.39990234375,4977.0,119419.0,79.52999877929688,82.23999786376953,78.58000183105469,248.0,92.28269958496094,92.47550201416016,92.26679992675781,0.0,96.20999908447266,98.41999816894531,93.83000183105469,308425.0,4.202000141143799,4.216000080108643,4.189000129699707,0.0
2026-03-18,4896.2001953125,5022.0,4809.2998046875,217316.0,77.23799896240234,77.73500061035156,74.80000305175781,340.0,92.39129638671875,92.91960144042969,92.3239974975586,0.0,96.31999969482422,100.55000305175781,91.95999908447266,157222.0,4.258999824523926,4.258999824523926,4.195000171661377,0.0
2026-03-19,4605.7001953125,4868.7001953125,4505.0,303828.0,70.9020004272461,76.1050033569336,67.0,138.0,93.24659729003906,93.40709686279297,92.80950164794922,0.0,96.13999938964844,101.4800033569336,92.80000305175781,118719.0,4.281000137329102,4.326000213623047,4.256999969482422,0.0
2026-03-20,4574.89990234375,4738.2001953125,4478.39990234375,226870.0,69.36000061035156,71.92500305175781,69.36000061035156,45.0,93.0822982788086,93.81780242919922,92.7781982421875,0.0,98.31999969482422,99.66999816894531,93.41999816894531,461845.0,4.390999794006348,4.394000053405762,4.296000003814697,0.0
2026-03-23,4407.2998046875,4537.10009765625,4100.0,398666.0,69.04900360107422,69.51000213623047,61.09000015258789,271.0,93.89530181884766,94.13150024414062,92.85369873046875,0.0,88.12999725341797,101.66999816894531,84.37000274658203,666790.0,4.334000110626221,4.395999908447266,4.311999797821045,0.0
2026-03-24,4402.0,4485.60009765625,4306.2998046875,209745.0,69.27400207519531,71.18499755859375,68.55000305175781,122.0,93.24369812011719,93.94580078125,93.24369812011719,0.0,92.3499984741211,93.36000061035156,86.33999633789062,420067.0,4.392000198364258,4.426000118255615,4.360000133514404,0.0
2026-03-25,4552.2998046875,4601.0,4458.2001953125,245178.0,72.36100006103516,73.16999816894531,71.2249984741211,211.0,94.29969787597656,94.29969787597656,93.67649841308594,0.0,90.31999969482422,91.7300033569336,86.45999908447266,405170.0,4.328000068664551,4.349999904632568,4.314000129699707,0.0
2026-03-26,4376.2998046875,4541.60009765625,4348.2001953125,247440.0,67.6709976196289,70.1050033569336,67.2300033569336,31.0,94.6937026977539,94.6937026977539,93.80010223388672,0.0,94.4800033569336,95.44000244140625,89.51000213623047,350768.0,4.415999889373779,4.421999931335449,4.354000091552734,0.0
2026-03-27,4492.5,4552.10009765625,4369.10009765625,74348.0,69.54499816894531,69.54499816894531,67.54000091552734,391.0,94.30950164794922,94.9446029663086,94.09410095214844,0.0,99.63999938964844,101.23999786376953,92.08000183105469,374920.0,4.440000057220459,4.484000205993652,4.409999847412109,0.0
2026-03-30,4526.0,4579.10009765625,4413.39990234375,10816.0,70.3239974975586,70.9800033569336,67.81999969482422,482.0,94.78179931640625,95.14540100097656,92.64700317382812,0.0,102.87999725341797,105.36000061035156,99.43000030517578,374075.0,4.3420000076293945,4.380000114440918,4.323999881744385,0.0
2026-03-31,4647.60009765625,4684.10009765625,4508.60009765625,176389.0,74.69000244140625,75.16999816894531,72.55500030517578,98.0,94.35590362548828,94.90390014648438,93.48079681396484,0.0,101.37999725341797,106.86000061035156,99.62000274658203,495395.0,4.310999870300293,4.331999778747559,4.2870001792907715,0.0
2026-04-01,4813.10009765625,4821.0,4690.0,166758.0,75.86699676513672,75.86699676513672,73.9000015258789,81.0,93.48429870605469,93.87799835205078,92.76249694824219,0.0,100.12000274658203,103.30999755859375,96.5,434561.0,4.318999767303467,4.334000110626221,4.293000221252441,0.0
2026-04-02,4679.7001953125,4825.89990234375,4580.39990234375,0.0,72.73500061035156,73.71499633789062,69.83499908447266,0.0,92.6426010131836,93.7323989868164,92.48049926757812,0.0,111.54000091552734,113.97000122070312,97.5,0.0,4.313000202178955,4.361999988555908,4.289000034332275,0.0
2026-04-03,4679.7001953125,4825.89990234375,4580.39990234375,0.0,72.73500061035156,73.71499633789062,69.83499908447266,0.0,92.97360229492188,92.98500061035156,92.51170349121094,0.0,111.54000091552734,113.97000122070312,97.5,0.0,4.313000202178955,4.361999988555908,4.289000034332275,0.0
2026-04-06,4684.7001953125,4733.10009765625,4626.2001953125,89405.0,72.66100311279297,72.66100311279297,71.8499984741211,1.0,92.97100067138672,93.21769714355469,92.49739837646484,0.0,112.41000366210938,115.4800033569336,108.88999938964844,271742.0,4.335000038146973,4.366000175476074,4.316999912261963,0.0
2026-04-07,4684.7001953125,4745.7001953125,4631.89990234375,145711.0,71.82599639892578,71.8949966430664,70.0,91.0,92.81659698486328,93.14399719238281,92.7522964477539,0.0,112.94999694824219,117.62999725341797,109.19999694824219,429331.0,4.3429999351501465,4.380000114440918,4.324999809265137,0.0
2026-04-08,4777.2001953125,4888.0,4720.60009765625,215119.0,75.2239990234375,77.44999694824219,75.2239990234375,34.0,92.86019897460938,92.86029815673828,92.22329711914062,0.0,94.41000366210938,109.19000244140625,91.05000305175781,599576.0,4.290999889373779,4.296999931335449,4.234000205993652,0.0
2026-04-09,4818.0,4826.0,4718.60009765625,133629.0,76.2770004272461,76.2770004272461,73.77999877929688,4.0,92.2748031616211,92.94450378417969,91.96600341796875,0.0,97.87000274658203,102.69999694824219,95.25,427201.0,4.293000221252441,4.321000099182129,4.260000228881836,0.0
2026-04-10,4787.39990234375,4820.0,4752.7001953125,121566.0,76.3239974975586,76.6500015258789,75.30500030517578,175.0,92.46980285644531,93.07350158691406,92.40499877929688,0.0,96.56999969482422,100.41999816894531,95.51000213623047,314855.0,4.316999912261963,4.322999954223633,4.2769999504089355,0.0
2026-04-13,4767.39990234375,4774.39990234375,4626.0,127322.0,75.52300262451172,75.52300262451172,72.79499816894531,13.0,94.50879669189453,94.91320037841797,93.21920013427734,0.0,99.08000183105469,105.62999725341797,97.02999877929688,344337.0,4.296999931335449,4.35099983215332,4.296999931335449,0.0
2026-04-14,4850.10009765625,4870.2998046875,4767.60009765625,129586.0,79.39099884033203,79.58999633789062,76.81500244140625,590.0,94.9468002319336,95.14800262451172,93.0062026977539,0.0,91.27999877929688,98.0,91.05999755859375,315821.0,4.25600004196167,4.304999828338623,4.251999855041504,0.0
2026-04-15,4823.60009765625,4895.39990234375,4807.89990234375,106707.0,79.49099731445312,80.3499984741211,79.30000305175781,473.0,93.16539764404297,93.49500274658203,93.08529663085938,0.0,91.29000091552734,93.30000305175781,86.95999908447266,240397.0,4.2820000648498535,4.293000221252441,4.263999938964844,0.0
2026-04-16,4808.2998046875,4861.2998046875,4792.10009765625,108864.0,78.60600280761719,79.17500305175781,78.60600280761719,504.0,93.38680267333984,93.38729858398438,92.98609924316406,0.0,94.69000244140625,95.44000244140625,90.5199966430664,194354.0,4.309000015258789,4.316999912261963,4.265999794006348,0.0
2026-04-17,4879.60009765625,4917.7001953125,4785.89990234375,135440.0,81.73799896240234,82.83000183105469,81.73799896240234,38.0,93.04789733886719,93.04820251464844,92.35169982910156,0.0,83.8499984741211,94.04000091552734,80.55999755859375,116624.0,4.245999813079834,4.296999931335449,4.22599983215332,0.0
2026-04-20,4828.7998046875,4847.89990234375,4752.0,123214.0,79.95099639892578,79.95099639892578,79.50499725341797,24.0,92.60330200195312,93.23500061035156,92.60330200195312,0.0,89.61000061035156,91.19999694824219,87.0199966430664,115578.0,4.25,4.27400016784668,4.24399995803833,0.0
2026-04-21,4719.60009765625,4854.7998046875,4685.7998046875,177092.0,76.41100311279297,78.94999694824219,76.41100311279297,34.0,93.12359619140625,93.61399841308594,93.0457992553711,0.0,92.12999725341797,94.44999694824219,87.76000213623047,383596.0,4.291999816894531,4.309000015258789,4.26200008392334,0.0
2026-04-22,4753.0,4790.7998046875,4733.10009765625,100063.0,77.89299774169922,77.89299774169922,76.875,9.0,93.622802734375,93.86000061035156,93.48799896240234,0.0,92.95999908447266,93.7300033569336,87.63999938964844,299675.0,4.294000148773193,4.303999900817871,4.263999938964844,0.0
2026-04-23,4724.0,4771.2998046875,4680.10009765625,153536.0,75.46499633789062,76.32499694824219,75.46499633789062,21.0,93.80049896240234,94.1500015258789,93.80049896240234,0.0,95.8499984741211,98.38999938964844,92.30000305175781,365210.0,4.322999954223633,4.35099983215332,4.285999774932861,0.0
2026-04-24,4740.89990234375,4757.10009765625,4672.2001953125,103218.0,76.38300323486328,76.38300323486328,76.38300323486328,31.0,94.11289978027344,94.37580108642578,93.93599700927734,0.0,94.4000015258789,97.8499984741211,92.68000030517578,330280.0,4.309999942779541,4.353000164031982,4.300000190734863,0.0
2026-04-27,4693.7001953125,4745.7998046875,4681.2001953125,85748.0,75.00299835205078,75.33499908447266,74.75499725341797,7.0,94.25029754638672,94.29509735107422,93.99649810791016,0.0,96.37000274658203,97.66999816894531,94.58999633789062,219055.0,4.335999965667725,4.349999904632568,4.309999942779541,0.0
2026-04-28,4608.39990234375,4716.5,4567.60009765625,144757.0,73.20500183105469,73.20500183105469,73.20500183105469,28613.0,94.25849914550781,94.72129821777344,94.13590240478516,0.0,99.93000030517578,101.8499984741211,96.23999786376953,281078.0,4.354000091552734,4.377999782562256,4.35099983215332,0.0
2026-04-29,4561.5,4624.2998046875,4522.2001953125,126415.0,71.56900024414062,73.81500244140625,70.88500213623047,4128.0,94.64550018310547,94.86689758300781,94.57050323486328,0.0,106.87999725341797,108.5999984741211,98.41999816894531,318841.0,4.418000221252441,4.432000160217285,4.361999988555908,0.0
2026-04-30,4629.60009765625,4658.7998046875,4550.7998046875,119642.0,73.53399658203125,73.8499984741211,71.38500213623047,498.0,94.9166030883789,95.39399719238281,94.81490325927734,0.0,105.06999969482422,110.93000030517578,103.33999633789062,341994.0,4.389999866485596,4.409999847412109,4.381999969482422,0.0
2026-05-01,4644.5,4673.0,4570.0,93230.0,75.95099639892578,76.87999725341797,73.11000061035156,598.0,94.75910186767578,95.30699920654297,94.68920135498047,0.0,101.94000244140625,106.6500015258789,99.30000305175781,268707.0,4.377999782562256,4.4039998054504395,4.3420000076293945,0.0
2026-05-04,4533.2998046875,4650.60009765625,4510.10009765625,117006.0,73.0719985961914,75.4000015258789,72.5,591.0,94.90299987792969,95.38980102539062,94.66570281982422,0.0,106.41999816894531,107.45999908447266,99.11000061035156,342843.0,4.446000099182129,4.464000225067139,4.389999866485596,0.0
2026-05-05,4568.5,4597.5,4522.7001953125,88281.0,73.10800170898438,73.94499969482422,72.66999816894531,194.0,95.2593994140625,95.3949966430664,94.97740173339844,0.0,102.2699966430664,105.4800033569336,101.08000183105469,241150.0,4.415999889373779,4.429999828338623,4.406000137329102,0.0
2026-05-06,4694.2998046875,4734.60009765625,4556.10009765625,160439.0,76.81099700927734,77.83499908447266,73.7750015258789,235.0,95.18299865722656,95.18299865722656,94.14810180664062,0.0,95.08000183105469,102.69999694824219,88.66000366210938,423491.0,4.355999946594238,4.372000217437744,4.3480000495910645,0.0
2026-05-07,4710.89990234375,4775.2001953125,4693.2998046875,159525.0,79.70099639892578,82.17500305175781,77.87000274658203,301.0,94.60800170898438,94.89299774169922,93.88870239257812,0.0,94.80999755859375,97.98999786376953,89.8499984741211,392091.0,4.392000198364258,4.395999908447266,4.314000129699707,0.0
2026-05-08,4730.7001953125,4760.39990234375,4671.0,122010.0,80.3949966430664,81.5999984741211,80.05999755859375,14.0,94.25299835205078,94.74040222167969,94.25299835205078,0.0,95.41999816894531,98.63999938964844,93.81999969482422,243423.0,4.363999843597412,4.388000011444092,4.3460001945495605,0.0
2026-05-11,4728.7001953125,4758.39990234375,4655.10009765625,147404.0,85.48500061035156,86.25,85.0,408.0,94.42530059814453,95.31759643554688,94.18180084228516,0.0,98.06999969482422,100.37000274658203,96.12999725341797,256251.0,4.409999847412109,4.409999847412109,4.377999782562256,0.0
2026-05-12,4686.7001953125,4783.39990234375,4645.2001953125,146315.0,85.12999725341797,86.91000366210938,83.75,418.0,95.39140319824219,95.85910034179688,95.26609802246094,0.0,102.18000030517578,102.72000122070312,98.0,231747.0,4.4629998207092285,4.4670000076293945,4.422999858856201,0.0
2026-05-13,4706.7001953125,4734.7998046875,4676.0,120048.0,88.88800048828125,88.88800048828125,86.93000030517578,137.0,95.63300323486328,95.8604965209961,93.60430145263672,0.0,101.0199966430664,103.66999816894531,100.55999755859375,212582.0,4.480999946594238,4.5,4.460999965667725,0.0
2026-05-14,4685.2998046875,4725.7998046875,4649.2998046875,102965.0,84.91200256347656,87.07499694824219,84.9000015258789,91.0,95.69580078125,95.94580078125,95.44049835205078,0.0,101.16999816894531,102.3499984741211,99.38999938964844,173862.0,4.460999965667725,4.460999965667725,4.435999870300293,0.0
2026-05-15,4561.89990234375,4670.10009765625,4513.7998046875,169760.0,77.16100311279297,80.61000061035156,76.00499725341797,53.0,95.70989990234375,96.11499786376953,95.39700317382812,0.0,105.41999816894531,106.0,101.4800033569336,96552.0,4.59499979019165,4.598999977111816,4.546000003814697,0.0
2026-05-18,4558.0,4588.60009765625,4483.5,151971.0,77.072998046875,78.05500030517578,74.74500274658203,211.0,95.97029876708984,96.60189819335938,95.66200256347656,0.0,108.66000366210938,109.47000122070312,102.6500015258789,117910.0,4.623000144958496,4.626999855041504,4.564000129699707,0.0
2026-05-19,4511.2001953125,4593.2001953125,4467.10009765625,140957.0,74.8280029296875,78.46499633789062,73.79000091552734,50.0,96.27020263671875,97.0541000366211,96.1676025390625,0.0,107.7699966430664,109.23999786376953,106.76000213623047,206472.0,4.666999816894531,4.686999797821045,4.61299991607666,0.0
2026-05-20,4535.2998046875,4558.39990234375,4455.0,152270.0,75.85099792480469,76.42500305175781,75.16999816894531,249.0,96.56580352783203,97.04219818115234,96.37519836425781,0.0,98.26000213623047,104.44999694824219,96.94000244140625,320034.0,4.572000026702881,4.658999919891357,4.565999984741211,0.0
2026-05-21,4542.5,4572.39990234375,4488.2998046875,153243.0,76.41400146484375,76.87000274658203,74.95999908447266,4.0,96.5282974243164,96.85150146484375,93.18800354003906,0.0,96.3499984741211,102.66000366210938,95.76000213623047,345482.0,4.585999965667725,4.635000228881836,4.553999900817871,0.0
2026-05-22,4523.2001953125,4547.0,4488.0,108508.0,75.89299774169922,76.04000091552734,75.89299774169922,20.0,96.17389678955078,96.49929809570312,95.44889831542969,0.0,96.5999984741211,99.43000030517578,94.7300033569336,261142.0,4.558000087738037,4.585999965667725,4.5279998779296875,0.0
2026-05-25,4523.2001953125,4547.0,4488.0,108508.0,75.89299774169922,76.04000091552734,75.89299774169922,20.0,95.71949768066406,95.85350036621094,85.86289978027344,0.0,96.5999984741211,99.43000030517578,94.7300033569336,261142.0,4.558000087738037,4.585999965667725,4.5279998779296875,0.0
2026-05-26,4502.2998046875,4583.2998046875,4480.0,254516.0,76.30500030517578,77.50499725341797,76.09500122070312,110.0,95.25279998779297,95.78600311279297,95.19229888916016,0.0,93.88999938964844,94.69999694824219,89.41000366210938,358867.0,4.493000030517578,4.51200008392334,4.479000091552734,0.0
2026-05-27,4448.39990234375,4528.10009765625,4398.5,81062.0,74.5989990234375,74.75,74.31999969482422,863.0,95.90499877929688,96.17780303955078,95.49150085449219,0.0,88.68000030517578,93.69000244140625,87.7699966430664,290948.0,4.480999946594238,4.488999843597412,4.448999881744385,0.0
2026-05-28,4499.2998046875,4512.60009765625,4363.5,153472.0,75.6449966430664,76.0,71.97000122070312,280.0,96.04889678955078,96.66580200195312,95.63899993896484,0.0,88.9000015258789,92.5199966430664,87.11000061035156,235145.0,4.454999923706055,4.510000228881836,4.436999797821045,0.0
2026-05-29,4593.0,4627.10009765625,4519.5,133439.0,75.61599731445312,75.61599731445312,75.11499786376953,23.0,96.04820251464844,96.19529724121094,94.53050231933594,0.0,87.36000061035156,89.0199966430664,86.3499984741211,267803.0,4.453000068664551,4.456999778747559,4.426000118255615,0.0
2026-06-01,4506.2998046875,4577.2998046875,4476.0,116787.0,75.00700378417969,75.6449966430664,74.375,82.0,95.00299835205078,95.25420379638672,94.572998046875,0.0,92.16000366210938,94.77999877929688,88.44999694824219,322039.0,4.474999904632568,4.515999794006348,4.445000171661377,0.0
2026-06-02,4519.89990234375,4571.2998046875,4492.2998046875,100306.0,75.31099700927734,76.0250015258789,75.31099700927734,58.0,95.55139923095703,95.5824966430664,94.93419647216797,0.0,93.76000213623047,94.0,90.12000274658203,238146.0,4.454999923706055,4.4629998207092285,4.427999973297119,0.0
2026-06-03,4466.89990234375,4525.10009765625,4454.0,106691.0,73.47599792480469,73.47599792480469,73.20999908447266,13.0,95.26300048828125,95.98600006103516,95.26300048828125,0.0,96.0199966430664,97.0,93.44999694824219,260613.0,4.491000175476074,4.502999782562256,4.474999904632568,0.0
2026-06-04,4505.0,4543.2001953125,4450.10009765625,109643.0,73.77899932861328,74.19999694824219,73.08999633789062,138.0,96.16449737548828,96.1707992553711,95.59200286865234,0.0,93.04000091552734,95.91000366210938,91.91000366210938,219500.0,4.4770002365112305,4.479000091552734,4.448999881744385,0.0
2026-06-05,4365.2998046875,4508.7001953125,4336.60009765625,179306.0,68.94300079345703,72.7300033569336,68.6500015258789,62.0,95.79029846191406,95.89399719238281,94.86979675292969,0.0,90.54000091552734,93.62999725341797,89.68000030517578,252903.0,4.535999774932861,4.553999900817871,4.465000152587891,0.0
2026-06-08,4363.39990234375,4377.5,4293.0,144089.0,68.42500305175781,68.80999755859375,66.87000274658203,22.0,94.95030212402344,95.90370178222656,94.95030212402344,0.0,91.30000305175781,95.47000122070312,90.38999938964844,278650.0,4.552000045776367,4.558000087738037,4.515999794006348,0.0
2026-06-09,4286.39990234375,4388.60009765625,4259.89990234375,138100.0,65.09400177001953,68.81500244140625,65.0,81.0,95.68830108642578,95.68890380859375,95.17739868164062,0.0,88.19999694824219,91.55000305175781,85.94999694824219,306101.0,4.5279998779296875,4.556000232696533,4.519999980926514,0.0
2026-06-10,4133.2998046875,4281.10009765625,4090.10009765625,206026.0,64.5989990234375,64.5989990234375,63.744998931884766,4.0,95.36029815673828,95.56749725341797,95.07170104980469,0.0,90.02999877929688,91.87000274658203,87.38999938964844,291935.0,4.541999816894531,4.559999942779541,4.513000011444092,0.0
2026-06-11,4114.0,4241.2998046875,4046.199951171875,206270.0,63.8849983215332,63.98500061035156,63.8849983215332,22.0,95.64450073242188,95.87239837646484,95.29560089111328,0.0,87.70999908447266,93.63999938964844,85.73999786376953,317151.0,4.4629998207092285,4.550000190734863,4.456999778747559,0.0
2026-06-12,4238.7998046875,4267.7998046875,4191.10009765625,136146.0,67.85900115966797,68.08000183105469,67.0199966430664,11.0,95.76010131835938,95.76010131835938,94.78720092773438,0.0,84.87999725341797,87.2300033569336,83.19999694824219,233924.0,4.486999988555908,4.506999969482422,4.468999862670898,0.0
2026-06-15,4351.60009765625,4391.5,4283.39990234375,132136.0,70.06600189208984,70.06600189208984,70.06600189208984,0.0,95.11029815673828,95.11039733886719,94.4126968383789,0.0,80.75,82.41999816894531,79.69999694824219,208395.0,4.468999862670898,4.4730000495910645,4.440999984741211,0.0
2026-06-16,4354.39990234375,4376.5,4326.7001953125,89925.0,69.89900207519531,69.89900207519531,69.89900207519531,2.0,94.74169921875,94.74189758300781,94.38200378417969,0.0,76.05000305175781,81.58000183105469,75.5199966430664,205050.0,4.427999973297119,4.459000110626221,4.420000076293945,0.0
2026-06-17,4381.39990234375,4403.60009765625,4237.39990234375,160543.0,70.69599914550781,70.94999694824219,68.76000213623047,22.0,94.88860321044922,94.88860321044922,94.20670318603516,0.0,76.79000091552734,80.02999877929688,74.58999633789062,100474.0,4.4629998207092285,4.479000091552734,4.426000118255615,0.0
2026-06-18,4245.89990234375,4350.2001953125,4220.2998046875,139534.0,66.25499725341797,66.25499725341797,66.25499725341797,0.0,94.85890197753906,94.9302978515625,94.18009948730469,0.0,76.5999984741211,76.98999786376953,73.58000183105469,97813.0,4.451000213623047,4.453000068664551,4.420000076293945,0.0
2026-06-19,4245.89990234375,4350.2001953125,4220.2998046875,139534.0,66.25499725341797,66.25499725341797,66.25499725341797,0.0,94.33989715576172,94.59310150146484,94.11820220947266,0.0,76.5999984741211,76.98999786376953,73.58000183105469,97813.0,4.451000213623047,4.453000068664551,4.420000076293945,0.0
2026-06-22,4202.7001953125,4238.10009765625,4151.39990234375,177657.0,65.5270004272461,65.5270004272461,65.5270004272461,16.0,94.3302993774414,94.777099609375,94.17649841308594,0.0,74.81999969482422,78.95999908447266,74.44999694824219,315903.0,4.508999824523926,4.514999866485596,4.480999946594238,0.0
2026-06-23,4149.39990234375,4216.0,4108.2001953125,118495.0,62.02000045776367,62.02000045776367,61.95000076293945,56.0,94.70059967041016,94.8853988647461,94.3927001953125,0.0,73.20999908447266,74.44999694824219,72.4800033569336,203509.0,4.493000030517578,4.497000217437744,4.4770002365112305,0.0
2026-06-24,4008.800048828125,4132.39990234375,3975.699951171875,189386.0,58.051998138427734,59.51499938964844,57.25,79.0,95.18370056152344,95.18379974365234,94.22750091552734,0.0,70.33999633789062,73.18000030517578,69.62999725341797,251403.0,4.4019999504089355,4.454999923706055,4.3979997634887695,0.0
2026-06-25,4047.60009765625,4060.0,3976.300048828125,147347.0,58.347999572753906,58.3849983215332,58.347999572753906,148.0,94.4406967163086,94.5291976928711,93.91510009765625,0.0,71.91999816894531,72.5,68.9000015258789,228065.0,4.392000198364258,4.414000034332275,4.36299991607666,0.0
2026-06-26,4096.2998046875,4111.5,3998.10009765625,118966.0,59.21699905395508,59.21699905395508,59.189998626708984,25322.0,94.40039825439453,94.7738037109375,94.22480010986328,0.0,69.2300033569336,71.86000061035156,68.55999755859375,249316.0,4.372000217437744,4.409999847412109,4.367000102996826,0.0
2026-06-29,4038.89990234375,4102.89990234375,4012.0,107421.0,58.17499923706055,59.125,57.540000915527344,3617.0,94.36029815673828,94.69999694824219,94.2322006225586,0.0,70.75,71.1500015258789,69.31999969482422,170488.0,4.374000072479248,4.389999866485596,4.367000102996826,0.0
2026-06-30,4038.5,4078.10009765625,3955.39990234375,125413.0,59.47700119018555,60.400001525878906,57.03499984741211,1886.0,94.79049682617188,94.89790344238281,94.46530151367188,0.0,69.5,71.5999984741211,69.22000122070312,194279.0,4.418000221252441,4.421999931335449,4.388000011444092,0.0
2026-07-01,4082.39990234375,4131.0,3973.0,146949.0,60.084999084472656,60.41999816894531,57.32500076293945,367.0,94.91799926757812,95.26390075683594,94.53119659423828,0.0,68.58000183105469,70.19000244140625,67.91999816894531,200004.0,4.474999904632568,4.500999927520752,4.456999778747559,0.0
2026-07-02,4125.7001953125,4157.10009765625,4042.800048828125,0.0,60.643001556396484,61.595001220703125,59.46500015258789,197.0,95.4175033569336,95.47339630126953,94.88480377197266,0.0,68.69000244140625,68.80000305175781,67.04000091552734,183635.0,4.485000133514404,4.505000114440918,4.453000068664551,0.0
2026-07-03,4125.7001953125,4157.10009765625,4042.800048828125,0.0,60.643001556396484,61.595001220703125,59.46500015258789,197.0,95.527099609375,95.60970306396484,95.05760192871094,0.0,68.69000244140625,68.80000305175781,67.04000091552734,183635.0,4.485000133514404,4.505000114440918,4.453000068664551,0.0
2026-07-06,4167.5,4215.5,4140.60009765625,147556.0,61.91999816894531,62.619998931884766,61.6349983215332,69.0,95.21479797363281,95.67440032958984,95.12689971923828,0.0,68.55000305175781,69.20999908447266,67.81999969482422,229909.0,4.479000091552734,4.491000175476074,4.456999778747559,0.0
2026-07-07,4157.39990234375,4192.39990234375,4102.7001953125,110330.0,60.930999755859375,61.369998931884766,60.20500183105469,124.0,95.60350036621094,95.67919921875,94.79869842529297,0.0,70.44000244140625,72.51000213623047,68.58000183105469,264072.0,4.5289998054504395,4.5329999923706055,4.485000133514404,0.0
2026-07-08,4082.39990234375,4144.7001953125,4032.5,170826.0,58.16400146484375,60.904998779296875,57.7599983215332,326.0,95.59339904785156,95.80339813232422,94.99169921875,0.0,73.5199966430664,76.08000183105469,71.75,445251.0,4.568999767303467,4.5970001220703125,4.557000160217285,0.0
2026-07-09,4140.7998046875,4148.39990234375,4063.39990234375,125061.0,60.37799835205078,60.5,58.900001525878906,192.0,95.86180114746094,95.86180114746094,95.29840087890625,0.0,72.08000183105469,75.12999725341797,71.41999816894531,264009.0,4.539000034332275,4.580999851226807,4.5289998054504395,0.0
2026-07-10,4113.7001953125,4144.60009765625,4081.699951171875,98745.0,59.808998107910156,60.345001220703125,59.720001220703125,73.0,95.39019775390625,95.68550109863281,95.14550018310547,0.0,71.41000366210938,73.16000366210938,70.7699966430664,219817.0,4.568999767303467,4.571000099182129,4.539000034332275,0.0
2026-07-13,4005.699951171875,4111.60009765625,3992.89990234375,154814.0,57.63399887084961,59.04499816894531,57.5099983215332,589.0,95.32499694824219,96.10469818115234,94.99040222167969,0.0,78.13999938964844,78.58000183105469,72.61000061035156,327411.0,4.609000205993652,4.618000030517578,4.572999954223633,0.0
2026-07-14,4069.699951171875,4112.5,3990.39990234375,151122.0,58.77199935913086,59.60499954223633,57.51499938964844,131.0,96.29889678955078,96.42289733886719,95.74700164794922,0.0,79.33999633789062,81.2699966430664,77.83999633789062,409973.0,4.585000038146973,4.613999843597412,4.525000095367432,0.0
2026-07-15,4051.800048828125,4089.10009765625,4023.300048828125,113034.0,57.11000061035156,58.69499969482422,56.900001525878906,568.0,96.42530059814453,96.54090118408203,96.04239654541016,0.0,79.5999984741211,80.93000030517578,78.19000244140625,239855.0,4.545000076293945,4.610000133514404,4.539000034332275,0.0
2026-07-16,3992.10009765625,4071.89990234375,3973.39990234375,125063.0,55.89799880981445,56.084999084472656,55.89799880981445,1809.0,96.49859619140625,96.69999694824219,96.10230255126953,0.0,78.94999694824219,80.87000274658203,78.58000183105469,188731.0,4.568999767303467,4.5960001945495605,4.560999870300293,0.0
2026-07-17,4018.800048828125,4028.89990234375,3963.0,112279.0,56.03799819946289,56.03799819946289,55.01499938964844,427.0,96.6521987915039,96.65550231933594,96.20159912109375,0.0,82.48999786376953,82.76000213623047,78.61000061035156,96003.0,4.540999889373779,4.550000190734863,4.511000156402588,0.0
2026-07-20,4015.89990234375,4046.0,3986.5,102847.0,56.801998138427734,57.10499954223633,55.654998779296875,1714.0,96.28479766845703,96.75450134277344,96.21659851074219,0.0,83.2300033569336,85.38999938964844,80.2699966430664,99783.0,4.5980000495910645,4.607999801635742,4.559999942779541,0.0
2026-07-21,4076.39990234375,4092.5,4003.300048828125,119957.0,58.834999084472656,59.025001525878906,56.334999084472656,124.0,96.4896011352539,96.56279754638672,96.0947036743164,0.0,84.91000366210938,85.80000305175781,82.25,298109.0,4.627999782562256,4.639999866485596,4.5980000495910645,0.0
2026-07-22,4151.89990234375,4171.39990234375,4081.0,132783.0,60.01900100708008,60.01900100708008,59.3849983215332,358.0,96.34089660644531,96.81189727783203,96.24030303955078,0.0,86.83000183105469,88.61000061035156,84.44000244140625,358021.0,4.6570000648498535,4.660999774932861,4.631999969482422,0.0
2026-07-23,4050.199951171875,4144.0,4042.5,159889.0,57.79800033569336,58.65999984741211,57.79800033569336,28.0,96.55709838867188,96.86910247802734,96.45980072021484,0.0,92.19000244140625,93.5,87.31999969482422,401934.0,4.703000068664551,4.714000225067139,4.692999839782715,0.0
2026-07-24,4070.800048828125,4085.199951171875,4024.0,120072.0,58.65599822998047,58.65599822998047,58.65599822998047,5.0,96.87689971923828,96.90190124511719,96.21179962158203,0.0,89.30999755859375,92.83000183105469,87.68000030517578,365438.0,4.678999900817871,4.690999984741211,4.651000022888184,0.0
2026-07-27,4077.0,4119.2998046875,4067.10009765625,135087.0,58.47200012207031,58.47200012207031,58.47200012207031,3.0,96.56729888916016,96.56759643554688,95.75779724121094,0.0,82.61000061035156,86.19999694824219,81.62999725341797,352813.0,4.640999794006348,4.664999961853027,4.630000114440918,0.0
2026-07-28,4038.699951171875,4085.699951171875,4011.10009765625,167757.0,57.29600143432617,57.29600143432617,57.29600143432617,2.0,95.77410125732422,96.13390350341797,95.50579833984375,0.0,79.26000213623047,82.43000030517578,77.77999877929688,368026.0,4.604000091552734,4.635000228881836,4.5879998207092285,0.0
2026-07-29,4036.300048828125,4115.2001953125,3993.800048828125,89664.0,57.862998962402344,57.862998962402344,57.862998962402344,382.0,95.59870147705078,95.8572998046875,95.44080352783203,0.0,84.45999908447266,85.56999969482422,79.91999816894531,327417.0,4.622000217437744,4.65500020980835,4.610000133514404,0.0
2026-07-30,4100.10009765625,4118.5,4028.5,149370.0,58.814998626708984,59.25,57.224998474121094,138.0,95.72859954833984,95.77850341796875,95.34600067138672,0.0,83.58999633789062,85.94000244140625,82.97000122070312,235395.0,4.663000106811523,4.685999870300293,4.651000022888184,0.0
2026-07-31,4107.0,4170.7001953125,4076.39990234375,110633.0,57.590999603271484,59.20000076293945,57.34000015258789,65.0,95.68479919433594,95.685302734375,95.07749938964844,0.0,84.66999816894531,86.87000274658203,81.05999755859375,257851.0,4.744999885559082,4.747000217437744,4.682000160217285,0.0
2026-08-03,4090.5,4145.5,4074.0,93289.0,57.66699981689453,57.79999923706055,57.66699981689453,90.0,95.4021987915039,95.40339660644531,95.04199981689453,0.0,80.33999633789062,81.30000305175781,78.43000030517578,294823.0,4.685999870300293,4.702000141143799,4.671000003814697,0.0
2026-08-04,4152.60009765625,4163.7998046875,4098.2001953125,118831.0,60.055999755859375,60.055999755859375,58.099998474121094,9.0,95.33159637451172,95.42620086669922,94.98320007324219,0.0,75.7699966430664,82.33000183105469,75.11000061035156,362270.0,4.626999855041504,4.668000221252441,4.61899995803833,0.0
2026-08-05,4305.2001953125,4328.2001953125,4121.60009765625,211902.0,62.0989990234375,62.45000076293945,62.0989990234375,6.0,95.09719848632812,95.3823013305664,94.8030014038086,0.0,75.22000122070312,76.69999694824219,74.23999786376953,259965.0,4.617000102996826,4.638999938964844,4.60699987411499,0.0
2026-08-06,4299.60009765625,4363.7001953125,4281.2001953125,167624.0,61.43899917602539,61.90999984741211,61.43899917602539,8.0,95.07730102539062,95.32630157470703,94.99479675292969,0.0,77.29000091552734,78.51000213623047,74.56999969482422,246260.0,4.670000076293945,4.676000118255615,4.635000228881836,0.0
2026-08-07,4399.7001953125,4432.2998046875,4288.0,190635.0,63.332000732421875,65.05000305175781,63.332000732421875,461.0,95.31189727783203,95.40350341796875,95.00340270996094,0.0,78.18000030517578,78.7699966430664,76.52999877929688,241222.0,4.659999847412109,4.671999931335449,4.603000164031982,0.0
2026-08-10,4419.7001953125,4453.7998046875,4373.89990234375,118606.0,65.10600280761719,65.10600280761719,63.904998779296875,24.0,95.21029663085938,95.4041976928711,95.01609802246094,0.0,82.12999725341797,82.37999725341797,77.79000091552734,271132.0,4.698999881744385,4.703000068664551,4.6620001792907715,0.0
2026-08-11,4441.10009765625,4495.0,4415.7001953125,138129.0,64.76899719238281,64.86499786376953,64.76899719238281,8.0,95.39669799804688,95.44249725341797,95.28630065917969,0.0,83.19999694824219,84.61000061035156,81.2699966430664,283823.0,4.684000015258789,4.703000068664551,4.668000221252441,0.0
2026-08-12,4467.5,4502.7001953125,4421.39990234375,153093.0,65.55500030517578,66.6500015258789,65.55500030517578,186.0,95.37989807128906,95.46890258789062,95.22270202636719,0.0,83.2699966430664,84.3499984741211,82.4000015258789,250779.0,4.682000160217285,4.688000202178955,4.645999908447266,0.0
2026-08-13,4420.39990234375,4509.10009765625,4400.0,139219.0,64.87300109863281,64.87300109863281,64.77999877929688,3.0,95.34429931640625,95.47029876708984,95.29570007324219,0.0,81.25,83.30000305175781,80.08999633789062,245842.0,4.640999794006348,4.676000118255615,4.61299991607666,0.0
2026-08-14,4437.2998046875,4454.60009765625,4365.5,126955.0,64.98799896240234,64.98799896240234,64.98799896240234,0.0,95.40119934082031,95.64739990234375,95.32589721679688,0.0,82.4000015258789,82.98999786376953,80.70999908447266,192132.0,4.696000099182129,4.699999809265137,4.625,0.0
2026-08-17,4473.7001953125,4486.5,4422.2998046875,121052.0,66.12100219726562,66.12100219726562,65.24500274658203,4.0,95.45030212402344,95.69000244140625,95.06439971923828,0.0,84.5,85.04000091552734,81.5,180066.0,4.723999977111816,4.728000164031982,4.691999912261963,0.0
2026-08-18,4420.60009765625,4493.10009765625,4383.2998046875,131150.0,63.941001892089844,65.25,63.60499954223633,29.0,95.69409942626953,95.83390045166016,95.60289764404297,0.0,84.94000244140625,85.94000244140625,84.56999969482422,90110.0,4.705999851226807,4.745999813079834,4.703999996185303,0.0
2026-08-19,4545.2998046875,4582.7998046875,4378.0,250482.0,65.73400115966797,66.8499984741211,63.119998931884766,41.0,95.81639862060547,95.81639862060547,95.39910125732422,0.0,85.83000183105469,87.19000244140625,84.31999969482422,98764.0,4.6529998779296875,4.684000015258789,4.63700008392334,0.0
2026-08-20,4571.39990234375,4597.10009765625,4506.0,186475.0,68.0260009765625,68.94999694824219,66.8499984741211,22.0,95.49600219726562,95.78359985351562,95.48639678955078,0.0,87.83000183105469,89.0,85.5999984741211,262550.0,4.696000099182129,4.714000225067139,4.673999786376953,0.0
2026-08-21,4680.60009765625,4690.39990234375,4565.5,195566.0,69.46600341796875,69.8499984741211,68.09500122070312,7.0,95.77220153808594,95.77359771728516,95.60669708251953,0.0,87.05999755859375,87.51000213623047,85.80000305175781,228718.0,4.73799991607666,4.74399995803833,4.691999912261963,0.0
2026-08-24,4697.7998046875,4738.5,4651.7998046875,206802.0,68.54100036621094,69.3499984741211,68.54100036621094,10.0,95.70030212402344,95.78949737548828,95.06400299072266,0.0,85.01000213623047,86.56999969482422,84.36000061035156,219422.0,4.703999996185303,4.71999979019165,4.679999828338623,0.0
2026-08-25,4694.5,4755.0,4659.5,176784.0,68.63600158691406,69.50499725341797,68.12000274658203,4.0,95.72309875488281,95.78350067138672,95.20459747314453,0.0,82.36000061035156,85.83999633789062,80.2300033569336,282408.0,4.638999938964844,4.671999931335449,4.63700008392334,0.0
2026-08-26,4653.2998046875,4730.89990234375,4638.2001953125,151459.0,67.98999786376953,69.30999755859375,67.98999786376953,104.0,93.54609680175781,95.4124984741211,93.54609680175781,0.0,82.2300033569336,83.30999755859375,79.62000274658203,255920.0,4.664000034332275,4.670000076293945,4.620999813079834,0.0
2026-08-27,4664.0,4697.7001953125,4616.0,140302.0,69.42900085449219,69.42900085449219,69.42900085449219,23252.0,95.4302978515625,95.57230377197266,95.18949890136719,0.0,83.52999877929688,84.2699966430664,80.6500015258789,220113.0,4.671999931335449,4.679999828338623,4.64900016784668,0.0
2026-08-28,4529.89990234375,4688.0,4495.0,274603.0,66.99500274658203,71.16000366210938,66.2300033569336,4329.0,95.47039794921875,95.61530303955078,95.31919860839844,0.0,83.4000015258789,83.77999877929688,82.25,167615.0,4.71999979019165,4.730000019073486,4.6539998054504395,0.0
2026-08-31,4481.5,4521.5,4445.60009765625,152216.0,66.22100067138672,67.18499755859375,65.8499984741211,423.0,95.38030242919922,95.8678970336914,95.0718994140625,0.0,85.76000213623047,86.79000091552734,84.11000061035156,235761.0,4.757999897003174,4.76800012588501,4.72599983215332,0.0
2026-09-01,4396.39990234375,4510.5,4369.7001953125,198560.0,64.61799621582031,66.71499633789062,63.869998931884766,1138.0,95.1144027709961,95.2197036743164,94.72869873046875,0.0,90.22000122070312,90.97000122070312,86.12999725341797,331106.0,4.796000003814697,4.800000190734863,4.751999855041504,0.0
2026-09-02,4414.60009765625,4444.39990234375,4329.2001953125,187568.0,64.7229995727539,65.05000305175781,63.36000061035156,71.0,94.9552001953125,95.07140350341797,94.25659942626953,0.0,91.01000213623047,92.29000091552734,88.97000122070312,283450.0,4.796000003814697,4.806000232696533,4.76800012588501,0.0
2026-09-03,4539.89990234375,4558.5,4426.7001953125,209167.0,66.9729995727539,67.30000305175781,65.44000244140625,57.0,94.48770141601562,94.61869812011719,94.23179626464844,0.0,91.30000305175781,93.13999938964844,89.56999969482422,324521.0,4.76200008392334,4.76800012588501,4.73199987411499,0.0
2026-09-04,4476.60009765625,4537.7998046875,4412.0,189656.0,66.0469970703125,66.54000091552734,65.46499633789062,94.0,94.49490356445312,94.63500213623047,94.33509826660156,0.0,91.4800033569336,92.16999816894531,88.72000122070312,273129.0,4.783999919891357,4.811999797821045,4.748000144958496,0.0
2026-09-07,4476.60009765625,4537.7998046875,4412.0,189656.0,66.0469970703125,66.54000091552734,65.46499633789062,94.0,94.4302978515625,94.60310363769531,94.36380004882812,0.0,91.4800033569336,92.16999816894531,88.72000122070312,273129.0,4.783999919891357,4.811999797821045,4.748000144958496,0.0
2026-09-08,4439.0,4488.7998046875,4381.0,217162.0,66.2969970703125,66.2969970703125,65.59500122070312,95.0,94.49189758300781,94.88059997558594,94.42630004882812,0.0,93.02999877929688,94.7300033569336,90.87000274658203,435231.0,4.806000232696533,4.811999797821045,4.760000228881836,0.0
2026-09-09,4460.7001953125,4479.0,4384.10009765625,164390.0,67.94200134277344,68.1050033569336,66.30000305175781,138.0,94.822998046875,95.22000122070312,94.79319763183594,0.0,96.05000305175781,96.93000030517578,93.76000213623047,325209.0,4.836999893188477,4.85699987411499,4.794000148773193,0.0
2026-09-10,4407.2998046875,4479.89990234375,4354.7001953125,201300.0,64.28399658203125,64.41000366210938,64.1449966430664,275.0,95.11180114746094,95.658203125,95.07330322265625,0.0,102.4800033569336,104.04000091552734,95.37000274658203,437382.0,4.943999767303467,4.952000141143799,4.879000186920166,0.0
2026-09-11,4408.89990234375,4444.89990234375,4333.0,187975.0,64.55400085449219,64.55400085449219,63.099998474121094,526.0,95.69450378417969,95.80979919433594,95.48570251464844,0.0,100.05000305175781,104.45999908447266,98.4800033569336,399142.0,4.974999904632568,4.985000133514404,4.9039998054504395,0.0
2026-09-14,4351.89990234375,4396.7998046875,4293.0,164499.0,63.51300048828125,63.70000076293945,63.02000045776367,365.0,95.03279876708984,95.94120025634766,94.48760223388672,0.0,101.38999938964844,104.94999694824219,100.52999877929688,413090.0,4.960999965667725,5.01200008392334,4.934000015258789,0.0
2026-09-15,4332.7998046875,4358.2001953125,4301.60009765625,146019.0,63.236000061035156,63.63999938964844,63.029998779296875,164.0,95.83540344238281,95.95269775390625,95.57530212402344,0.0,105.83000183105469,106.75,101.20999908447266,371490.0,4.995999813079834,5.015999794006348,4.986999988555908,0.0
2026-09-16,4387.5,4413.10009765625,4273.2998046875,249081.0,64.28800201416016,64.53500366210938,63.70000076293945,13.0,95.9926986694336,95.99310302734375,95.82689666748047,0.0,102.43000030517578,105.62999725341797,100.97000122070312,301167.0,5.00600004196167,5.00600004196167,4.939000129699707,0.0
2026-09-17,4399.7001953125,4423.2998046875,4294.5,169188.0,65.47000122070312,65.47000122070312,65.47000122070312,157.0,96.1323013305664,96.13259887695312,95.65779876708984,0.0,101.91000366210938,102.47000122070312,99.0999984741211,265972.0,4.947000026702881,4.9629998207092285,4.940999984741211,0.0
2026-09-18,4424.89990234375,4439.7998046875,4372.2001953125,142919.0,66.55599975585938,66.94000244140625,66.55599975585938,97.0,95.79920196533203,96.03179931640625,95.66290283203125,0.0,100.30000305175781,103.4800033569336,99.19000244140625,112698.0,4.998000144958496,5.007999897003174,4.9710001945495605,0.0
2026-09-21,4383.89990234375,4422.10009765625,4360.2998046875,138203.0,65.82499694824219,66.66500091552734,65.82499694824219,88.0,96.01309967041016,96.06590270996094,95.7228012084961,0.0,95.77999877929688,101.08000183105469,94.22000122070312,76449.0,4.9629998207092285,4.97599983215332,4.951000213623047,0.0
2026-09-22,4376.39990234375,4414.10009765625,4327.60009765625,178132.0,65.93199920654297,65.93199920654297,65.38999938964844,99.0,95.71199798583984,95.83499908447266,95.46730041503906,0.0,94.58999633789062,97.41999816894531,92.4000015258789,422683.0,4.9679999351501465,4.98199987411499,4.926000118255615,0.0
2026-09-23,4318.39990234375,4407.5,4310.7001953125,143873.0,64.38200378417969,66.22000122070312,64.38200378417969,216.0,95.6897964477539,95.83889770507812,95.19740295410156,0.0,92.16000366210938,93.05999755859375,88.70999908447266,370714.0,5.113999843597412,5.135000228881836,4.984000205993652,0.0
2026-09-24,4298.0,4338.0,4278.2998046875,164814.0,63.457000732421875,63.6349983215332,63.0,51.0,95.74120330810547,96.0604019165039,95.25769805908203,0.0,94.61000061035156,96.77999877929688,91.2300033569336,410015.0,5.1620001792907715,5.181000232696533,5.086999893188477,0.0
2026-09-25,4321.2001953125,4351.60009765625,4289.2001953125,137070.0,64.8010025024414,65.50499725341797,63.78499984741211,36179.0,96.16130065917969,96.1676025390625,95.70140075683594,0.0,92.41000366210938,94.75,91.51000213623047,323945.0,5.184000015258789,5.230000019073486,5.1620001792907715,0.0
2026-09-27,4321.2001953125,4351.60009765625,4289.2001953125,137070.0,64.8010025024414,65.50499725341797,63.78499984741211,36179.0,95.81999969482422,95.81999969482422,95.81999969482422,0.0,92.41000366210938,94.75,91.51000213623047,323945.0,5.184000015258789,5.230000019073486,5.1620001792907715,0.0
